CaseId,ActivityName,ActivityTime,VendorID
AP388389,Invoice Received,2024-01-01T00:54:49.608355,V350
AP388389,Invoice Scanned,2024-01-01T01:40:51.784455,V350
AP388389,Invoice Validation,2024-01-01T02:38:52.215067,V350
AP388389,Three-Way Match,2024-01-01T04:30:00.953647,V350
AP388389,Quantity Variance Check,2024-01-01T06:21:23.217519,V350
AP388389,Tax Calculation,2024-01-01T07:43:55.998434,V350
AP388389,Approval Requested,2024-01-01T08:27:23.015386,V350
AP388389,Manager Approval,2024-01-02T06:00:28.492623,V350
AP388389,Finance Approval,2024-01-02T15:24:39.362239,V350
AP388389,Vendor Master Data Review,2024-01-02T17:16:43.775525,V350
AP388389,Payment Terms Verification,2024-01-02T19:08:35.833159,V350
AP388389,GL Account Assignment,2024-01-02T20:58:12.282372,V350
AP388389,Cost Center Assignment,2024-01-02T22:26:52.393254,V350
AP388389,Payment Block Release,2024-01-02T22:50:00.060296,V350
AP388389,Payment Scheduled,2024-01-03T01:41:16.716443,V350
AP388389,Payment Executed,2024-01-03T17:29:52.816243,V350
AP388389,Payment Confirmed,2024-01-03T18:14:10.927506,V350
AP388389,Invoice Posted,2024-01-03T19:46:21.649738,V350
AP388389,Document Archived,2024-01-03T20:27:44.060947,V350
AP684004,Invoice Received,2024-01-01T21:59:42.419566,V324
AP684004,Invoice Scanned,2024-01-01T22:26:51.617187,V324
AP684004,Invoice Validation,2024-01-02T00:33:09.905860,V324
AP684004,Approval Requested,2024-01-02T01:39:41.682878,V324
AP684004,Manager Approval,2024-01-02T18:08:00.999897,V324
AP684004,Vendor Master Data Review,2024-01-02T19:11:52.906929,V324
AP684004,Payment Terms Verification,2024-01-02T20:25:05.485447,V324
AP684004,GL Account Assignment,2024-01-02T21:42:22.025396,V324
AP684004,Cost Center Assignment,2024-01-02T23:06:06.818120,V324
AP684004,Payment Block Release,2024-01-02T23:33:46.091810,V324
AP684004,Payment Scheduled,2024-01-03T04:30:05.962386,V324
AP684004,Payment Executed,2024-01-04T12:26:49.218597,V324
AP684004,Payment Confirmed,2024-01-04T14:20:57.617691,V324
AP684004,Invoice Posted,2024-01-04T16:23:19.844761,V324
AP684004,Document Archived,2024-01-04T17:12:12.696006,V324
AP854639,Invoice Received,2024-01-02T19:52:30.534937,V369
AP854639,Invoice Scanned,2024-01-02T20:11:12.670464,V369
AP854639,Invoice Validation,2024-01-02T22:11:02.655219,V369
AP854639,Three-Way Match,2024-01-03T00:59:51.594593,V369
AP854639,Tax Calculation,2024-01-03T02:45:16.259703,V369
AP854639,Approval Requested,2024-01-03T03:02:18.805199,V369
AP854639,Manager Approval,2024-01-03T18:57:37.056857,V369
AP854639,Finance Approval,2024-01-04T16:38:07.281928,V369
AP854639,Vendor Master Data Review,2024-01-04T18:29:01.139213,V369
AP854639,Payment Terms Verification,2024-01-04T19:08:34.909463,V369
AP854639,GL Account Assignment,2024-01-04T19:49:24.242572,V369
AP854639,Cost Center Assignment,2024-01-04T21:52:33.075581,V369
AP854639,Payment Block Release,2024-01-04T22:37:31.242613,V369
AP854639,Payment Scheduled,2024-01-05T03:46:39.613551,V369
AP854639,Payment Executed,2024-01-05T14:19:18.918419,V369
AP854639,Payment Confirmed,2024-01-05T14:48:38.290953,V369
AP854639,Invoice Posted,2024-01-05T15:18:30.824771,V369
AP854639,Document Archived,2024-01-05T15:31:42.086768,V369
AP608993,Invoice Received,2024-01-03T12:49:18.435562,V319
AP608993,Invoice Scanned,2024-01-03T13:26:01.751002,V319
AP608993,Invoice Validation,2024-01-03T15:17:40.450038,V319
AP608993,Three-Way Match,2024-01-03T18:35:24.891168,V319
AP608993,Tax Calculation,2024-01-03T19:12:25.859321,V319
AP608993,Approval Requested,2024-01-03T19:31:46.609680,V319
AP608993,Manager Approval,2024-01-03T23:23:24.891392,V319
AP608993,Vendor Master Data Review,2024-01-04T00:00:38.149334,V319
AP608993,Payment Terms Verification,2024-01-04T01:30:52.599511,V319
AP608993,GL Account Assignment,2024-01-04T03:00:41.893091,V319
AP608993,Cost Center Assignment,2024-01-04T04:04:05.090946,V319
AP608993,Payment Block Release,2024-01-04T04:47:50.266676,V319
AP608993,Payment Scheduled,2024-01-04T10:23:54.359557,V319
AP608993,Payment Executed,2024-01-04T16:14:20.092561,V319
AP608993,Payment Confirmed,2024-01-04T18:20:39.206700,V319
AP608993,Invoice Posted,2024-01-04T20:01:53.591627,V319
AP608993,Document Archived,2024-01-04T20:46:26.318322,V319
AP871476,Invoice Received,2024-01-03T22:53:35.582728,V655
AP871476,Invoice Scanned,2024-01-03T23:27:38.993967,V655
AP871476,Invoice Validation,2024-01-04T00:24:00.990858,V655
AP871476,Approval Requested,2024-01-04T00:35:58.991898,V655
AP871476,Manager Approval,2024-01-04T10:50:38.628468,V655
AP871476,Vendor Master Data Review,2024-01-04T11:44:14.020380,V655
AP871476,Payment Terms Verification,2024-01-04T12:57:25.537085,V655
AP871476,GL Account Assignment,2024-01-04T13:43:06.286106,V655
AP871476,Cost Center Assignment,2024-01-04T14:19:51.706511,V655
AP871476,Payment Block Release,2024-01-04T14:53:12.349140,V655
AP871476,Payment Scheduled,2024-01-04T16:36:40.272415,V655
AP871476,Payment Executed,2024-01-04T21:28:59.305095,V655
AP871476,Payment Confirmed,2024-01-04T22:00:29.986962,V655
AP871476,Invoice Posted,2024-01-04T22:38:30.686510,V655
AP871476,Document Archived,2024-01-04T23:07:34.475578,V655
AP800305,Invoice Received,2024-01-05T23:35:36.124824,V936
AP800305,Invoice Scanned,2024-01-06T00:34:51.455311,V936
AP800305,Invoice Validation,2024-01-06T03:55:11.715998,V936
AP800305,Three-Way Match,2024-01-06T07:06:59.644491,V936
AP800305,Quantity Variance Check,2024-01-06T10:22:14.102169,V936
AP800305,Tax Calculation,2024-01-06T12:12:13.466875,V936
AP800305,Approval Requested,2024-01-06T13:03:33.568604,V936
AP800305,Manager Approval,2024-01-06T20:02:11.001368,V936
AP800305,Finance Approval,2024-01-08T02:28:45.786535,V936
AP800305,Vendor Master Data Review,2024-01-08T03:25:24.307873,V936
AP800305,Payment Terms Verification,2024-01-08T04:07:50.053025,V936
AP800305,GL Account Assignment,2024-01-08T05:40:49.195760,V936
AP800305,Cost Center Assignment,2024-01-08T07:09:15.670329,V936
AP800305,Payment Block Release,2024-01-08T07:28:16.151525,V936
AP800305,Payment Scheduled,2024-01-08T14:15:05.600946,V936
AP800305,Payment Executed,2024-01-09T20:56:00.068941,V936
AP800305,Payment Confirmed,2024-01-09T22:57:39.839779,V936
AP800305,Invoice Posted,2024-01-10T00:44:14.511341,V936
AP800305,Document Archived,2024-01-10T01:16:37.691076,V936
AP870763,Invoice Received,2024-01-07T12:37:28.415838,V930
AP870763,Invoice Scanned,2024-01-07T13:06:22.268684,V930
AP870763,Invoice Validation,2024-01-07T15:09:32.868983,V930
AP870763,Three-Way Match,2024-01-07T21:49:56.994839,V930
AP870763,Price Variance Check,2024-01-08T00:16:51.321628,V930
AP870763,Tax Calculation,2024-01-08T01:01:05.239118,V930
AP870763,Approval Requested,2024-01-08T01:45:47.902837,V930
AP870763,Manager Approval,2024-01-08T10:02:49.670255,V930
AP870763,Vendor Master Data Review,2024-01-08T11:03:35.133392,V930
AP870763,Payment Terms Verification,2024-01-08T11:41:47.643818,V930
AP870763,GL Account Assignment,2024-01-08T13:29:49.799731,V930
AP870763,Cost Center Assignment,2024-01-08T14:21:22.917103,V930
AP870763,Payment Block Release,2024-01-08T14:39:36.052120,V930
AP870763,Payment Scheduled,2024-01-08T22:44:42.988675,V930
AP870763,Payment Executed,2024-01-09T16:51:42.754518,V930
AP870763,Payment Confirmed,2024-01-09T19:20:00.958225,V930
AP870763,Invoice Posted,2024-01-09T20:43:52.514262,V930
AP870763,Document Archived,2024-01-09T21:28:15.304244,V930
AP301158,Invoice Received,2024-01-08T06:29:41.382048,V530
AP301158,Invoice Scanned,2024-01-08T06:53:09.122067,V530
AP301158,Invoice Validation,2024-01-08T10:06:44.551653,V530
AP301158,Three-Way Match,2024-01-08T15:28:29.411250,V530
AP301158,Price Variance Check,2024-01-08T17:29:26.631996,V530
AP301158,Tax Calculation,2024-01-08T19:29:32.249662,V530
AP301158,Approval Requested,2024-01-08T20:10:19.461092,V530
AP301158,Manager Approval,2024-01-09T09:15:16.867973,V530
AP301158,Vendor Master Data Review,2024-01-09T10:02:32.483148,V530
AP301158,Payment Terms Verification,2024-01-09T10:37:57.035255,V530
AP301158,GL Account Assignment,2024-01-09T12:12:05.727411,V530
AP301158,Cost Center Assignment,2024-01-09T14:05:10.188086,V530
AP301158,Payment Block Release,2024-01-09T14:36:09.191347,V530
AP301158,Payment Scheduled,2024-01-09T21:41:25.510433,V530
AP301158,Payment Executed,2024-01-10T21:49:02.816354,V530
AP301158,Payment Confirmed,2024-01-10T23:39:26.340772,V530
AP301158,Invoice Posted,2024-01-11T01:12:59.542913,V530
AP301158,Document Archived,2024-01-11T01:33:41.738469,V530
AP891937,Invoice Received,2024-01-09T09:13:58.337580,V553
AP891937,Invoice Scanned,2024-01-09T10:07:21.050084,V553
AP891937,Invoice Validation,2024-01-09T13:19:14.699359,V553
AP891937,Three-Way Match,2024-01-09T16:28:27.460291,V553
AP891937,Tax Calculation,2024-01-09T17:49:16.457858,V553
AP891937,Approval Requested,2024-01-09T18:06:10.594346,V553
AP891937,Manager Approval,2024-01-10T03:16:53.908301,V553
AP891937,Finance Approval,2024-01-10T18:33:24.771329,V553
AP891937,Vendor Master Data Review,2024-01-10T19:07:52.259531,V553
AP891937,Payment Terms Verification,2024-01-10T20:07:23.077228,V553
AP891937,GL Account Assignment,2024-01-10T22:02:34.071294,V553
AP891937,Cost Center Assignment,2024-01-11T00:01:03.146066,V553
AP891937,Payment Block Release,2024-01-11T00:15:24.754695,V553
AP891937,Payment Scheduled,2024-01-11T08:40:08.610030,V553
AP891937,Payment Executed,2024-01-12T03:58:08.617482,V553
AP891937,Payment Confirmed,2024-01-12T04:42:23.852694,V553
AP891937,Invoice Posted,2024-01-12T05:12:52.326363,V553
AP891937,Document Archived,2024-01-12T05:41:37.135234,V553
AP128276,Invoice Received,2024-01-10T08:42:12.070305,V503
AP128276,Invoice Scanned,2024-01-10T09:16:48.110967,V503
AP128276,Invoice Validation,2024-01-10T10:44:19.107893,V503
AP128276,Three-Way Match,2024-01-10T14:08:03.533190,V503
AP128276,Price Variance Check,2024-01-10T16:36:29.883282,V503
AP128276,Tax Calculation,2024-01-10T17:46:29.180677,V503
AP128276,Approval Requested,2024-01-10T18:31:46.078007,V503
AP128276,Manager Approval,2024-01-11T11:05:26.482835,V503
AP128276,Finance Approval,2024-01-12T01:57:44.474570,V503
AP128276,Vendor Master Data Review,2024-01-12T02:42:33.300314,V503
AP128276,Payment Terms Verification,2024-01-12T04:22:35.896057,V503
AP128276,GL Account Assignment,2024-01-12T05:20:34.231062,V503
AP128276,Cost Center Assignment,2024-01-12T06:53:07.185432,V503
AP128276,Payment Block Release,2024-01-12T07:19:26.401331,V503
AP128276,Payment Scheduled,2024-01-12T12:54:27.543764,V503
AP128276,Payment Executed,2024-01-13T06:34:23.973035,V503
AP128276,Payment Confirmed,2024-01-13T07:57:05.942121,V503
AP128276,Invoice Posted,2024-01-13T08:51:05.435763,V503
AP128276,Document Archived,2024-01-13T09:37:00.052492,V503
AP172306,Invoice Received,2024-01-10T12:58:41.253675,V618
AP172306,Invoice Scanned,2024-01-10T13:38:22.114719,V618
AP172306,Invoice Validation,2024-01-10T17:36:59.678120,V618
AP172306,Three-Way Match,2024-01-10T20:37:02.850730,V618
AP172306,Quantity Variance Check,2024-01-10T23:29:04.313253,V618
AP172306,Tax Calculation,2024-01-11T00:58:23.432178,V618
AP172306,Approval Requested,2024-01-11T01:27:32.443525,V618
AP172306,Manager Approval,2024-01-11T10:13:58.604265,V618
AP172306,Vendor Master Data Review,2024-01-11T11:49:24.437348,V618
AP172306,Payment Terms Verification,2024-01-11T13:05:36.513196,V618
AP172306,GL Account Assignment,2024-01-11T14:07:09.064189,V618
AP172306,Cost Center Assignment,2024-01-11T15:53:09.678438,V618
AP172306,Payment Block Release,2024-01-11T16:30:02.104618,V618
AP172306,Payment Scheduled,2024-01-11T21:29:26.763859,V618
AP172306,Payment Executed,2024-01-12T13:37:30.712303,V618
AP172306,Payment Confirmed,2024-01-12T14:09:21.741679,V618
AP172306,Invoice Posted,2024-01-12T15:10:11.614842,V618
AP172306,Document Archived,2024-01-12T15:51:20.823891,V618
AP575786,Invoice Received,2024-01-12T12:22:40.947988,V377
AP575786,Invoice Scanned,2024-01-12T12:54:43.136490,V377
AP575786,Invoice Validation,2024-01-12T15:36:13.049265,V377
AP575786,Approval Requested,2024-01-12T16:04:38.601950,V377
AP575786,Manager Approval,2024-01-13T10:06:52.992079,V377
AP575786,Vendor Master Data Review,2024-01-13T11:00:23.536209,V377
AP575786,Payment Terms Verification,2024-01-13T12:20:06.901642,V377
AP575786,GL Account Assignment,2024-01-13T12:52:07.199178,V377
AP575786,Cost Center Assignment,2024-01-13T14:28:22.002351,V377
AP575786,Payment Block Release,2024-01-13T14:42:34.624320,V377
AP575786,Payment Scheduled,2024-01-13T19:30:24.790742,V377
AP575786,Payment Executed,2024-01-14T13:27:48.546898,V377
AP575786,Payment Confirmed,2024-01-14T14:44:21.243316,V377
AP575786,Invoice Posted,2024-01-14T15:33:26.562145,V377
AP575786,Document Archived,2024-01-14T15:50:22.734073,V377
AP748458,Invoice Received,2024-01-13T16:57:13.122899,V331
AP748458,Invoice Scanned,2024-01-13T17:26:36.274492,V331
AP748458,Invoice Validation,2024-01-13T19:40:23.919253,V331
AP748458,Approval Requested,2024-01-13T20:01:54.593392,V331
AP748458,Manager Approval,2024-01-14T02:32:37.066629,V331
AP748458,Finance Approval,2024-01-15T02:56:41.759342,V331
AP748458,Vendor Master Data Review,2024-01-15T04:27:37.898888,V331
AP748458,Payment Terms Verification,2024-01-15T05:18:42.006738,V331
AP748458,GL Account Assignment,2024-01-15T05:51:13.456951,V331
AP748458,Cost Center Assignment,2024-01-15T07:36:04.302228,V331
AP748458,Payment Block Release,2024-01-15T07:56:17.432553,V331
AP748458,Payment Scheduled,2024-01-15T10:33:38.931215,V331
AP748458,Payment Executed,2024-01-15T16:21:41.022269,V331
AP748458,Payment Confirmed,2024-01-15T18:23:25.052448,V331
AP748458,Invoice Posted,2024-01-15T19:29:56.631492,V331
AP748458,Document Archived,2024-01-15T19:57:37.845190,V331
AP870214,Invoice Received,2024-01-14T14:59:03.860462,V430
AP870214,Invoice Scanned,2024-01-14T15:56:08.089269,V430
AP870214,Invoice Validation,2024-01-14T17:13:40.026447,V430
AP870214,Approval Requested,2024-01-14T18:03:25.790692,V430
AP870214,Manager Approval,2024-01-15T08:28:30.130605,V430
AP870214,Finance Approval,2024-01-17T11:46:36.766823,V430
AP870214,Vendor Master Data Review,2024-01-17T13:54:00.152835,V430
AP870214,Payment Terms Verification,2024-01-17T14:48:32.457168,V430
AP870214,GL Account Assignment,2024-01-17T16:02:09.608857,V430
AP870214,Cost Center Assignment,2024-01-17T17:22:22.469975,V430
AP870214,Payment Block Release,2024-01-17T17:41:10.054702,V430
AP870214,Payment Scheduled,2024-01-18T02:03:01.111490,V430
AP870214,Payment Executed,2024-01-18T07:07:46.057700,V430
AP870214,Payment Confirmed,2024-01-18T07:46:25.008755,V430
AP870214,Invoice Posted,2024-01-18T09:06:51.506391,V430
AP870214,Document Archived,2024-01-18T09:32:11.478877,V430
AP130271,Invoice Received,2024-01-15T06:47:05.093349,V745
AP130271,Invoice Scanned,2024-01-15T07:35:49.685961,V745
AP130271,Invoice Validation,2024-01-15T13:09:26.935220,V745
AP130271,Three-Way Match,2024-01-15T16:30:54.312771,V745
AP130271,Quantity Variance Check,2024-01-15T19:26:43.068614,V745
AP130271,Tax Calculation,2024-01-15T21:57:06.070576,V745
AP130271,Approval Requested,2024-01-15T22:42:38.707828,V745
AP130271,Manager Approval,2024-01-16T16:55:41.944665,V745
AP130271,Vendor Master Data Review,2024-01-16T18:09:10.247251,V745
AP130271,Payment Terms Verification,2024-01-16T20:26:29.599532,V745
AP130271,GL Account Assignment,2024-01-16T21:27:40.665935,V745
AP130271,Cost Center Assignment,2024-01-16T23:50:57.779567,V745
AP130271,Payment Block Release,2024-01-17T00:35:07.770626,V745
AP130271,Payment Scheduled,2024-01-17T06:47:07.547793,V745
AP130271,Payment Executed,2024-01-17T16:50:59.877403,V745
AP130271,Payment Confirmed,2024-01-17T17:58:58.245413,V745
AP130271,Invoice Posted,2024-01-17T20:04:57.398087,V745
AP130271,Document Archived,2024-01-17T20:46:20.909845,V745
AP138817,Invoice Received,2024-01-16T22:39:00.381494,V229
AP138817,Invoice Scanned,2024-01-16T23:42:39.340466,V229
AP138817,Invoice Validation,2024-01-17T02:48:32.417307,V229
AP138817,Three-Way Match,2024-01-17T07:35:08.202230,V229
AP138817,Quantity Variance Check,2024-01-17T10:53:02.405327,V229
AP138817,Tax Calculation,2024-01-17T12:54:09.777277,V229
AP138817,Approval Requested,2024-01-17T13:55:28.575583,V229
AP138817,Manager Approval,2024-01-18T13:30:59.546134,V229
AP138817,Vendor Master Data Review,2024-01-18T14:03:59.129176,V229
AP138817,Payment Terms Verification,2024-01-18T16:46:23.905400,V229
AP138817,GL Account Assignment,2024-01-18T17:55:57.402522,V229
AP138817,Cost Center Assignment,2024-01-18T20:03:15.670569,V229
AP138817,Payment Block Release,2024-01-18T20:57:55.061791,V229
AP138817,Payment Scheduled,2024-01-19T01:15:05.917365,V229
AP138817,Payment Executed,2024-01-19T19:15:44.630567,V229
AP138817,Payment Confirmed,2024-01-19T20:00:56.847726,V229
AP138817,Invoice Posted,2024-01-19T21:33:12.345528,V229
AP138817,Document Archived,2024-01-19T21:58:32.057768,V229
AP943718,Invoice Received,2024-01-17T12:39:35.249817,V576
AP943718,Invoice Scanned,2024-01-17T13:05:45.968470,V576
AP943718,Invoice Validation,2024-01-17T15:21:32.063861,V576
AP943718,Three-Way Match,2024-01-17T19:08:45.362984,V576
AP943718,Price Variance Check,2024-01-17T20:33:13.330504,V576
AP943718,Tax Calculation,2024-01-17T21:51:29.687357,V576
AP943718,Approval Requested,2024-01-17T22:41:41.312970,V576
AP943718,Manager Approval,2024-01-18T11:06:51.561990,V576
AP943718,Vendor Master Data Review,2024-01-18T11:35:33.741080,V576
AP943718,Payment Terms Verification,2024-01-18T12:57:02.493713,V576
AP943718,GL Account Assignment,2024-01-18T14:00:45.034830,V576
AP943718,Cost Center Assignment,2024-01-18T15:14:20.400458,V576
AP943718,Payment Block Release,2024-01-18T15:54:54.367778,V576
AP943718,Payment Scheduled,2024-01-18T22:11:56.151075,V576
AP943718,Payment Executed,2024-01-19T08:46:42.439554,V576
AP943718,Payment Confirmed,2024-01-19T09:14:41.887713,V576
AP943718,Invoice Posted,2024-01-19T09:45:57.135137,V576
AP943718,Document Archived,2024-01-19T10:33:30.334580,V576
AP964749,Invoice Received,2024-01-19T09:16:39.127833,V593
AP964749,Invoice Scanned,2024-01-19T10:17:18.152688,V593
AP964749,Invoice Validation,2024-01-19T13:46:25.103030,V593
AP964749,Three-Way Match,2024-01-19T19:10:46.080926,V593
AP964749,Tax Calculation,2024-01-19T20:31:11.658630,V593
AP964749,Approval Requested,2024-01-19T20:58:36.884195,V593
AP964749,Manager Approval,2024-01-20T17:02:28.659651,V593
AP964749,Vendor Master Data Review,2024-01-20T18:42:02.685623,V593
AP964749,Payment Terms Verification,2024-01-20T20:13:07.238626,V593
AP964749,GL Account Assignment,2024-01-20T21:27:41.421383,V593
AP964749,Cost Center Assignment,2024-01-20T23:10:49.115764,V593
AP964749,Payment Block Release,2024-01-20T23:55:44.521218,V593
AP964749,Payment Scheduled,2024-01-21T03:07:34.320980,V593
AP964749,Payment Executed,2024-01-21T13:43:05.244956,V593
AP964749,Payment Confirmed,2024-01-21T15:12:49.816901,V593
AP964749,Invoice Posted,2024-01-21T16:50:28.018443,V593
AP964749,Document Archived,2024-01-21T18:00:21.457661,V593
AP393328,Invoice Received,2024-01-21T00:46:12.365271,V133
AP393328,Invoice Scanned,2024-01-21T01:08:00.115501,V133
AP393328,Invoice Validation,2024-01-21T03:19:44.911444,V133
AP393328,Three-Way Match,2024-01-21T05:09:58.376347,V133
AP393328,Tax Calculation,2024-01-21T07:07:18.737261,V133
AP393328,Approval Requested,2024-01-21T07:30:38.108914,V133
AP393328,Manager Approval,2024-01-21T10:07:31.705358,V133
AP393328,Vendor Master Data Review,2024-01-21T11:27:34.390442,V133
AP393328,Payment Terms Verification,2024-01-21T12:41:56.883934,V133
AP393328,GL Account Assignment,2024-01-21T13:32:51.323444,V133
AP393328,Cost Center Assignment,2024-01-21T14:41:25.421534,V133
AP393328,Payment Block Release,2024-01-21T15:35:46.744565,V133
AP393328,Payment Scheduled,2024-01-21T18:20:26.780689,V133
AP393328,Payment Executed,2024-01-22T05:32:54.380815,V133
AP393328,Payment Confirmed,2024-01-22T05:58:31.836871,V133
AP393328,Invoice Posted,2024-01-22T06:50:11.180873,V133
AP393328,Document Archived,2024-01-22T07:20:05.677409,V133
AP744986,Invoice Received,2024-01-22T06:51:59.920273,V144
AP744986,Invoice Scanned,2024-01-22T07:22:12.619577,V144
AP744986,Invoice Validation,2024-01-22T11:55:15.675807,V144
AP744986,Three-Way Match,2024-01-22T14:33:34.125852,V144
AP744986,Quantity Variance Check,2024-01-22T17:09:31.977068,V144
AP744986,Tax Calculation,2024-01-22T17:52:56.805936,V144
AP744986,Approval Requested,2024-01-22T18:37:45.144663,V144
AP744986,Manager Approval,2024-01-23T03:08:08.893376,V144
AP744986,Vendor Master Data Review,2024-01-23T04:33:53.447955,V144
AP744986,Payment Terms Verification,2024-01-23T06:25:07.346528,V144
AP744986,GL Account Assignment,2024-01-23T07:44:29.667321,V144
AP744986,Cost Center Assignment,2024-01-23T09:24:43.824868,V144
AP744986,Payment Block Release,2024-01-23T09:51:36.930814,V144
AP744986,Payment Scheduled,2024-01-23T18:09:31.799640,V144
AP744986,Payment Executed,2024-01-23T23:01:02.321697,V144
AP744986,Payment Confirmed,2024-01-24T00:33:06.584263,V144
AP744986,Invoice Posted,2024-01-24T01:14:58.411063,V144
AP744986,Document Archived,2024-01-24T01:58:30.797835,V144
AP856086,Invoice Received,2024-01-24T01:41:21.823305,V152
AP856086,Invoice Scanned,2024-01-24T02:24:55.028890,V152
AP856086,Invoice Validation,2024-01-24T04:06:28.803346,V152
AP856086,Approval Requested,2024-01-24T04:48:18.241371,V152
AP856086,Manager Approval,2024-01-25T07:47:21.306247,V152
AP856086,Vendor Master Data Review,2024-01-25T09:57:23.769700,V152
AP856086,Payment Terms Verification,2024-01-25T10:42:53.822512,V152
AP856086,GL Account Assignment,2024-01-25T11:39:29.219847,V152
AP856086,Cost Center Assignment,2024-01-25T12:44:24.766574,V152
AP856086,Payment Block Release,2024-01-25T13:51:06.539016,V152
AP856086,Payment Scheduled,2024-01-25T17:27:20.062754,V152
AP856086,Payment Executed,2024-01-26T13:34:29.641441,V152
AP856086,Payment Confirmed,2024-01-26T14:43:31.551877,V152
AP856086,Invoice Posted,2024-01-26T16:46:39.951069,V152
AP856086,Document Archived,2024-01-26T17:04:39.046593,V152
AP794093,Invoice Received,2024-01-25T07:01:32.171226,V534
AP794093,Invoice Scanned,2024-01-25T07:42:56.622526,V534
AP794093,Invoice Validation,2024-01-25T09:41:51.104809,V534
AP794093,Three-Way Match,2024-01-25T13:31:01.798442,V534
AP794093,Price Variance Check,2024-01-25T15:16:58.247937,V534
AP794093,Tax Calculation,2024-01-25T15:58:52.203280,V534
AP794093,Approval Requested,2024-01-25T16:22:46.469599,V534
AP794093,Manager Approval,2024-01-25T21:57:49.728638,V534
AP794093,Vendor Master Data Review,2024-01-25T23:22:51.371775,V534
AP794093,Payment Terms Verification,2024-01-26T00:04:37.370385,V534
AP794093,GL Account Assignment,2024-01-26T00:41:38.861015,V534
AP794093,Cost Center Assignment,2024-01-26T02:05:52.091017,V534
AP794093,Payment Block Release,2024-01-26T02:34:27.728184,V534
AP794093,Payment Scheduled,2024-01-26T06:59:56.037747,V534
AP794093,Payment Executed,2024-01-27T07:06:18.445414,V534
AP794093,Payment Confirmed,2024-01-27T08:41:25.635938,V534
AP794093,Invoice Posted,2024-01-27T09:55:22.018703,V534
AP794093,Document Archived,2024-01-27T10:23:37.399813,V534
AP634723,Invoice Received,2024-01-25T17:38:21.580403,V298
AP634723,Invoice Scanned,2024-01-25T18:36:44.793994,V298
AP634723,Invoice Validation,2024-01-25T19:52:38.945277,V298
AP634723,Three-Way Match,2024-01-26T01:13:54.860575,V298
AP634723,Price Variance Check,2024-01-26T03:46:17.800993,V298
AP634723,Tax Calculation,2024-01-26T05:22:40.485814,V298
AP634723,Approval Requested,2024-01-26T06:05:15.805797,V298
AP634723,Manager Approval,2024-01-27T04:10:13.673179,V298
AP634723,Finance Approval,2024-01-27T11:00:47.291379,V298
AP634723,Vendor Master Data Review,2024-01-27T11:45:47.652194,V298
AP634723,Payment Terms Verification,2024-01-27T12:42:36.991730,V298
AP634723,GL Account Assignment,2024-01-27T14:09:43.012037,V298
AP634723,Cost Center Assignment,2024-01-27T16:01:36.872653,V298
AP634723,Payment Block Release,2024-01-27T16:38:12.891470,V298
AP634723,Payment Scheduled,2024-01-27T23:51:49.982676,V298
AP634723,Payment Executed,2024-01-28T15:41:03.809995,V298
AP634723,Payment Confirmed,2024-01-28T16:17:00.241070,V298
AP634723,Invoice Posted,2024-01-28T18:00:58.739491,V298
AP634723,Document Archived,2024-01-28T18:33:44.716123,V298
AP648141,Invoice Received,2024-01-26T06:17:24.483505,V724
AP648141,Invoice Scanned,2024-01-26T06:48:38.616841,V724
AP648141,Invoice Validation,2024-01-26T10:22:36.619189,V724
AP648141,Three-Way Match,2024-01-26T12:55:28.338902,V724
AP648141,Price Variance Check,2024-01-26T15:31:31.008314,V724
AP648141,Tax Calculation,2024-01-26T17:12:52.412618,V724
AP648141,Approval Requested,2024-01-26T17:32:57.265958,V724
AP648141,Manager Approval,2024-01-27T10:09:54.981007,V724
AP648141,Vendor Master Data Review,2024-01-27T11:55:37.288609,V724
AP648141,Payment Terms Verification,2024-01-27T13:49:33.299021,V724
AP648141,GL Account Assignment,2024-01-27T15:44:09.133558,V724
AP648141,Cost Center Assignment,2024-01-27T17:06:02.827089,V724
AP648141,Payment Block Release,2024-01-27T17:35:36.604804,V724
AP648141,Payment Scheduled,2024-01-27T21:28:00.916802,V724
AP648141,Payment Executed,2024-01-28T04:45:39.709574,V724
AP648141,Payment Confirmed,2024-01-28T06:14:44.938808,V724
AP648141,Invoice Posted,2024-01-28T08:16:02.945491,V724
AP648141,Document Archived,2024-01-28T08:49:24.937579,V724
AP971728,Invoice Received,2024-01-26T15:49:36.583225,V809
AP971728,Invoice Scanned,2024-01-26T16:23:04.074519,V809
AP971728,Invoice Validation,2024-01-26T18:03:31.787433,V809
AP971728,Three-Way Match,2024-01-26T22:57:03.425147,V809
AP971728,Quantity Variance Check,2024-01-27T00:46:11.078816,V809
AP971728,Tax Calculation,2024-01-27T02:25:47.142209,V809
AP971728,Approval Requested,2024-01-27T03:24:10.592789,V809
AP971728,Manager Approval,2024-01-27T13:55:06.174564,V809
AP971728,Vendor Master Data Review,2024-01-27T15:51:05.861305,V809
AP971728,Payment Terms Verification,2024-01-27T16:46:33.765213,V809
AP971728,GL Account Assignment,2024-01-27T17:53:46.128643,V809
AP971728,Cost Center Assignment,2024-01-27T19:31:12.505013,V809
AP971728,Payment Block Release,2024-01-27T20:02:54.360885,V809
AP971728,Payment Scheduled,2024-01-28T01:29:56.774681,V809
AP971728,Payment Executed,2024-01-28T13:44:17.336243,V809
AP971728,Payment Confirmed,2024-01-28T14:19:06.599444,V809
AP971728,Invoice Posted,2024-01-28T16:12:38.264028,V809
AP971728,Document Archived,2024-01-28T17:17:14.568635,V809
AP400814,Invoice Received,2024-01-27T23:38:46.021526,V949
AP400814,Invoice Scanned,2024-01-28T00:24:05.896687,V949
AP400814,Invoice Validation,2024-01-28T01:31:32.825837,V949
AP400814,Three-Way Match,2024-01-28T08:44:23.814399,V949
AP400814,Quantity Variance Check,2024-01-28T11:28:52.820596,V949
AP400814,Tax Calculation,2024-01-28T12:34:03.839936,V949
AP400814,Approval Requested,2024-01-28T12:58:20.189930,V949
AP400814,Manager Approval,2024-01-29T06:23:51.837579,V949
AP400814,Vendor Master Data Review,2024-01-29T08:07:58.914807,V949
AP400814,Payment Terms Verification,2024-01-29T09:24:10.838104,V949
AP400814,GL Account Assignment,2024-01-29T11:13:21.836893,V949
AP400814,Cost Center Assignment,2024-01-29T13:34:46.915864,V949
AP400814,Payment Block Release,2024-01-29T14:11:28.835545,V949
AP400814,Payment Scheduled,2024-01-29T16:46:55.251889,V949
AP400814,Payment Executed,2024-01-30T14:13:04.764467,V949
AP400814,Payment Confirmed,2024-01-30T15:19:01.188657,V949
AP400814,Invoice Posted,2024-01-30T17:08:00.839906,V949
AP400814,Document Archived,2024-01-30T17:42:38.825209,V949
AP829168,Invoice Received,2024-01-29T07:51:50.415279,V590
AP829168,Invoice Scanned,2024-01-29T08:56:37.818084,V590
AP829168,Invoice Validation,2024-01-29T10:15:27.999902,V590
AP829168,Three-Way Match,2024-01-29T17:52:21.169017,V590
AP829168,Tax Calculation,2024-01-29T19:26:11.499618,V590
AP829168,Approval Requested,2024-01-29T19:55:33.660840,V590
AP829168,Manager Approval,2024-01-30T21:50:27.452218,V590
AP829168,Finance Approval,2024-02-01T04:38:53.333874,V590
AP829168,Vendor Master Data Review,2024-02-01T06:58:09.431686,V590
AP829168,Payment Terms Verification,2024-02-01T08:36:36.510675,V590
AP829168,GL Account Assignment,2024-02-01T10:30:05.987707,V590
AP829168,Cost Center Assignment,2024-02-01T11:21:05.006772,V590
AP829168,Payment Block Release,2024-02-01T12:09:33.086142,V590
AP829168,Payment Scheduled,2024-02-01T19:25:27.022823,V590
AP829168,Payment Executed,2024-02-02T13:12:29.957699,V590
AP829168,Payment Confirmed,2024-02-02T14:03:44.235445,V590
AP829168,Invoice Posted,2024-02-02T16:27:39.191336,V590
AP829168,Document Archived,2024-02-02T17:30:49.321426,V590
AP812413,Invoice Received,2024-01-30T15:00:16.306371,V263
AP812413,Invoice Scanned,2024-01-30T15:45:10.784354,V263
AP812413,Invoice Validation,2024-01-30T19:13:33.292803,V263
AP812413,Three-Way Match,2024-01-31T00:07:09.105682,V263
AP812413,Quantity Variance Check,2024-01-31T03:08:36.345703,V263
AP812413,Tax Calculation,2024-01-31T04:39:28.945911,V263
AP812413,Approval Requested,2024-01-31T05:23:15.768296,V263
AP812413,Manager Approval,2024-02-01T01:23:00.223523,V263
AP812413,Vendor Master Data Review,2024-02-01T02:43:09.969342,V263
AP812413,Payment Terms Verification,2024-02-01T04:15:40.271021,V263
AP812413,GL Account Assignment,2024-02-01T06:18:58.024249,V263
AP812413,Cost Center Assignment,2024-02-01T08:14:08.653582,V263
AP812413,Payment Block Release,2024-02-01T08:46:19.425960,V263
AP812413,Payment Scheduled,2024-02-01T15:59:27.701530,V263
AP812413,Payment Executed,2024-02-01T21:55:04.832154,V263
AP812413,Payment Confirmed,2024-02-02T00:02:18.130676,V263
AP812413,Invoice Posted,2024-02-02T01:49:43.677839,V263
AP812413,Document Archived,2024-02-02T02:09:32.600327,V263
AP680933,Invoice Received,2024-01-30T23:20:09.643847,V686
AP680933,Invoice Scanned,2024-01-31T00:02:45.435303,V686
AP680933,Invoice Validation,2024-01-31T05:15:52.554690,V686
AP680933,Three-Way Match,2024-01-31T12:08:40.201806,V686
AP680933,Price Variance Check,2024-01-31T15:52:45.858911,V686
AP680933,Tax Calculation,2024-01-31T17:35:24.529988,V686
AP680933,Approval Requested,2024-01-31T18:38:54.335378,V686
AP680933,Manager Approval,2024-02-01T21:48:20.085862,V686
AP680933,Vendor Master Data Review,2024-02-01T22:24:00.454560,V686
AP680933,Payment Terms Verification,2024-02-01T23:13:58.524505,V686
AP680933,GL Account Assignment,2024-02-02T00:40:17.138426,V686
AP680933,Cost Center Assignment,2024-02-02T02:34:56.474024,V686
AP680933,Payment Block Release,2024-02-02T03:15:31.686422,V686
AP680933,Payment Scheduled,2024-02-02T09:30:22.562063,V686
AP680933,Payment Executed,2024-02-03T09:06:54.008033,V686
AP680933,Payment Confirmed,2024-02-03T11:05:30.935266,V686
AP680933,Invoice Posted,2024-02-03T12:54:59.321259,V686
AP680933,Document Archived,2024-02-03T13:16:36.059756,V686
AP536822,Invoice Received,2024-02-01T04:13:20.209516,V732
AP536822,Invoice Scanned,2024-02-01T04:49:48.514794,V732
AP536822,Invoice Validation,2024-02-01T08:51:48.617987,V732
AP536822,Three-Way Match,2024-02-01T10:56:26.837870,V732
AP536822,Quantity Variance Check,2024-02-01T12:50:59.218735,V732
AP536822,Tax Calculation,2024-02-01T14:00:31.079431,V732
AP536822,Approval Requested,2024-02-01T15:10:51.955614,V732
AP536822,Manager Approval,2024-02-02T02:37:24.805272,V732
AP536822,Vendor Master Data Review,2024-02-02T03:49:13.769717,V732
AP536822,Payment Terms Verification,2024-02-02T04:28:14.422465,V732
AP536822,GL Account Assignment,2024-02-02T05:52:42.331257,V732
AP536822,Cost Center Assignment,2024-02-02T06:38:08.797564,V732
AP536822,Payment Block Release,2024-02-02T07:13:29.507936,V732
AP536822,Payment Scheduled,2024-02-02T12:49:09.373434,V732
AP536822,Payment Executed,2024-02-02T18:36:12.832412,V732
AP536822,Payment Confirmed,2024-02-02T20:30:15.075578,V732
AP536822,Invoice Posted,2024-02-02T21:08:10.628666,V732
AP536822,Document Archived,2024-02-02T21:56:29.271680,V732
AP377319,Invoice Received,2024-02-02T06:42:07.214026,V844
AP377319,Invoice Scanned,2024-02-02T07:03:23.768299,V844
AP377319,Invoice Validation,2024-02-02T09:11:37.622267,V844
AP377319,Three-Way Match,2024-02-02T14:53:19.810853,V844
AP377319,Quantity Variance Check,2024-02-02T17:09:33.378242,V844
AP377319,Tax Calculation,2024-02-02T18:40:43.172358,V844
AP377319,Approval Requested,2024-02-02T19:13:05.505182,V844
AP377319,Manager Approval,2024-02-03T05:49:29.143832,V844
AP377319,Finance Approval,2024-02-05T05:28:01.609257,V844
AP377319,Vendor Master Data Review,2024-02-05T06:28:18.180687,V844
AP377319,Payment Terms Verification,2024-02-05T08:34:58.571982,V844
AP377319,GL Account Assignment,2024-02-05T10:31:36.970556,V844
AP377319,Cost Center Assignment,2024-02-05T12:02:45.538308,V844
AP377319,Payment Block Release,2024-02-05T12:50:40.249416,V844
AP377319,Payment Scheduled,2024-02-05T16:52:56.041266,V844
AP377319,Payment Executed,2024-02-06T07:00:35.912888,V844
AP377319,Payment Confirmed,2024-02-06T08:48:35.314477,V844
AP377319,Invoice Posted,2024-02-06T10:55:33.563465,V844
AP377319,Document Archived,2024-02-06T11:20:24.685370,V844
AP912233,Invoice Received,2024-02-03T07:07:46.413485,V961
AP912233,Invoice Scanned,2024-02-03T07:56:12.750499,V961
AP912233,Invoice Validation,2024-02-03T10:24:33.415167,V961
AP912233,Three-Way Match,2024-02-03T13:30:31.174153,V961
AP912233,Quantity Variance Check,2024-02-03T15:56:38.609880,V961
AP912233,Tax Calculation,2024-02-03T17:40:17.042150,V961
AP912233,Approval Requested,2024-02-03T18:45:37.254940,V961
AP912233,Manager Approval,2024-02-04T19:42:11.148685,V961
AP912233,Vendor Master Data Review,2024-02-04T21:15:23.567289,V961
AP912233,Payment Terms Verification,2024-02-04T23:07:58.834140,V961
AP912233,GL Account Assignment,2024-02-05T00:43:43.201555,V961
AP912233,Cost Center Assignment,2024-02-05T01:57:19.059688,V961
AP912233,Payment Block Release,2024-02-05T02:56:28.309062,V961
AP912233,Payment Scheduled,2024-02-05T08:19:29.176183,V961
AP912233,Payment Executed,2024-02-06T11:29:47.146975,V961
AP912233,Payment Confirmed,2024-02-06T13:01:06.657428,V961
AP912233,Invoice Posted,2024-02-06T14:08:42.354710,V961
AP912233,Document Archived,2024-02-06T14:28:06.360447,V961
AP787836,Invoice Received,2024-02-05T04:47:48.020941,V362
AP787836,Invoice Scanned,2024-02-05T05:07:52.253456,V362
AP787836,Invoice Validation,2024-02-05T06:10:45.195024,V362
AP787836,Three-Way Match,2024-02-05T08:01:21.026147,V362
AP787836,Price Variance Check,2024-02-05T08:54:32.507737,V362
AP787836,Tax Calculation,2024-02-05T09:50:32.262645,V362
AP787836,Approval Requested,2024-02-05T10:40:37.599299,V362
AP787836,Manager Approval,2024-02-06T00:15:10.155792,V362
AP787836,Vendor Master Data Review,2024-02-06T01:25:27.024286,V362
AP787836,Payment Terms Verification,2024-02-06T01:58:28.511015,V362
AP787836,GL Account Assignment,2024-02-06T02:55:30.180876,V362
AP787836,Cost Center Assignment,2024-02-06T03:58:00.516986,V362
AP787836,Payment Block Release,2024-02-06T04:25:38.096397,V362
AP787836,Payment Scheduled,2024-02-06T06:14:20.407765,V362
AP787836,Payment Executed,2024-02-06T12:21:21.457351,V362
AP787836,Payment Confirmed,2024-02-06T12:54:14.904387,V362
AP787836,Invoice Posted,2024-02-06T14:05:18.289717,V362
AP787836,Document Archived,2024-02-06T14:32:16.098436,V362
AP628705,Invoice Received,2024-02-06T07:17:52.381416,V579
AP628705,Invoice Scanned,2024-02-06T08:18:45.771885,V579
AP628705,Invoice Validation,2024-02-06T09:28:54.940064,V579
AP628705,Three-Way Match,2024-02-06T14:25:37.840580,V579
AP628705,Quantity Variance Check,2024-02-06T17:03:24.494827,V579
AP628705,Tax Calculation,2024-02-06T18:11:59.489159,V579
AP628705,Approval Requested,2024-02-06T19:22:21.725014,V579
AP628705,Manager Approval,2024-02-06T21:49:58.262405,V579
AP628705,Vendor Master Data Review,2024-02-06T22:50:23.274217,V579
AP628705,Payment Terms Verification,2024-02-07T00:18:55.432082,V579
AP628705,GL Account Assignment,2024-02-07T01:24:34.408358,V579
AP628705,Cost Center Assignment,2024-02-07T02:21:47.172869,V579
AP628705,Payment Block Release,2024-02-07T03:34:50.697364,V579
AP628705,Payment Scheduled,2024-02-07T11:48:46.890799,V579
AP628705,Payment Executed,2024-02-07T23:45:40.368207,V579
AP628705,Payment Confirmed,2024-02-08T01:27:27.474921,V579
AP628705,Invoice Posted,2024-02-08T03:37:43.762535,V579
AP628705,Document Archived,2024-02-08T04:47:01.314593,V579
AP925618,Invoice Received,2024-02-07T20:30:56.065665,V183
AP925618,Invoice Scanned,2024-02-07T21:18:28.866150,V183
AP925618,Invoice Validation,2024-02-08T00:34:29.433453,V183
AP925618,Three-Way Match,2024-02-08T03:36:35.646659,V183
AP925618,Quantity Variance Check,2024-02-08T06:10:31.130831,V183
AP925618,Tax Calculation,2024-02-08T07:59:00.030009,V183
AP925618,Approval Requested,2024-02-08T08:19:13.780584,V183
AP925618,Manager Approval,2024-02-08T23:36:06.543917,V183
AP925618,Vendor Master Data Review,2024-02-09T00:04:55.767137,V183
AP925618,Payment Terms Verification,2024-02-09T00:46:04.054624,V183
AP925618,GL Account Assignment,2024-02-09T02:20:38.044128,V183
AP925618,Cost Center Assignment,2024-02-09T04:32:35.822403,V183
AP925618,Payment Block Release,2024-02-09T04:56:56.536251,V183
AP925618,Payment Scheduled,2024-02-09T11:20:04.730347,V183
AP925618,Payment Executed,2024-02-10T00:37:20.325491,V183
AP925618,Payment Confirmed,2024-02-10T02:24:21.868396,V183
AP925618,Invoice Posted,2024-02-10T04:38:37.954255,V183
AP925618,Document Archived,2024-02-10T05:24:09.104414,V183
AP333507,Invoice Received,2024-02-09T19:17:43.337315,V954
AP333507,Invoice Scanned,2024-02-09T20:03:50.115897,V954
AP333507,Invoice Validation,2024-02-09T23:11:00.747211,V954
AP333507,Three-Way Match,2024-02-10T02:49:44.340122,V954
AP333507,Tax Calculation,2024-02-10T03:34:51.959044,V954
AP333507,Approval Requested,2024-02-10T04:31:55.952128,V954
AP333507,Manager Approval,2024-02-10T10:01:22.587140,V954
AP333507,Finance Approval,2024-02-11T18:47:22.243388,V954
AP333507,Vendor Master Data Review,2024-02-11T20:20:14.462976,V954
AP333507,Payment Terms Verification,2024-02-11T21:17:00.301632,V954
AP333507,GL Account Assignment,2024-02-11T22:26:00.240074,V954
AP333507,Cost Center Assignment,2024-02-11T23:54:53.898902,V954
AP333507,Payment Block Release,2024-02-12T00:36:54.917372,V954
AP333507,Payment Scheduled,2024-02-12T03:39:29.060687,V954
AP333507,Payment Executed,2024-02-12T11:54:36.585062,V954
AP333507,Payment Confirmed,2024-02-12T14:01:45.448466,V954
AP333507,Invoice Posted,2024-02-12T15:10:05.137645,V954
AP333507,Document Archived,2024-02-12T16:11:23.344757,V954
AP256466,Invoice Received,2024-02-11T10:17:32.419231,V407
AP256466,Invoice Scanned,2024-02-11T11:06:31.122726,V407
AP256466,Invoice Validation,2024-02-11T15:05:34.427081,V407
AP256466,Three-Way Match,2024-02-11T21:05:54.876140,V407
AP256466,Price Variance Check,2024-02-11T22:24:28.766413,V407
AP256466,Tax Calculation,2024-02-12T00:33:10.216031,V407
AP256466,Approval Requested,2024-02-12T01:14:52.954066,V407
AP256466,Manager Approval,2024-02-12T18:45:40.740384,V407
AP256466,Vendor Master Data Review,2024-02-12T19:37:31.605577,V407
AP256466,Payment Terms Verification,2024-02-12T20:57:09.688373,V407
AP256466,GL Account Assignment,2024-02-12T22:08:05.439821,V407
AP256466,Cost Center Assignment,2024-02-13T00:23:34.165848,V407
AP256466,Payment Block Release,2024-02-13T01:23:02.666072,V407
AP256466,Payment Scheduled,2024-02-13T06:20:43.696048,V407
AP256466,Payment Executed,2024-02-13T23:02:41.003734,V407
AP256466,Payment Confirmed,2024-02-14T00:16:19.152005,V407
AP256466,Invoice Posted,2024-02-14T01:32:23.385074,V407
AP256466,Document Archived,2024-02-14T02:30:49.626678,V407
AP534037,Invoice Received,2024-02-13T03:14:37.686745,V146
AP534037,Invoice Scanned,2024-02-13T03:52:17.342735,V146
AP534037,Invoice Validation,2024-02-13T06:11:56.087868,V146
AP534037,Three-Way Match,2024-02-13T10:59:07.048701,V146
AP534037,Quantity Variance Check,2024-02-13T13:57:40.459611,V146
AP534037,Tax Calculation,2024-02-13T16:25:40.898811,V146
AP534037,Approval Requested,2024-02-13T17:04:16.164446,V146
AP534037,Manager Approval,2024-02-14T00:32:42.255836,V146
AP534037,Vendor Master Data Review,2024-02-14T02:50:00.312710,V146
AP534037,Payment Terms Verification,2024-02-14T03:24:27.152500,V146
AP534037,GL Account Assignment,2024-02-14T05:51:49.425590,V146
AP534037,Cost Center Assignment,2024-02-14T07:23:23.838945,V146
AP534037,Payment Block Release,2024-02-14T08:08:33.149640,V146
AP534037,Payment Scheduled,2024-02-14T13:28:09.695325,V146
AP534037,Payment Executed,2024-02-15T08:56:03.007660,V146
AP534037,Payment Confirmed,2024-02-15T09:33:31.360901,V146
AP534037,Invoice Posted,2024-02-15T10:58:18.251104,V146
AP534037,Document Archived,2024-02-15T11:19:36.034393,V146
AP212214,Invoice Received,2024-02-14T12:11:32.919094,V198
AP212214,Invoice Scanned,2024-02-14T12:38:21.521718,V198
AP212214,Invoice Validation,2024-02-14T14:13:14.832428,V198
AP212214,Three-Way Match,2024-02-14T17:41:05.093661,V198
AP212214,Price Variance Check,2024-02-14T20:04:19.714953,V198
AP212214,Tax Calculation,2024-02-14T21:21:59.736422,V198
AP212214,Approval Requested,2024-02-14T21:56:11.677576,V198
AP212214,Manager Approval,2024-02-15T13:38:52.903031,V198
AP212214,Vendor Master Data Review,2024-02-15T15:07:32.954930,V198
AP212214,Payment Terms Verification,2024-02-15T17:34:40.254131,V198
AP212214,GL Account Assignment,2024-02-15T18:38:11.364214,V198
AP212214,Cost Center Assignment,2024-02-15T19:57:40.196111,V198
AP212214,Payment Block Release,2024-02-15T20:42:47.267247,V198
AP212214,Payment Scheduled,2024-02-16T02:18:49.236231,V198
AP212214,Payment Executed,2024-02-16T06:25:34.476312,V198
AP212214,Payment Confirmed,2024-02-16T08:32:08.648397,V198
AP212214,Invoice Posted,2024-02-16T09:35:12.417730,V198
AP212214,Document Archived,2024-02-16T10:36:45.627448,V198
AP928897,Invoice Received,2024-02-15T15:44:31.247748,V805
AP928897,Invoice Scanned,2024-02-15T16:03:11.799873,V805
AP928897,Invoice Validation,2024-02-15T18:30:59.531427,V805
AP928897,Approval Requested,2024-02-15T19:11:04.989073,V805
AP928897,Manager Approval,2024-02-16T05:44:09.583248,V805
AP928897,Vendor Master Data Review,2024-02-16T07:04:25.432324,V805
AP928897,Payment Terms Verification,2024-02-16T08:51:09.549829,V805
AP928897,GL Account Assignment,2024-02-16T10:36:38.278755,V805
AP928897,Cost Center Assignment,2024-02-16T11:12:04.327487,V805
AP928897,Payment Block Release,2024-02-16T12:04:32.394827,V805
AP928897,Payment Scheduled,2024-02-16T14:24:15.434129,V805
AP928897,Payment Executed,2024-02-17T01:35:16.974193,V805
AP928897,Payment Confirmed,2024-02-17T02:25:46.788591,V805
AP928897,Invoice Posted,2024-02-17T03:25:16.075195,V805
AP928897,Document Archived,2024-02-17T03:47:12.141148,V805
AP506637,Invoice Received,2024-02-16T07:55:05.790647,V897
AP506637,Invoice Scanned,2024-02-16T08:55:48.784610,V897
AP506637,Invoice Validation,2024-02-16T10:45:46.597878,V897
AP506637,Three-Way Match,2024-02-16T14:02:29.298713,V897
AP506637,Quantity Variance Check,2024-02-16T15:52:19.404787,V897
AP506637,Tax Calculation,2024-02-16T16:39:38.356479,V897
AP506637,Approval Requested,2024-02-16T17:16:16.782870,V897
AP506637,Manager Approval,2024-02-17T03:32:10.156663,V897
AP506637,Vendor Master Data Review,2024-02-17T05:08:25.474958,V897
AP506637,Payment Terms Verification,2024-02-17T06:16:08.291210,V897
AP506637,GL Account Assignment,2024-02-17T07:56:41.404832,V897
AP506637,Cost Center Assignment,2024-02-17T09:38:09.229591,V897
AP506637,Payment Block Release,2024-02-17T10:47:30.612244,V897
AP506637,Payment Scheduled,2024-02-17T16:56:21.805081,V897
AP506637,Payment Executed,2024-02-18T01:20:57.073453,V897
AP506637,Payment Confirmed,2024-02-18T02:16:13.213584,V897
AP506637,Invoice Posted,2024-02-18T03:41:02.461711,V897
AP506637,Document Archived,2024-02-18T04:27:59.944346,V897
AP405482,Invoice Received,2024-02-17T08:22:34.416590,V951
AP405482,Invoice Scanned,2024-02-17T08:55:58.540151,V951
AP405482,Invoice Validation,2024-02-17T10:46:06.730559,V951
AP405482,Approval Requested,2024-02-17T11:28:00.797120,V951
AP405482,Manager Approval,2024-02-17T23:30:44.511606,V951
AP405482,Vendor Master Data Review,2024-02-18T01:32:13.786044,V951
AP405482,Payment Terms Verification,2024-02-18T03:07:42.622620,V951
AP405482,GL Account Assignment,2024-02-18T04:30:21.654920,V951
AP405482,Cost Center Assignment,2024-02-18T06:15:49.246956,V951
AP405482,Payment Block Release,2024-02-18T06:51:53.666188,V951
AP405482,Payment Scheduled,2024-02-18T12:41:10.385062,V951
AP405482,Payment Executed,2024-02-19T11:21:07.201846,V951
AP405482,Payment Confirmed,2024-02-19T12:14:38.042622,V951
AP405482,Invoice Posted,2024-02-19T13:39:21.350039,V951
AP405482,Document Archived,2024-02-19T14:15:30.499639,V951
AP125755,Invoice Received,2024-02-18T12:30:54.132303,V594
AP125755,Invoice Scanned,2024-02-18T12:54:41.403842,V594
AP125755,Invoice Validation,2024-02-18T14:48:45.315249,V594
AP125755,Three-Way Match,2024-02-18T18:42:24.490137,V594
AP125755,Quantity Variance Check,2024-02-18T20:55:37.024880,V594
AP125755,Tax Calculation,2024-02-18T22:22:41.288923,V594
AP125755,Approval Requested,2024-02-18T23:09:58.541295,V594
AP125755,Manager Approval,2024-02-19T20:23:23.702870,V594
AP125755,Finance Approval,2024-02-20T07:42:01.168855,V594
AP125755,Vendor Master Data Review,2024-02-20T08:30:57.269963,V594
AP125755,Payment Terms Verification,2024-02-20T09:56:13.105171,V594
AP125755,GL Account Assignment,2024-02-20T11:11:09.865873,V594
AP125755,Cost Center Assignment,2024-02-20T12:21:28.943162,V594
AP125755,Payment Block Release,2024-02-20T13:16:22.211238,V594
AP125755,Payment Scheduled,2024-02-20T16:16:18.377014,V594
AP125755,Payment Executed,2024-02-21T02:36:46.248931,V594
AP125755,Payment Confirmed,2024-02-21T04:25:36.082357,V594
AP125755,Invoice Posted,2024-02-21T05:53:03.394320,V594
AP125755,Document Archived,2024-02-21T06:27:57.008539,V594
AP411893,Invoice Received,2024-02-19T20:23:11.196990,V729
AP411893,Invoice Scanned,2024-02-19T20:51:57.165074,V729
AP411893,Invoice Validation,2024-02-19T22:39:42.455591,V729
AP411893,Three-Way Match,2024-02-20T04:09:43.444488,V729
AP411893,Quantity Variance Check,2024-02-20T07:21:35.742726,V729
AP411893,Tax Calculation,2024-02-20T08:13:45.405255,V729
AP411893,Approval Requested,2024-02-20T08:48:53.952910,V729
AP411893,Manager Approval,2024-02-21T17:36:34.827141,V729
AP411893,Vendor Master Data Review,2024-02-21T18:36:26.835875,V729
AP411893,Payment Terms Verification,2024-02-21T20:29:22.363617,V729
AP411893,GL Account Assignment,2024-02-21T22:30:33.208518,V729
AP411893,Cost Center Assignment,2024-02-22T00:29:57.547628,V729
AP411893,Payment Block Release,2024-02-22T00:49:18.493429,V729
AP411893,Payment Scheduled,2024-02-22T09:52:37.098636,V729
AP411893,Payment Executed,2024-02-23T04:18:45.313579,V729
AP411893,Payment Confirmed,2024-02-23T05:31:24.718552,V729
AP411893,Invoice Posted,2024-02-23T07:26:05.309886,V729
AP411893,Document Archived,2024-02-23T08:06:55.494656,V729
AP359555,Invoice Received,2024-02-20T17:50:22.304554,V404
AP359555,Invoice Scanned,2024-02-20T18:39:46.432232,V404
AP359555,Invoice Validation,2024-02-20T20:20:08.987638,V404
AP359555,Three-Way Match,2024-02-21T02:11:35.871295,V404
AP359555,Tax Calculation,2024-02-21T03:42:19.778244,V404
AP359555,Approval Requested,2024-02-21T04:44:37.274075,V404
AP359555,Manager Approval,2024-02-21T20:56:45.705292,V404
AP359555,Vendor Master Data Review,2024-02-21T21:55:56.865976,V404
AP359555,Payment Terms Verification,2024-02-21T23:41:52.845255,V404
AP359555,GL Account Assignment,2024-02-22T01:59:23.490087,V404
AP359555,Cost Center Assignment,2024-02-22T03:42:51.478163,V404
AP359555,Payment Block Release,2024-02-22T04:14:58.225633,V404
AP359555,Payment Scheduled,2024-02-22T06:53:24.139371,V404
AP359555,Payment Executed,2024-02-22T18:05:21.590396,V404
AP359555,Payment Confirmed,2024-02-22T18:54:55.677630,V404
AP359555,Invoice Posted,2024-02-22T19:53:09.621340,V404
AP359555,Document Archived,2024-02-22T20:45:35.996971,V404
AP576782,Invoice Received,2024-02-22T05:40:59.408944,V599
AP576782,Invoice Scanned,2024-02-22T06:38:38.069092,V599
AP576782,Invoice Validation,2024-02-22T09:44:56.071799,V599
AP576782,Three-Way Match,2024-02-22T13:47:11.980709,V599
AP576782,Quantity Variance Check,2024-02-22T15:12:27.861228,V599
AP576782,Tax Calculation,2024-02-22T16:20:58.392526,V599
AP576782,Approval Requested,2024-02-22T16:58:57.870158,V599
AP576782,Manager Approval,2024-02-22T19:48:51.234003,V599
AP576782,Vendor Master Data Review,2024-02-22T20:55:33.225194,V599
AP576782,Payment Terms Verification,2024-02-22T21:56:55.460072,V599
AP576782,GL Account Assignment,2024-02-22T22:53:57.252626,V599
AP576782,Cost Center Assignment,2024-02-23T00:18:01.473204,V599
AP576782,Payment Block Release,2024-02-23T00:49:56.851639,V599
AP576782,Payment Scheduled,2024-02-23T06:14:18.130239,V599
AP576782,Payment Executed,2024-02-23T18:20:14.043381,V599
AP576782,Payment Confirmed,2024-02-23T19:19:54.502539,V599
AP576782,Invoice Posted,2024-02-23T19:52:42.526233,V599
AP576782,Document Archived,2024-02-23T20:22:23.950262,V599
AP542828,Invoice Received,2024-02-22T08:16:11.229587,V810
AP542828,Invoice Scanned,2024-02-22T09:00:29.006372,V810
AP542828,Invoice Validation,2024-02-22T12:26:01.224850,V810
AP542828,Approval Requested,2024-02-22T13:11:54.586478,V810
AP542828,Manager Approval,2024-02-22T18:55:28.470465,V810
AP542828,Finance Approval,2024-02-24T05:55:34.737949,V810
AP542828,Vendor Master Data Review,2024-02-24T07:17:29.160969,V810
AP542828,Payment Terms Verification,2024-02-24T09:12:59.654444,V810
AP542828,GL Account Assignment,2024-02-24T10:00:16.614229,V810
AP542828,Cost Center Assignment,2024-02-24T11:24:27.352583,V810
AP542828,Payment Block Release,2024-02-24T11:45:47.277690,V810
AP542828,Payment Scheduled,2024-02-24T17:50:58.796121,V810
AP542828,Payment Executed,2024-02-25T17:01:40.571608,V810
AP542828,Payment Confirmed,2024-02-25T18:32:04.111717,V810
AP542828,Invoice Posted,2024-02-25T20:03:47.013784,V810
AP542828,Document Archived,2024-02-25T20:26:02.453403,V810
AP623850,Invoice Received,2024-02-24T06:58:23.544505,V753
AP623850,Invoice Scanned,2024-02-24T08:08:06.831134,V753
AP623850,Invoice Validation,2024-02-24T11:48:56.377416,V753
AP623850,Three-Way Match,2024-02-24T17:02:40.890783,V753
AP623850,Tax Calculation,2024-02-24T18:22:48.663850,V753
AP623850,Approval Requested,2024-02-24T18:44:40.599097,V753
AP623850,Manager Approval,2024-02-25T14:09:36.701782,V753
AP623850,Vendor Master Data Review,2024-02-25T15:22:09.952174,V753
AP623850,Payment Terms Verification,2024-02-25T16:00:07.899175,V753
AP623850,GL Account Assignment,2024-02-25T16:50:55.429341,V753
AP623850,Cost Center Assignment,2024-02-25T17:45:09.708665,V753
AP623850,Payment Block Release,2024-02-25T18:19:29.700485,V753
AP623850,Payment Scheduled,2024-02-25T23:21:17.796540,V753
AP623850,Payment Executed,2024-02-26T20:31:54.186389,V753
AP623850,Payment Confirmed,2024-02-26T21:08:40.363241,V753
AP623850,Invoice Posted,2024-02-26T22:26:59.948631,V753
AP623850,Document Archived,2024-02-26T23:07:58.313538,V753
AP463546,Invoice Received,2024-02-25T17:41:14.146128,V635
AP463546,Invoice Scanned,2024-02-25T18:16:08.428028,V635
AP463546,Invoice Validation,2024-02-25T20:58:44.796307,V635
AP463546,Approval Requested,2024-02-25T21:27:58.311711,V635
AP463546,Manager Approval,2024-02-26T06:43:49.357503,V635
AP463546,Vendor Master Data Review,2024-02-26T07:58:47.872039,V635
AP463546,Payment Terms Verification,2024-02-26T09:31:50.229003,V635
AP463546,GL Account Assignment,2024-02-26T11:27:08.660852,V635
AP463546,Cost Center Assignment,2024-02-26T12:11:24.807129,V635
AP463546,Payment Block Release,2024-02-26T12:54:35.394859,V635
AP463546,Payment Scheduled,2024-02-26T17:47:49.049970,V635
AP463546,Payment Executed,2024-02-27T12:41:26.532289,V635
AP463546,Payment Confirmed,2024-02-27T14:21:34.489835,V635
AP463546,Invoice Posted,2024-02-27T15:22:37.527940,V635
AP463546,Document Archived,2024-02-27T16:16:17.288344,V635
AP334026,Invoice Received,2024-02-26T01:08:01.869939,V923
AP334026,Invoice Scanned,2024-02-26T02:10:28.205508,V923
AP334026,Invoice Validation,2024-02-26T03:47:12.977319,V923
AP334026,Three-Way Match,2024-02-26T06:58:22.354624,V923
AP334026,Tax Calculation,2024-02-26T08:24:59.507442,V923
AP334026,Approval Requested,2024-02-26T09:35:25.207241,V923
AP334026,Manager Approval,2024-02-27T04:02:30.775212,V923
AP334026,Vendor Master Data Review,2024-02-27T04:53:35.785654,V923
AP334026,Payment Terms Verification,2024-02-27T06:16:37.024144,V923
AP334026,GL Account Assignment,2024-02-27T06:45:26.629444,V923
AP334026,Cost Center Assignment,2024-02-27T07:55:23.435591,V923
AP334026,Payment Block Release,2024-02-27T08:24:18.445307,V923
AP334026,Payment Scheduled,2024-02-27T17:38:25.447048,V923
AP334026,Payment Executed,2024-02-28T01:29:10.039008,V923
AP334026,Payment Confirmed,2024-02-28T03:11:34.379363,V923
AP334026,Invoice Posted,2024-02-28T04:29:54.027459,V923
AP334026,Document Archived,2024-02-28T05:09:42.980890,V923
AP794622,Invoice Received,2024-02-26T21:14:50.442145,V233
AP794622,Invoice Scanned,2024-02-26T22:09:58.512780,V233
AP794622,Invoice Validation,2024-02-26T23:56:31.817840,V233
AP794622,Three-Way Match,2024-02-27T03:04:03.959511,V233
AP794622,Quantity Variance Check,2024-02-27T04:12:09.395605,V233
AP794622,Tax Calculation,2024-02-27T05:19:41.973226,V233
AP794622,Approval Requested,2024-02-27T05:42:10.595371,V233
AP794622,Manager Approval,2024-02-27T09:42:21.009570,V233
AP794622,Vendor Master Data Review,2024-02-27T11:34:56.676097,V233
AP794622,Payment Terms Verification,2024-02-27T13:12:55.745854,V233
AP794622,GL Account Assignment,2024-02-27T14:02:14.918206,V233
AP794622,Cost Center Assignment,2024-02-27T15:24:28.220640,V233
AP794622,Payment Block Release,2024-02-27T15:40:14.514069,V233
AP794622,Payment Scheduled,2024-02-27T21:30:35.782130,V233
AP794622,Payment Executed,2024-02-28T14:41:41.963143,V233
AP794622,Payment Confirmed,2024-02-28T16:46:38.956788,V233
AP794622,Invoice Posted,2024-02-28T18:25:27.503156,V233
AP794622,Document Archived,2024-02-28T19:10:55.108022,V233
AP167603,Invoice Received,2024-02-27T12:51:01.165141,V302
AP167603,Invoice Scanned,2024-02-27T14:06:42.228188,V302
AP167603,Invoice Validation,2024-02-27T15:26:39.538414,V302
AP167603,Three-Way Match,2024-02-27T21:15:44.027624,V302
AP167603,Price Variance Check,2024-02-27T22:37:34.014267,V302
AP167603,Tax Calculation,2024-02-27T23:29:20.958979,V302
AP167603,Approval Requested,2024-02-28T00:22:49.432771,V302
AP167603,Manager Approval,2024-02-28T08:32:26.214647,V302
AP167603,Vendor Master Data Review,2024-02-28T09:51:08.711213,V302
AP167603,Payment Terms Verification,2024-02-28T10:35:51.424555,V302
AP167603,GL Account Assignment,2024-02-28T12:13:29.877914,V302
AP167603,Cost Center Assignment,2024-02-28T14:39:11.615924,V302
AP167603,Payment Block Release,2024-02-28T15:17:15.089853,V302
AP167603,Payment Scheduled,2024-02-29T00:16:02.595719,V302
AP167603,Payment Executed,2024-02-29T08:43:21.195078,V302
AP167603,Payment Confirmed,2024-02-29T11:10:53.124335,V302
AP167603,Invoice Posted,2024-02-29T13:35:39.319249,V302
AP167603,Document Archived,2024-02-29T15:01:16.836889,V302
AP955937,Invoice Received,2024-02-27T19:11:05.834003,V910
AP955937,Invoice Scanned,2024-02-27T19:39:25.096528,V910
AP955937,Invoice Validation,2024-02-27T22:00:05.411574,V910
AP955937,Approval Requested,2024-02-27T22:23:51.785727,V910
AP955937,Manager Approval,2024-02-28T18:37:05.365198,V910
AP955937,Finance Approval,2024-03-01T11:40:38.162662,V910
AP955937,Vendor Master Data Review,2024-03-01T12:51:15.272778,V910
AP955937,Payment Terms Verification,2024-03-01T14:40:15.655612,V910
AP955937,GL Account Assignment,2024-03-01T15:42:14.939749,V910
AP955937,Cost Center Assignment,2024-03-01T16:32:28.051255,V910
AP955937,Payment Block Release,2024-03-01T17:22:02.951455,V910
AP955937,Payment Scheduled,2024-03-02T00:43:28.964051,V910
AP955937,Payment Executed,2024-03-02T09:11:38.111984,V910
AP955937,Payment Confirmed,2024-03-02T11:16:32.242308,V910
AP955937,Invoice Posted,2024-03-02T13:23:47.659652,V910
AP955937,Document Archived,2024-03-02T14:18:47.058490,V910
AP265154,Invoice Received,2024-02-28T02:47:48.798115,V849
AP265154,Invoice Scanned,2024-02-28T03:26:15.876501,V849
AP265154,Invoice Validation,2024-02-28T07:02:48.763737,V849
AP265154,Approval Requested,2024-02-28T07:28:44.971815,V849
AP265154,Manager Approval,2024-02-28T16:53:20.482056,V849
AP265154,Finance Approval,2024-03-01T11:25:56.789365,V849
AP265154,Vendor Master Data Review,2024-03-01T12:44:05.414802,V849
AP265154,Payment Terms Verification,2024-03-01T13:18:21.163206,V849
AP265154,GL Account Assignment,2024-03-01T15:02:21.586681,V849
AP265154,Cost Center Assignment,2024-03-01T16:40:13.897255,V849
AP265154,Payment Block Release,2024-03-01T17:10:54.131672,V849
AP265154,Payment Scheduled,2024-03-01T23:17:26.676653,V849
AP265154,Payment Executed,2024-03-02T18:40:05.999895,V849
AP265154,Payment Confirmed,2024-03-02T19:28:34.338757,V849
AP265154,Invoice Posted,2024-03-02T20:13:20.778324,V849
AP265154,Document Archived,2024-03-02T20:48:43.482930,V849
AP497108,Invoice Received,2024-03-01T00:34:15.218511,V459
AP497108,Invoice Scanned,2024-03-01T01:42:49.018883,V459
AP497108,Invoice Validation,2024-03-01T03:11:40.964016,V459
AP497108,Approval Requested,2024-03-01T03:43:08.866946,V459
AP497108,Manager Approval,2024-03-01T07:30:10.188653,V459
AP497108,Vendor Master Data Review,2024-03-01T09:27:23.361091,V459
AP497108,Payment Terms Verification,2024-03-01T10:15:10.613984,V459
AP497108,GL Account Assignment,2024-03-01T11:26:46.679976,V459
AP497108,Cost Center Assignment,2024-03-01T12:28:59.295468,V459
AP497108,Payment Block Release,2024-03-01T12:49:41.527934,V459
AP497108,Payment Scheduled,2024-03-01T20:54:25.240491,V459
AP497108,Payment Executed,2024-03-02T07:05:51.105805,V459
AP497108,Payment Confirmed,2024-03-02T07:48:23.986139,V459
AP497108,Invoice Posted,2024-03-02T08:38:03.600385,V459
AP497108,Document Archived,2024-03-02T09:14:09.782304,V459
AP279130,Invoice Received,2024-03-02T05:38:05.837732,V753
AP279130,Invoice Scanned,2024-03-02T06:00:15.035197,V753
AP279130,Invoice Validation,2024-03-02T08:00:01.340896,V753
AP279130,Three-Way Match,2024-03-02T10:31:47.761538,V753
AP279130,Price Variance Check,2024-03-02T11:53:59.633334,V753
AP279130,Tax Calculation,2024-03-02T12:30:33.211777,V753
AP279130,Approval Requested,2024-03-02T13:12:15.113571,V753
AP279130,Manager Approval,2024-03-02T20:58:54.381549,V753
AP279130,Vendor Master Data Review,2024-03-02T22:06:47.497355,V753
AP279130,Payment Terms Verification,2024-03-02T23:27:01.069096,V753
AP279130,GL Account Assignment,2024-03-03T00:52:33.837196,V753
AP279130,Cost Center Assignment,2024-03-03T01:41:02.256271,V753
AP279130,Payment Block Release,2024-03-03T02:18:47.058748,V753
AP279130,Payment Scheduled,2024-03-03T08:08:30.130464,V753
AP279130,Payment Executed,2024-03-03T13:47:36.237993,V753
AP279130,Payment Confirmed,2024-03-03T15:40:23.821420,V753
AP279130,Invoice Posted,2024-03-03T16:12:28.100818,V753
AP279130,Document Archived,2024-03-03T16:45:38.826386,V753
AP862422,Invoice Received,2024-03-03T12:42:00.399330,V926
AP862422,Invoice Scanned,2024-03-03T13:14:25.777896,V926
AP862422,Invoice Validation,2024-03-03T18:04:58.575394,V926
AP862422,Three-Way Match,2024-03-03T22:50:00.140286,V926
AP862422,Quantity Variance Check,2024-03-04T00:26:37.574189,V926
AP862422,Tax Calculation,2024-03-04T03:07:28.587496,V926
AP862422,Approval Requested,2024-03-04T03:28:55.391703,V926
AP862422,Manager Approval,2024-03-04T14:33:03.861681,V926
AP862422,Vendor Master Data Review,2024-03-04T16:05:21.738098,V926
AP862422,Payment Terms Verification,2024-03-04T17:01:44.466321,V926
AP862422,GL Account Assignment,2024-03-04T18:32:11.644194,V926
AP862422,Cost Center Assignment,2024-03-04T19:36:27.513877,V926
AP862422,Payment Block Release,2024-03-04T20:54:56.354846,V926
AP862422,Payment Scheduled,2024-03-05T04:32:53.314178,V926
AP862422,Payment Executed,2024-03-05T22:26:58.447194,V926
AP862422,Payment Confirmed,2024-03-06T00:17:49.595588,V926
AP862422,Invoice Posted,2024-03-06T01:52:36.685733,V926
AP862422,Document Archived,2024-03-06T02:35:28.528655,V926
AP876936,Invoice Received,2024-03-04T00:38:09.657378,V596
AP876936,Invoice Scanned,2024-03-04T01:07:10.895263,V596
AP876936,Invoice Validation,2024-03-04T03:00:51.803963,V596
AP876936,Approval Requested,2024-03-04T03:39:50.202619,V596
AP876936,Manager Approval,2024-03-04T23:57:36.973409,V596
AP876936,Finance Approval,2024-03-06T00:41:52.121544,V596
AP876936,Vendor Master Data Review,2024-03-06T01:36:11.510655,V596
AP876936,Payment Terms Verification,2024-03-06T02:41:22.382453,V596
AP876936,GL Account Assignment,2024-03-06T03:39:22.511961,V596
AP876936,Cost Center Assignment,2024-03-06T05:18:01.836829,V596
AP876936,Payment Block Release,2024-03-06T05:40:48.625579,V596
AP876936,Payment Scheduled,2024-03-06T10:36:47.884075,V596
AP876936,Payment Executed,2024-03-06T17:11:06.292637,V596
AP876936,Payment Confirmed,2024-03-06T18:50:56.775769,V596
AP876936,Invoice Posted,2024-03-06T19:36:55.839975,V596
AP876936,Document Archived,2024-03-06T20:25:45.040618,V596
AP730343,Invoice Received,2024-03-04T02:23:49.523295,V920
AP730343,Invoice Scanned,2024-03-04T03:08:51.483702,V920
AP730343,Invoice Validation,2024-03-04T05:59:51.954253,V920
AP730343,Three-Way Match,2024-03-04T09:54:55.538406,V920
AP730343,Quantity Variance Check,2024-03-04T13:16:04.002914,V920
AP730343,Tax Calculation,2024-03-04T15:02:57.159038,V920
AP730343,Approval Requested,2024-03-04T15:47:27.538198,V920
AP730343,Manager Approval,2024-03-05T01:19:34.113937,V920
AP730343,Finance Approval,2024-03-07T19:32:07.311639,V920
AP730343,Vendor Master Data Review,2024-03-07T20:48:42.566962,V920
AP730343,Payment Terms Verification,2024-03-07T21:53:17.412951,V920
AP730343,GL Account Assignment,2024-03-08T00:37:40.147534,V920
AP730343,Cost Center Assignment,2024-03-08T02:35:40.390602,V920
AP730343,Payment Block Release,2024-03-08T03:42:12.682666,V920
AP730343,Payment Scheduled,2024-03-08T08:14:42.923774,V920
AP730343,Payment Executed,2024-03-08T14:58:29.003451,V920
AP730343,Payment Confirmed,2024-03-08T16:06:16.705327,V920
AP730343,Invoice Posted,2024-03-08T18:01:08.633775,V920
AP730343,Document Archived,2024-03-08T19:01:01.655326,V920
AP289934,Invoice Received,2024-03-05T19:27:53.095233,V400
AP289934,Invoice Scanned,2024-03-05T20:42:49.951907,V400
AP289934,Invoice Validation,2024-03-06T00:27:42.414402,V400
AP289934,Three-Way Match,2024-03-06T05:25:07.711678,V400
AP289934,Price Variance Check,2024-03-06T08:35:23.716169,V400
AP289934,Tax Calculation,2024-03-06T10:00:23.963461,V400
AP289934,Approval Requested,2024-03-06T11:14:02.729642,V400
AP289934,Manager Approval,2024-03-06T16:40:32.088355,V400
AP289934,Vendor Master Data Review,2024-03-06T18:56:26.470289,V400
AP289934,Payment Terms Verification,2024-03-06T19:48:59.096540,V400
AP289934,GL Account Assignment,2024-03-06T20:50:04.647338,V400
AP289934,Cost Center Assignment,2024-03-06T23:14:53.041202,V400
AP289934,Payment Block Release,2024-03-07T00:24:08.828102,V400
AP289934,Payment Scheduled,2024-03-07T07:03:10.417690,V400
AP289934,Payment Executed,2024-03-07T11:58:03.894711,V400
AP289934,Payment Confirmed,2024-03-07T13:04:00.226818,V400
AP289934,Invoice Posted,2024-03-07T14:52:50.551919,V400
AP289934,Document Archived,2024-03-07T15:48:03.148764,V400
AP309100,Invoice Received,2024-03-07T18:00:40.016936,V848
AP309100,Invoice Scanned,2024-03-07T18:46:39.895967,V848
AP309100,Invoice Validation,2024-03-07T21:22:06.412066,V848
AP309100,Three-Way Match,2024-03-08T00:14:40.370570,V848
AP309100,Price Variance Check,2024-03-08T02:07:54.784083,V848
AP309100,Tax Calculation,2024-03-08T02:59:59.740914,V848
AP309100,Approval Requested,2024-03-08T03:39:07.113292,V848
AP309100,Manager Approval,2024-03-09T02:02:55.932542,V848
AP309100,Vendor Master Data Review,2024-03-09T02:57:29.778310,V848
AP309100,Payment Terms Verification,2024-03-09T04:45:46.923862,V848
AP309100,GL Account Assignment,2024-03-09T06:07:08.844260,V848
AP309100,Cost Center Assignment,2024-03-09T07:19:13.228358,V848
AP309100,Payment Block Release,2024-03-09T07:55:18.097345,V848
AP309100,Payment Scheduled,2024-03-09T11:30:19.937323,V848
AP309100,Payment Executed,2024-03-10T12:56:49.779145,V848
AP309100,Payment Confirmed,2024-03-10T13:31:01.095853,V848
AP309100,Invoice Posted,2024-03-10T14:36:27.344788,V848
AP309100,Document Archived,2024-03-10T15:00:03.337408,V848
AP794663,Invoice Received,2024-03-09T01:20:13.735672,V632
AP794663,Invoice Scanned,2024-03-09T02:08:44.443562,V632
AP794663,Invoice Validation,2024-03-09T03:24:15.775919,V632
AP794663,Three-Way Match,2024-03-09T06:06:33.242092,V632
AP794663,Price Variance Check,2024-03-09T08:05:29.584559,V632
AP794663,Tax Calculation,2024-03-09T08:56:15.955917,V632
AP794663,Approval Requested,2024-03-09T09:27:41.193588,V632
AP794663,Manager Approval,2024-03-09T11:52:59.837997,V632
AP794663,Vendor Master Data Review,2024-03-09T13:56:30.408414,V632
AP794663,Payment Terms Verification,2024-03-09T14:38:37.275501,V632
AP794663,GL Account Assignment,2024-03-09T15:17:26.858975,V632
AP794663,Cost Center Assignment,2024-03-09T17:17:38.825937,V632
AP794663,Payment Block Release,2024-03-09T17:36:17.868752,V632
AP794663,Payment Scheduled,2024-03-09T22:13:10.074190,V632
AP794663,Payment Executed,2024-03-10T15:31:20.566087,V632
AP794663,Payment Confirmed,2024-03-10T16:14:10.309545,V632
AP794663,Invoice Posted,2024-03-10T17:01:12.593227,V632
AP794663,Document Archived,2024-03-10T17:55:38.818865,V632
AP520245,Invoice Received,2024-03-09T09:03:27.049888,V509
AP520245,Invoice Scanned,2024-03-09T10:15:03.412078,V509
AP520245,Invoice Validation,2024-03-09T13:41:24.188983,V509
AP520245,Three-Way Match,2024-03-09T16:50:46.124749,V509
AP520245,Price Variance Check,2024-03-09T19:07:27.900785,V509
AP520245,Tax Calculation,2024-03-09T20:42:48.027593,V509
AP520245,Approval Requested,2024-03-09T21:13:07.356767,V509
AP520245,Manager Approval,2024-03-11T02:24:10.460882,V509
AP520245,Finance Approval,2024-03-12T23:31:57.814913,V509
AP520245,Vendor Master Data Review,2024-03-13T00:09:01.342824,V509
AP520245,Payment Terms Verification,2024-03-13T02:09:05.616235,V509
AP520245,GL Account Assignment,2024-03-13T03:49:55.644469,V509
AP520245,Cost Center Assignment,2024-03-13T05:31:15.779325,V509
AP520245,Payment Block Release,2024-03-13T06:18:03.303049,V509
AP520245,Payment Scheduled,2024-03-13T10:13:55.787424,V509
AP520245,Payment Executed,2024-03-14T02:10:22.115506,V509
AP520245,Payment Confirmed,2024-03-14T04:07:37.681087,V509
AP520245,Invoice Posted,2024-03-14T05:07:57.867987,V509
AP520245,Document Archived,2024-03-14T06:01:52.090457,V509
AP152796,Invoice Received,2024-03-10T08:23:32.282514,V619
AP152796,Invoice Scanned,2024-03-10T08:41:39.044943,V619
AP152796,Invoice Validation,2024-03-10T10:37:22.173133,V619
AP152796,Three-Way Match,2024-03-10T12:24:10.186046,V619
AP152796,Quantity Variance Check,2024-03-10T13:14:24.743663,V619
AP152796,Tax Calculation,2024-03-10T13:32:29.215789,V619
AP152796,Approval Requested,2024-03-10T14:00:55.968406,V619
AP152796,Manager Approval,2024-03-10T19:03:20.072665,V619
AP152796,Vendor Master Data Review,2024-03-10T19:40:25.818685,V619
AP152796,Payment Terms Verification,2024-03-10T20:32:42.454479,V619
AP152796,GL Account Assignment,2024-03-10T21:28:15.120092,V619
AP152796,Cost Center Assignment,2024-03-10T22:00:14.859352,V619
AP152796,Payment Block Release,2024-03-10T22:24:59.527631,V619
AP152796,Payment Scheduled,2024-03-11T01:08:29.977372,V619
AP152796,Payment Executed,2024-03-11T04:12:19.497570,V619
AP152796,Payment Confirmed,2024-03-11T05:26:24.496554,V619
AP152796,Invoice Posted,2024-03-11T06:19:56.677992,V619
AP152796,Document Archived,2024-03-11T06:43:04.211949,V619
AP534603,Invoice Received,2024-03-11T23:56:06.641031,V147
AP534603,Invoice Scanned,2024-03-12T00:44:52.339607,V147
AP534603,Invoice Validation,2024-03-12T04:03:03.846512,V147
AP534603,Three-Way Match,2024-03-12T07:25:41.911352,V147
AP534603,Tax Calculation,2024-03-12T09:10:28.304764,V147
AP534603,Approval Requested,2024-03-12T09:59:38.099025,V147
AP534603,Manager Approval,2024-03-13T01:22:43.000626,V147
AP534603,Vendor Master Data Review,2024-03-13T02:59:37.915359,V147
AP534603,Payment Terms Verification,2024-03-13T04:16:38.737575,V147
AP534603,GL Account Assignment,2024-03-13T05:46:19.723464,V147
AP534603,Cost Center Assignment,2024-03-13T07:41:27.579529,V147
AP534603,Payment Block Release,2024-03-13T08:17:43.156838,V147
AP534603,Payment Scheduled,2024-03-13T12:23:40.365284,V147
AP534603,Payment Executed,2024-03-14T09:48:32.729050,V147
AP534603,Payment Confirmed,2024-03-14T10:39:00.809611,V147
AP534603,Invoice Posted,2024-03-14T11:44:18.066220,V147
AP534603,Document Archived,2024-03-14T12:36:40.084921,V147
AP221011,Invoice Received,2024-03-13T00:11:16.601117,V879
AP221011,Invoice Scanned,2024-03-13T00:54:48.758106,V879
AP221011,Invoice Validation,2024-03-13T04:08:09.389504,V879
AP221011,Approval Requested,2024-03-13T04:59:59.837780,V879
AP221011,Manager Approval,2024-03-13T10:33:03.887141,V879
AP221011,Finance Approval,2024-03-14T18:32:23.857128,V879
AP221011,Vendor Master Data Review,2024-03-14T19:32:04.918909,V879
AP221011,Payment Terms Verification,2024-03-14T20:34:22.932668,V879
AP221011,GL Account Assignment,2024-03-14T22:01:13.501782,V879
AP221011,Cost Center Assignment,2024-03-14T23:51:52.209719,V879
AP221011,Payment Block Release,2024-03-15T00:27:54.112253,V879
AP221011,Payment Scheduled,2024-03-15T06:40:51.381663,V879
AP221011,Payment Executed,2024-03-16T04:11:50.250232,V879
AP221011,Payment Confirmed,2024-03-16T06:00:49.920152,V879
AP221011,Invoice Posted,2024-03-16T06:28:53.934378,V879
AP221011,Document Archived,2024-03-16T07:26:27.831288,V879
AP779091,Invoice Received,2024-03-14T17:36:36.745678,V476
AP779091,Invoice Scanned,2024-03-14T18:54:45.288191,V476
AP779091,Invoice Validation,2024-03-14T21:04:58.675467,V476
AP779091,Three-Way Match,2024-03-15T00:39:37.110748,V476
AP779091,Price Variance Check,2024-03-15T03:10:01.431693,V476
AP779091,Tax Calculation,2024-03-15T04:48:19.338590,V476
AP779091,Approval Requested,2024-03-15T05:41:43.390422,V476
AP779091,Manager Approval,2024-03-15T15:32:49.271502,V476
AP779091,Vendor Master Data Review,2024-03-15T17:32:51.344098,V476
AP779091,Payment Terms Verification,2024-03-15T19:14:22.790017,V476
AP779091,GL Account Assignment,2024-03-15T20:23:04.548195,V476
AP779091,Cost Center Assignment,2024-03-15T21:10:52.394662,V476
AP779091,Payment Block Release,2024-03-15T21:54:08.077471,V476
AP779091,Payment Scheduled,2024-03-16T01:56:27.038973,V476
AP779091,Payment Executed,2024-03-16T14:06:15.228620,V476
AP779091,Payment Confirmed,2024-03-16T17:04:42.639627,V476
AP779091,Invoice Posted,2024-03-16T17:48:06.192035,V476
AP779091,Document Archived,2024-03-16T19:04:58.460071,V476
AP436526,Invoice Received,2024-03-16T01:03:08.424602,V490
AP436526,Invoice Scanned,2024-03-16T01:50:31.373799,V490
AP436526,Invoice Validation,2024-03-16T06:11:19.484826,V490
AP436526,Approval Requested,2024-03-16T06:49:08.948919,V490
AP436526,Manager Approval,2024-03-16T15:05:43.644073,V490
AP436526,Vendor Master Data Review,2024-03-16T16:16:04.248899,V490
AP436526,Payment Terms Verification,2024-03-16T16:49:30.443678,V490
AP436526,GL Account Assignment,2024-03-16T19:20:12.336753,V490
AP436526,Cost Center Assignment,2024-03-16T20:12:56.195836,V490
AP436526,Payment Block Release,2024-03-16T21:39:17.242683,V490
AP436526,Payment Scheduled,2024-03-17T08:44:00.101791,V490
AP436526,Payment Executed,2024-03-18T00:57:55.469245,V490
AP436526,Payment Confirmed,2024-03-18T01:49:23.437384,V490
AP436526,Invoice Posted,2024-03-18T03:25:32.443669,V490
AP436526,Document Archived,2024-03-18T04:10:37.304605,V490
AP660814,Invoice Received,2024-03-16T21:37:55.363948,V106
AP660814,Invoice Scanned,2024-03-16T22:17:14.211291,V106
AP660814,Invoice Validation,2024-03-17T01:05:33.692135,V106
AP660814,Approval Requested,2024-03-17T01:26:32.279835,V106
AP660814,Manager Approval,2024-03-17T11:14:46.934104,V106
AP660814,Vendor Master Data Review,2024-03-17T12:19:34.681697,V106
AP660814,Payment Terms Verification,2024-03-17T13:23:46.254787,V106
AP660814,GL Account Assignment,2024-03-17T14:51:37.728670,V106
AP660814,Cost Center Assignment,2024-03-17T16:42:05.419383,V106
AP660814,Payment Block Release,2024-03-17T17:15:05.758803,V106
AP660814,Payment Scheduled,2024-03-17T21:14:07.588686,V106
AP660814,Payment Executed,2024-03-18T11:27:53.757874,V106
AP660814,Payment Confirmed,2024-03-18T12:23:26.773639,V106
AP660814,Invoice Posted,2024-03-18T13:15:12.326139,V106
AP660814,Document Archived,2024-03-18T13:44:09.582350,V106
AP290167,Invoice Received,2024-03-17T11:04:44.856156,V787
AP290167,Invoice Scanned,2024-03-17T12:26:36.581597,V787
AP290167,Invoice Validation,2024-03-17T15:21:21.955618,V787
AP290167,Three-Way Match,2024-03-17T18:29:11.653935,V787
AP290167,Quantity Variance Check,2024-03-17T20:11:02.655216,V787
AP290167,Tax Calculation,2024-03-17T21:00:05.201266,V787
AP290167,Approval Requested,2024-03-17T21:34:33.180283,V787
AP290167,Manager Approval,2024-03-18T08:23:53.571789,V787
AP290167,Vendor Master Data Review,2024-03-18T09:33:43.278735,V787
AP290167,Payment Terms Verification,2024-03-18T10:06:32.105691,V787
AP290167,GL Account Assignment,2024-03-18T11:59:28.437241,V787
AP290167,Cost Center Assignment,2024-03-18T12:54:41.130187,V787
AP290167,Payment Block Release,2024-03-18T13:35:15.001236,V787
AP290167,Payment Scheduled,2024-03-18T19:07:59.288376,V787
AP290167,Payment Executed,2024-03-19T23:43:25.460881,V787
AP290167,Payment Confirmed,2024-03-20T01:08:40.592880,V787
AP290167,Invoice Posted,2024-03-20T01:45:25.062967,V787
AP290167,Document Archived,2024-03-20T02:22:17.649122,V787
AP138436,Invoice Received,2024-03-18T14:43:04.524403,V664
AP138436,Invoice Scanned,2024-03-18T15:21:15.441561,V664
AP138436,Invoice Validation,2024-03-18T19:09:37.045540,V664
AP138436,Approval Requested,2024-03-18T19:30:39.091684,V664
AP138436,Manager Approval,2024-03-19T03:33:26.210587,V664
AP138436,Finance Approval,2024-03-21T10:55:10.466532,V664
AP138436,Vendor Master Data Review,2024-03-21T12:19:12.249067,V664
AP138436,Payment Terms Verification,2024-03-21T13:42:18.473822,V664
AP138436,GL Account Assignment,2024-03-21T14:29:28.256613,V664
AP138436,Cost Center Assignment,2024-03-21T15:06:37.612109,V664
AP138436,Payment Block Release,2024-03-21T15:30:39.683859,V664
AP138436,Payment Scheduled,2024-03-21T21:12:49.559028,V664
AP138436,Payment Executed,2024-03-22T22:59:02.784806,V664
AP138436,Payment Confirmed,2024-03-23T00:13:23.332717,V664
AP138436,Invoice Posted,2024-03-23T01:32:31.538324,V664
AP138436,Document Archived,2024-03-23T02:14:42.945472,V664
AP976052,Invoice Received,2024-03-19T10:28:27.094630,V179
AP976052,Invoice Scanned,2024-03-19T11:04:26.305661,V179
AP976052,Invoice Validation,2024-03-19T13:31:01.022257,V179
AP976052,Three-Way Match,2024-03-19T16:56:44.112195,V179
AP976052,Price Variance Check,2024-03-19T18:09:57.608220,V179
AP976052,Tax Calculation,2024-03-19T18:54:12.076552,V179
AP976052,Approval Requested,2024-03-19T19:12:20.032001,V179
AP976052,Manager Approval,2024-03-20T12:55:09.300598,V179
AP976052,Vendor Master Data Review,2024-03-20T13:37:29.025458,V179
AP976052,Payment Terms Verification,2024-03-20T14:03:39.148047,V179
AP976052,GL Account Assignment,2024-03-20T14:50:27.599623,V179
AP976052,Cost Center Assignment,2024-03-20T15:57:29.172561,V179
AP976052,Payment Block Release,2024-03-20T16:24:49.339830,V179
AP976052,Payment Scheduled,2024-03-20T20:45:32.725884,V179
AP976052,Payment Executed,2024-03-21T12:30:04.091485,V179
AP976052,Payment Confirmed,2024-03-21T13:54:22.718393,V179
AP976052,Invoice Posted,2024-03-21T14:45:43.354754,V179
AP976052,Document Archived,2024-03-21T15:42:59.189515,V179
AP859364,Invoice Received,2024-03-19T20:57:04.760092,V802
AP859364,Invoice Scanned,2024-03-19T21:21:15.595362,V802
AP859364,Invoice Validation,2024-03-19T23:11:33.107272,V802
AP859364,Three-Way Match,2024-03-20T02:21:21.523904,V802
AP859364,Price Variance Check,2024-03-20T04:23:50.282143,V802
AP859364,Tax Calculation,2024-03-20T06:04:31.204508,V802
AP859364,Approval Requested,2024-03-20T06:35:47.641205,V802
AP859364,Manager Approval,2024-03-21T06:00:37.531039,V802
AP859364,Vendor Master Data Review,2024-03-21T07:29:50.167771,V802
AP859364,Payment Terms Verification,2024-03-21T08:04:08.999980,V802
AP859364,GL Account Assignment,2024-03-21T09:58:11.691746,V802
AP859364,Cost Center Assignment,2024-03-21T11:29:13.491351,V802
AP859364,Payment Block Release,2024-03-21T12:08:07.084383,V802
AP859364,Payment Scheduled,2024-03-21T16:28:40.256542,V802
AP859364,Payment Executed,2024-03-22T03:35:59.320342,V802
AP859364,Payment Confirmed,2024-03-22T04:26:56.013393,V802
AP859364,Invoice Posted,2024-03-22T05:36:24.857842,V802
AP859364,Document Archived,2024-03-22T06:24:12.462542,V802
AP783226,Invoice Received,2024-03-20T13:46:00.375221,V699
AP783226,Invoice Scanned,2024-03-20T14:14:38.185912,V699
AP783226,Invoice Validation,2024-03-20T17:23:43.926481,V699
AP783226,Approval Requested,2024-03-20T17:58:32.238591,V699
AP783226,Manager Approval,2024-03-21T00:58:20.142498,V699
AP783226,Vendor Master Data Review,2024-03-21T02:40:38.878115,V699
AP783226,Payment Terms Verification,2024-03-21T04:18:50.331762,V699
AP783226,GL Account Assignment,2024-03-21T05:39:12.243260,V699
AP783226,Cost Center Assignment,2024-03-21T06:40:59.161961,V699
AP783226,Payment Block Release,2024-03-21T07:31:11.337352,V699
AP783226,Payment Scheduled,2024-03-21T13:45:58.439862,V699
AP783226,Payment Executed,2024-03-21T21:50:57.478172,V699
AP783226,Payment Confirmed,2024-03-21T22:22:44.676379,V699
AP783226,Invoice Posted,2024-03-21T22:54:35.836542,V699
AP783226,Document Archived,2024-03-21T23:37:35.034048,V699
AP960072,Invoice Received,2024-03-22T00:53:34.222091,V279
AP960072,Invoice Scanned,2024-03-22T01:38:32.961446,V279
AP960072,Invoice Validation,2024-03-22T02:40:21.619597,V279
AP960072,Three-Way Match,2024-03-22T04:57:30.429856,V279
AP960072,Price Variance Check,2024-03-22T06:01:23.286658,V279
AP960072,Tax Calculation,2024-03-22T08:01:10.999611,V279
AP960072,Approval Requested,2024-03-22T08:31:42.148952,V279
AP960072,Manager Approval,2024-03-22T22:05:28.177227,V279
AP960072,Finance Approval,2024-03-23T14:55:04.877964,V279
AP960072,Vendor Master Data Review,2024-03-23T16:00:30.336726,V279
AP960072,Payment Terms Verification,2024-03-23T17:07:19.230534,V279
AP960072,GL Account Assignment,2024-03-23T18:13:51.484154,V279
AP960072,Cost Center Assignment,2024-03-23T18:43:23.307584,V279
AP960072,Payment Block Release,2024-03-23T19:41:31.566492,V279
AP960072,Payment Scheduled,2024-03-24T03:02:28.246913,V279
AP960072,Payment Executed,2024-03-24T22:08:13.857978,V279
AP960072,Payment Confirmed,2024-03-24T23:46:48.131413,V279
AP960072,Invoice Posted,2024-03-25T00:49:57.644207,V279
AP960072,Document Archived,2024-03-25T01:02:19.575871,V279
AP809794,Invoice Received,2024-03-22T05:47:43.311439,V818
AP809794,Invoice Scanned,2024-03-22T06:15:23.427403,V818
AP809794,Invoice Validation,2024-03-22T07:34:16.193877,V818
AP809794,Three-Way Match,2024-03-22T11:31:13.775924,V818
AP809794,Tax Calculation,2024-03-22T12:32:59.242056,V818
AP809794,Approval Requested,2024-03-22T13:01:44.902487,V818
AP809794,Manager Approval,2024-03-23T08:50:15.977089,V818
AP809794,Finance Approval,2024-03-24T22:26:22.783787,V818
AP809794,Vendor Master Data Review,2024-03-24T23:05:27.367303,V818
AP809794,Payment Terms Verification,2024-03-24T23:38:51.366835,V818
AP809794,GL Account Assignment,2024-03-25T01:05:56.415649,V818
AP809794,Cost Center Assignment,2024-03-25T02:36:19.135116,V818
AP809794,Payment Block Release,2024-03-25T03:10:56.768588,V818
AP809794,Payment Scheduled,2024-03-25T11:26:03.095874,V818
AP809794,Payment Executed,2024-03-26T02:16:40.696279,V818
AP809794,Payment Confirmed,2024-03-26T03:00:51.293691,V818
AP809794,Invoice Posted,2024-03-26T03:35:59.883072,V818
AP809794,Document Archived,2024-03-26T04:11:26.052185,V818
AP226215,Invoice Received,2024-03-23T02:37:39.423864,V815
AP226215,Invoice Scanned,2024-03-23T03:20:48.316021,V815
AP226215,Invoice Validation,2024-03-23T05:43:59.915056,V815
AP226215,Three-Way Match,2024-03-23T08:30:11.718508,V815
AP226215,Tax Calculation,2024-03-23T09:23:22.609343,V815
AP226215,Approval Requested,2024-03-23T10:00:39.099707,V815
AP226215,Manager Approval,2024-03-23T20:36:38.845710,V815
AP226215,Vendor Master Data Review,2024-03-23T22:43:34.303224,V815
AP226215,Payment Terms Verification,2024-03-24T00:29:59.102387,V815
AP226215,GL Account Assignment,2024-03-24T02:04:02.165443,V815
AP226215,Cost Center Assignment,2024-03-24T03:39:27.750507,V815
AP226215,Payment Block Release,2024-03-24T04:08:27.862161,V815
AP226215,Payment Scheduled,2024-03-24T10:00:12.980329,V815
AP226215,Payment Executed,2024-03-24T22:22:05.230306,V815
AP226215,Payment Confirmed,2024-03-24T22:50:52.795916,V815
AP226215,Invoice Posted,2024-03-24T23:35:25.052146,V815
AP226215,Document Archived,2024-03-24T23:56:38.559971,V815
AP949363,Invoice Received,2024-03-23T16:40:13.125497,V363
AP949363,Invoice Scanned,2024-03-23T17:27:43.502484,V363
AP949363,Invoice Validation,2024-03-23T20:27:25.313069,V363
AP949363,Approval Requested,2024-03-23T20:53:17.025850,V363
AP949363,Manager Approval,2024-03-24T15:31:41.396482,V363
AP949363,Finance Approval,2024-03-25T22:04:47.567964,V363
AP949363,Vendor Master Data Review,2024-03-25T23:59:01.027437,V363
AP949363,Payment Terms Verification,2024-03-26T01:10:02.028190,V363
AP949363,GL Account Assignment,2024-03-26T02:42:52.546602,V363
AP949363,Cost Center Assignment,2024-03-26T03:44:39.127595,V363
AP949363,Payment Block Release,2024-03-26T04:25:07.677982,V363
AP949363,Payment Scheduled,2024-03-26T12:16:41.024522,V363
AP949363,Payment Executed,2024-03-27T02:24:36.240283,V363
AP949363,Payment Confirmed,2024-03-27T03:55:27.175025,V363
AP949363,Invoice Posted,2024-03-27T04:53:14.219410,V363
AP949363,Document Archived,2024-03-27T05:16:42.285241,V363
AP156440,Invoice Received,2024-03-24T00:27:14.285974,V126
AP156440,Invoice Scanned,2024-03-24T00:51:57.941466,V126
AP156440,Invoice Validation,2024-03-24T05:13:09.024314,V126
AP156440,Three-Way Match,2024-03-24T11:01:28.415698,V126
AP156440,Price Variance Check,2024-03-24T13:09:50.647781,V126
AP156440,Tax Calculation,2024-03-24T14:36:45.873305,V126
AP156440,Approval Requested,2024-03-24T15:26:24.380728,V126
AP156440,Manager Approval,2024-03-25T05:51:27.950508,V126
AP156440,Vendor Master Data Review,2024-03-25T07:29:07.978373,V126
AP156440,Payment Terms Verification,2024-03-25T09:43:39.301895,V126
AP156440,GL Account Assignment,2024-03-25T11:30:10.333087,V126
AP156440,Cost Center Assignment,2024-03-25T12:48:35.010886,V126
AP156440,Payment Block Release,2024-03-25T13:21:59.545418,V126
AP156440,Payment Scheduled,2024-03-25T15:51:56.284958,V126
AP156440,Payment Executed,2024-03-25T23:14:54.279149,V126
AP156440,Payment Confirmed,2024-03-26T01:04:49.674025,V126
AP156440,Invoice Posted,2024-03-26T02:20:27.332661,V126
AP156440,Document Archived,2024-03-26T03:16:39.442257,V126
AP558339,Invoice Received,2024-03-25T02:40:54.291772,V504
AP558339,Invoice Scanned,2024-03-25T03:21:46.129773,V504
AP558339,Invoice Validation,2024-03-25T05:54:37.733875,V504
AP558339,Approval Requested,2024-03-25T06:35:01.190281,V504
AP558339,Manager Approval,2024-03-25T21:04:50.498432,V504
AP558339,Finance Approval,2024-03-26T06:00:57.415699,V504
AP558339,Vendor Master Data Review,2024-03-26T06:35:28.166921,V504
AP558339,Payment Terms Verification,2024-03-26T07:57:05.084407,V504
AP558339,GL Account Assignment,2024-03-26T08:42:45.554567,V504
AP558339,Cost Center Assignment,2024-03-26T10:17:09.328827,V504
AP558339,Payment Block Release,2024-03-26T10:41:42.288631,V504
AP558339,Payment Scheduled,2024-03-26T12:19:29.757525,V504
AP558339,Payment Executed,2024-03-27T05:39:45.237404,V504
AP558339,Payment Confirmed,2024-03-27T06:46:04.056624,V504
AP558339,Invoice Posted,2024-03-27T07:59:45.604160,V504
AP558339,Document Archived,2024-03-27T08:28:59.790276,V504
AP500112,Invoice Received,2024-03-25T13:16:03.894884,V948
AP500112,Invoice Scanned,2024-03-25T14:02:12.695804,V948
AP500112,Invoice Validation,2024-03-25T18:14:31.127776,V948
AP500112,Approval Requested,2024-03-25T18:39:07.489771,V948
AP500112,Manager Approval,2024-03-26T09:39:46.381514,V948
AP500112,Vendor Master Data Review,2024-03-26T10:37:45.213477,V948
AP500112,Payment Terms Verification,2024-03-26T11:58:41.758130,V948
AP500112,GL Account Assignment,2024-03-26T13:03:09.372707,V948
AP500112,Cost Center Assignment,2024-03-26T15:11:36.315767,V948
AP500112,Payment Block Release,2024-03-26T15:45:00.650212,V948
AP500112,Payment Scheduled,2024-03-26T22:05:04.281947,V948
AP500112,Payment Executed,2024-03-28T03:02:46.720930,V948
AP500112,Payment Confirmed,2024-03-28T04:37:53.893300,V948
AP500112,Invoice Posted,2024-03-28T05:40:45.491629,V948
AP500112,Document Archived,2024-03-28T06:23:50.855667,V948
AP261395,Invoice Received,2024-03-27T02:26:32.998309,V818
AP261395,Invoice Scanned,2024-03-27T02:50:29.929040,V818
AP261395,Invoice Validation,2024-03-27T04:43:52.387716,V818
AP261395,Approval Requested,2024-03-27T04:56:01.052266,V818
AP261395,Manager Approval,2024-03-27T09:50:18.221140,V818
AP261395,Vendor Master Data Review,2024-03-27T10:55:39.103961,V818
AP261395,Payment Terms Verification,2024-03-27T12:01:35.096765,V818
AP261395,GL Account Assignment,2024-03-27T13:07:47.915555,V818
AP261395,Cost Center Assignment,2024-03-27T14:22:04.810227,V818
AP261395,Payment Block Release,2024-03-27T14:53:51.492627,V818
AP261395,Payment Scheduled,2024-03-27T19:05:39.686520,V818
AP261395,Payment Executed,2024-03-28T12:19:15.812341,V818
AP261395,Payment Confirmed,2024-03-28T13:11:53.469611,V818
AP261395,Invoice Posted,2024-03-28T13:45:47.325114,V818
AP261395,Document Archived,2024-03-28T14:06:00.269111,V818
AP529711,Invoice Received,2024-03-28T15:32:22.801470,V756
AP529711,Invoice Scanned,2024-03-28T15:48:20.005761,V756
AP529711,Invoice Validation,2024-03-28T16:32:35.068249,V756
AP529711,Three-Way Match,2024-03-28T18:20:28.980357,V756
AP529711,Price Variance Check,2024-03-28T20:00:13.605777,V756
AP529711,Tax Calculation,2024-03-28T20:24:41.103727,V756
AP529711,Approval Requested,2024-03-28T20:39:15.388257,V756
AP529711,Manager Approval,2024-03-29T16:58:37.765120,V756
AP529711,Vendor Master Data Review,2024-03-29T18:04:44.234413,V756
AP529711,Payment Terms Verification,2024-03-29T19:44:11.872559,V756
AP529711,GL Account Assignment,2024-03-29T20:13:42.862409,V756
AP529711,Cost Center Assignment,2024-03-29T21:40:52.068959,V756
AP529711,Payment Block Release,2024-03-29T22:00:47.659591,V756
AP529711,Payment Scheduled,2024-03-30T00:35:52.350606,V756
AP529711,Payment Executed,2024-03-30T14:41:30.954491,V756
AP529711,Payment Confirmed,2024-03-30T15:47:12.937570,V756
AP529711,Invoice Posted,2024-03-30T17:08:48.763443,V756
AP529711,Document Archived,2024-03-30T17:45:01.004199,V756
AP629208,Invoice Received,2024-03-28T23:50:06.203557,V445
AP629208,Invoice Scanned,2024-03-29T01:09:31.624939,V445
AP629208,Invoice Validation,2024-03-29T06:36:28.805195,V445
AP629208,Three-Way Match,2024-03-29T12:45:25.965659,V445
AP629208,Price Variance Check,2024-03-29T14:34:02.608850,V445
AP629208,Tax Calculation,2024-03-29T16:18:48.293576,V445
AP629208,Approval Requested,2024-03-29T17:09:02.326903,V445
AP629208,Manager Approval,2024-03-29T20:10:47.861994,V445
AP629208,Finance Approval,2024-03-30T09:58:31.836741,V445
AP629208,Vendor Master Data Review,2024-03-30T12:04:36.675575,V445
AP629208,Payment Terms Verification,2024-03-30T14:25:05.799408,V445
AP629208,GL Account Assignment,2024-03-30T16:40:58.236772,V445
AP629208,Cost Center Assignment,2024-03-30T18:02:50.634071,V445
AP629208,Payment Block Release,2024-03-30T18:26:47.349617,V445
AP629208,Payment Scheduled,2024-03-30T22:14:09.764989,V445
AP629208,Payment Executed,2024-03-31T17:14:18.919212,V445
AP629208,Payment Confirmed,2024-03-31T17:55:32.639039,V445
AP629208,Invoice Posted,2024-03-31T19:38:26.436775,V445
AP629208,Document Archived,2024-03-31T20:30:37.102990,V445
AP500080,Invoice Received,2024-03-30T07:25:54.860172,V180
AP500080,Invoice Scanned,2024-03-30T08:12:41.503098,V180
AP500080,Invoice Validation,2024-03-30T09:32:21.663961,V180
AP500080,Approval Requested,2024-03-30T10:27:13.891992,V180
AP500080,Manager Approval,2024-03-30T21:57:22.947675,V180
AP500080,Vendor Master Data Review,2024-03-30T22:50:24.868011,V180
AP500080,Payment Terms Verification,2024-03-31T00:00:44.959925,V180
AP500080,GL Account Assignment,2024-03-31T02:05:59.896551,V180
AP500080,Cost Center Assignment,2024-03-31T03:06:09.562664,V180
AP500080,Payment Block Release,2024-03-31T03:44:15.401058,V180
AP500080,Payment Scheduled,2024-03-31T08:25:45.727011,V180
AP500080,Payment Executed,2024-03-31T16:14:23.825828,V180
AP500080,Payment Confirmed,2024-03-31T17:44:37.720464,V180
AP500080,Invoice Posted,2024-03-31T18:24:57.386939,V180
AP500080,Document Archived,2024-03-31T19:07:25.304589,V180
AP550956,Invoice Received,2024-03-31T09:16:43.165853,V431
AP550956,Invoice Scanned,2024-03-31T09:42:09.555596,V431
AP550956,Invoice Validation,2024-03-31T11:25:50.326083,V431
AP550956,Approval Requested,2024-03-31T11:42:50.658821,V431
AP550956,Manager Approval,2024-04-01T04:13:05.898458,V431
AP550956,Vendor Master Data Review,2024-04-01T05:33:59.361633,V431
AP550956,Payment Terms Verification,2024-04-01T06:12:26.441310,V431
AP550956,GL Account Assignment,2024-04-01T07:21:45.046275,V431
AP550956,Cost Center Assignment,2024-04-01T08:00:59.334675,V431
AP550956,Payment Block Release,2024-04-01T08:28:18.679261,V431
AP550956,Payment Scheduled,2024-04-01T12:04:25.936441,V431
AP550956,Payment Executed,2024-04-01T18:47:10.502058,V431
AP550956,Payment Confirmed,2024-04-01T19:53:48.874464,V431
AP550956,Invoice Posted,2024-04-01T21:12:50.594814,V431
AP550956,Document Archived,2024-04-01T21:57:56.338802,V431
AP830361,Invoice Received,2024-03-31T22:47:02.405816,V732
AP830361,Invoice Scanned,2024-03-31T23:02:21.672353,V732
AP830361,Invoice Validation,2024-04-01T01:51:46.840003,V732
AP830361,Three-Way Match,2024-04-01T04:47:16.505154,V732
AP830361,Price Variance Check,2024-04-01T07:09:49.229749,V732
AP830361,Tax Calculation,2024-04-01T08:38:21.166403,V732
AP830361,Approval Requested,2024-04-01T08:51:41.666607,V732
AP830361,Manager Approval,2024-04-01T21:18:15.559264,V732
AP830361,Finance Approval,2024-04-03T06:11:07.480803,V732
AP830361,Vendor Master Data Review,2024-04-03T07:13:46.309858,V732
AP830361,Payment Terms Verification,2024-04-03T07:59:26.293120,V732
AP830361,GL Account Assignment,2024-04-03T09:25:25.708635,V732
AP830361,Cost Center Assignment,2024-04-03T10:06:03.654205,V732
AP830361,Payment Block Release,2024-04-03T11:02:10.782120,V732
AP830361,Payment Scheduled,2024-04-03T13:32:57.635033,V732
AP830361,Payment Executed,2024-04-03T19:26:30.204385,V732
AP830361,Payment Confirmed,2024-04-03T20:50:10.466178,V732
AP830361,Invoice Posted,2024-04-03T21:45:47.906696,V732
AP830361,Document Archived,2024-04-03T22:10:01.438632,V732
AP709254,Invoice Received,2024-04-01T22:08:01.606293,V654
AP709254,Invoice Scanned,2024-04-01T22:54:56.713169,V654
AP709254,Invoice Validation,2024-04-02T01:15:39.022506,V654
AP709254,Approval Requested,2024-04-02T01:55:51.214079,V654
AP709254,Manager Approval,2024-04-02T05:02:39.434603,V654
AP709254,Vendor Master Data Review,2024-04-02T05:49:12.400922,V654
AP709254,Payment Terms Verification,2024-04-02T06:15:51.465041,V654
AP709254,GL Account Assignment,2024-04-02T07:50:19.179467,V654
AP709254,Cost Center Assignment,2024-04-02T09:26:48.337162,V654
AP709254,Payment Block Release,2024-04-02T09:43:37.455867,V654
AP709254,Payment Scheduled,2024-04-02T11:59:39.835165,V654
AP709254,Payment Executed,2024-04-03T02:48:37.059439,V654
AP709254,Payment Confirmed,2024-04-03T03:24:50.072028,V654
AP709254,Invoice Posted,2024-04-03T04:40:05.572554,V654
AP709254,Document Archived,2024-04-03T05:13:45.372653,V654
AP271742,Invoice Received,2024-04-02T08:32:55.651727,V297
AP271742,Invoice Scanned,2024-04-02T09:39:46.357135,V297
AP271742,Invoice Validation,2024-04-02T12:19:07.062063,V297
AP271742,Three-Way Match,2024-04-02T15:31:10.301099,V297
AP271742,Quantity Variance Check,2024-04-02T17:55:17.507421,V297
AP271742,Tax Calculation,2024-04-02T19:41:59.427503,V297
AP271742,Approval Requested,2024-04-02T20:29:50.539197,V297
AP271742,Manager Approval,2024-04-03T09:02:35.392209,V297
AP271742,Vendor Master Data Review,2024-04-03T10:25:16.205235,V297
AP271742,Payment Terms Verification,2024-04-03T10:53:30.378259,V297
AP271742,GL Account Assignment,2024-04-03T12:58:58.583378,V297
AP271742,Cost Center Assignment,2024-04-03T14:32:33.547976,V297
AP271742,Payment Block Release,2024-04-03T15:08:25.919884,V297
AP271742,Payment Scheduled,2024-04-03T18:12:13.452188,V297
AP271742,Payment Executed,2024-04-04T12:00:34.835824,V297
AP271742,Payment Confirmed,2024-04-04T13:06:32.888471,V297
AP271742,Invoice Posted,2024-04-04T14:56:15.422133,V297
AP271742,Document Archived,2024-04-04T15:15:19.913369,V297
AP672949,Invoice Received,2024-04-02T19:27:05.664558,V238
AP672949,Invoice Scanned,2024-04-02T20:12:13.922890,V238
AP672949,Invoice Validation,2024-04-02T23:33:30.709713,V238
AP672949,Three-Way Match,2024-04-03T05:02:23.106121,V238
AP672949,Price Variance Check,2024-04-03T07:18:33.338154,V238
AP672949,Tax Calculation,2024-04-03T08:38:26.532160,V238
AP672949,Approval Requested,2024-04-03T09:40:53.863464,V238
AP672949,Manager Approval,2024-04-03T15:52:24.354979,V238
AP672949,Finance Approval,2024-04-04T03:42:32.288160,V238
AP672949,Vendor Master Data Review,2024-04-04T05:24:56.417416,V238
AP672949,Payment Terms Verification,2024-04-04T06:54:29.859192,V238
AP672949,GL Account Assignment,2024-04-04T08:59:11.818791,V238
AP672949,Cost Center Assignment,2024-04-04T09:58:11.905881,V238
AP672949,Payment Block Release,2024-04-04T10:16:38.609218,V238
AP672949,Payment Scheduled,2024-04-04T15:45:31.518325,V238
AP672949,Payment Executed,2024-04-05T09:29:16.615697,V238
AP672949,Payment Confirmed,2024-04-05T11:05:44.744796,V238
AP672949,Invoice Posted,2024-04-05T12:20:00.321256,V238
AP672949,Document Archived,2024-04-05T12:51:49.757219,V238
AP157738,Invoice Received,2024-04-04T10:50:16.293756,V768
AP157738,Invoice Scanned,2024-04-04T11:24:26.308443,V768
AP157738,Invoice Validation,2024-04-04T12:15:34.951863,V768
AP157738,Approval Requested,2024-04-04T12:31:51.281571,V768
AP157738,Manager Approval,2024-04-05T02:51:02.185240,V768
AP157738,Vendor Master Data Review,2024-04-05T04:33:56.516974,V768
AP157738,Payment Terms Verification,2024-04-05T05:03:22.638235,V768
AP157738,GL Account Assignment,2024-04-05T06:43:21.148022,V768
AP157738,Cost Center Assignment,2024-04-05T07:53:19.635910,V768
AP157738,Payment Block Release,2024-04-05T08:12:04.607260,V768
AP157738,Payment Scheduled,2024-04-05T11:22:16.015981,V768
AP157738,Payment Executed,2024-04-05T15:37:11.980459,V768
AP157738,Payment Confirmed,2024-04-05T16:29:02.649636,V768
AP157738,Invoice Posted,2024-04-05T17:44:22.454578,V768
AP157738,Document Archived,2024-04-05T18:15:33.384698,V768
AP236014,Invoice Received,2024-04-05T01:51:56.459427,V729
AP236014,Invoice Scanned,2024-04-05T02:27:35.156147,V729
AP236014,Invoice Validation,2024-04-05T06:33:26.073786,V729
AP236014,Three-Way Match,2024-04-05T08:58:42.551858,V729
AP236014,Price Variance Check,2024-04-05T12:17:58.609592,V729
AP236014,Tax Calculation,2024-04-05T13:27:02.868608,V729
AP236014,Approval Requested,2024-04-05T14:05:42.606779,V729
AP236014,Manager Approval,2024-04-06T00:09:25.280142,V729
AP236014,Vendor Master Data Review,2024-04-06T01:26:43.587077,V729
AP236014,Payment Terms Verification,2024-04-06T03:01:13.301469,V729
AP236014,GL Account Assignment,2024-04-06T04:17:30.179007,V729
AP236014,Cost Center Assignment,2024-04-06T05:18:57.814386,V729
AP236014,Payment Block Release,2024-04-06T06:28:10.063569,V729
AP236014,Payment Scheduled,2024-04-06T12:07:15.454750,V729
AP236014,Payment Executed,2024-04-07T03:15:53.567680,V729
AP236014,Payment Confirmed,2024-04-07T04:37:03.170659,V729
AP236014,Invoice Posted,2024-04-07T05:45:19.447796,V729
AP236014,Document Archived,2024-04-07T06:23:19.770166,V729
AP470771,Invoice Received,2024-04-06T12:23:14.862586,V167
AP470771,Invoice Scanned,2024-04-06T13:45:25.997279,V167
AP470771,Invoice Validation,2024-04-06T17:10:48.430703,V167
AP470771,Three-Way Match,2024-04-07T01:06:36.427353,V167
AP470771,Tax Calculation,2024-04-07T02:09:09.049222,V167
AP470771,Approval Requested,2024-04-07T02:53:17.971907,V167
AP470771,Manager Approval,2024-04-08T05:42:10.168291,V167
AP470771,Vendor Master Data Review,2024-04-08T06:41:08.143870,V167
AP470771,Payment Terms Verification,2024-04-08T09:05:54.672035,V167
AP470771,GL Account Assignment,2024-04-08T10:42:51.221614,V167
AP470771,Cost Center Assignment,2024-04-08T13:26:03.943794,V167
AP470771,Payment Block Release,2024-04-08T14:22:32.064912,V167
AP470771,Payment Scheduled,2024-04-09T01:07:49.123898,V167
AP470771,Payment Executed,2024-04-09T10:42:11.061026,V167
AP470771,Payment Confirmed,2024-04-09T12:47:40.858207,V167
AP470771,Invoice Posted,2024-04-09T15:29:17.570844,V167
AP470771,Document Archived,2024-04-09T15:53:56.056878,V167
AP427659,Invoice Received,2024-04-06T15:55:41.475850,V123
AP427659,Invoice Scanned,2024-04-06T16:24:05.535212,V123
AP427659,Invoice Validation,2024-04-06T18:30:14.457835,V123
AP427659,Three-Way Match,2024-04-06T21:06:08.418479,V123
AP427659,Price Variance Check,2024-04-06T23:35:12.163243,V123
AP427659,Tax Calculation,2024-04-07T00:37:58.207879,V123
AP427659,Approval Requested,2024-04-07T01:24:52.956799,V123
AP427659,Manager Approval,2024-04-07T05:30:59.647096,V123
AP427659,Vendor Master Data Review,2024-04-07T06:36:31.991172,V123
AP427659,Payment Terms Verification,2024-04-07T08:00:39.852400,V123
AP427659,GL Account Assignment,2024-04-07T09:06:13.532507,V123
AP427659,Cost Center Assignment,2024-04-07T10:50:14.218866,V123
AP427659,Payment Block Release,2024-04-07T11:33:43.074221,V123
AP427659,Payment Scheduled,2024-04-07T18:56:20.576505,V123
AP427659,Payment Executed,2024-04-08T23:24:05.277887,V123
AP427659,Payment Confirmed,2024-04-09T00:15:53.887774,V123
AP427659,Invoice Posted,2024-04-09T01:33:50.851218,V123
AP427659,Document Archived,2024-04-09T02:24:47.293305,V123
AP746910,Invoice Received,2024-04-07T05:04:38.542024,V364
AP746910,Invoice Scanned,2024-04-07T05:48:45.058602,V364
AP746910,Invoice Validation,2024-04-07T07:29:56.362311,V364
AP746910,Three-Way Match,2024-04-07T10:26:58.547899,V364
AP746910,Price Variance Check,2024-04-07T12:46:27.840989,V364
AP746910,Tax Calculation,2024-04-07T13:25:24.306714,V364
AP746910,Approval Requested,2024-04-07T13:53:04.205483,V364
AP746910,Manager Approval,2024-04-08T01:28:45.986681,V364
AP746910,Vendor Master Data Review,2024-04-08T02:45:47.351872,V364
AP746910,Payment Terms Verification,2024-04-08T03:38:58.115863,V364
AP746910,GL Account Assignment,2024-04-08T05:00:29.922067,V364
AP746910,Cost Center Assignment,2024-04-08T06:30:50.147847,V364
AP746910,Payment Block Release,2024-04-08T07:03:36.971914,V364
AP746910,Payment Scheduled,2024-04-08T11:49:34.891146,V364
AP746910,Payment Executed,2024-04-08T23:45:02.284315,V364
AP746910,Payment Confirmed,2024-04-09T00:32:44.973318,V364
AP746910,Invoice Posted,2024-04-09T01:12:09.638648,V364
AP746910,Document Archived,2024-04-09T01:40:18.069504,V364
AP708979,Invoice Received,2024-04-08T13:01:50.777387,V873
AP708979,Invoice Scanned,2024-04-08T13:21:11.650027,V873
AP708979,Invoice Validation,2024-04-08T15:27:58.019002,V873
AP708979,Three-Way Match,2024-04-08T18:25:16.831310,V873
AP708979,Tax Calculation,2024-04-08T19:24:45.590241,V873
AP708979,Approval Requested,2024-04-08T20:13:37.431482,V873
AP708979,Manager Approval,2024-04-08T22:31:02.200323,V873
AP708979,Vendor Master Data Review,2024-04-08T23:04:32.038850,V873
AP708979,Payment Terms Verification,2024-04-09T00:01:54.970882,V873
AP708979,GL Account Assignment,2024-04-09T01:28:10.417143,V873
AP708979,Cost Center Assignment,2024-04-09T02:53:04.719204,V873
AP708979,Payment Block Release,2024-04-09T03:19:47.733481,V873
AP708979,Payment Scheduled,2024-04-09T07:10:21.765723,V873
AP708979,Payment Executed,2024-04-09T17:34:09.068653,V873
AP708979,Payment Confirmed,2024-04-09T19:27:19.008968,V873
AP708979,Invoice Posted,2024-04-09T21:19:53.113199,V873
AP708979,Document Archived,2024-04-09T21:32:49.135294,V873
AP242371,Invoice Received,2024-04-10T00:05:31.910763,V186
AP242371,Invoice Scanned,2024-04-10T01:05:03.489363,V186
AP242371,Invoice Validation,2024-04-10T03:54:06.110689,V186
AP242371,Three-Way Match,2024-04-10T08:56:18.554721,V186
AP242371,Price Variance Check,2024-04-10T10:25:25.029234,V186
AP242371,Tax Calculation,2024-04-10T12:09:19.600179,V186
AP242371,Approval Requested,2024-04-10T13:07:45.216052,V186
AP242371,Manager Approval,2024-04-10T15:56:35.867858,V186
AP242371,Vendor Master Data Review,2024-04-10T17:34:00.503581,V186
AP242371,Payment Terms Verification,2024-04-10T19:10:44.169714,V186
AP242371,GL Account Assignment,2024-04-10T20:39:40.879918,V186
AP242371,Cost Center Assignment,2024-04-10T22:00:10.686841,V186
AP242371,Payment Block Release,2024-04-10T22:46:23.945661,V186
AP242371,Payment Scheduled,2024-04-11T04:58:24.503632,V186
AP242371,Payment Executed,2024-04-11T23:51:33.481477,V186
AP242371,Payment Confirmed,2024-04-12T00:21:57.546245,V186
AP242371,Invoice Posted,2024-04-12T01:38:06.765878,V186
AP242371,Document Archived,2024-04-12T02:32:15.902108,V186
AP418841,Invoice Received,2024-04-10T10:51:18.535242,V844
AP418841,Invoice Scanned,2024-04-10T11:33:31.239001,V844
AP418841,Invoice Validation,2024-04-10T13:36:43.188611,V844
AP418841,Three-Way Match,2024-04-10T16:57:46.984327,V844
AP418841,Price Variance Check,2024-04-10T19:16:33.350353,V844
AP418841,Tax Calculation,2024-04-10T20:06:00.048610,V844
AP418841,Approval Requested,2024-04-10T20:55:05.472028,V844
AP418841,Manager Approval,2024-04-11T12:33:35.991557,V844
AP418841,Finance Approval,2024-04-12T22:56:09.208078,V844
AP418841,Vendor Master Data Review,2024-04-12T23:59:09.048512,V844
AP418841,Payment Terms Verification,2024-04-13T02:00:41.142866,V844
AP418841,GL Account Assignment,2024-04-13T03:56:43.555332,V844
AP418841,Cost Center Assignment,2024-04-13T05:05:21.312330,V844
AP418841,Payment Block Release,2024-04-13T05:28:35.017907,V844
AP418841,Payment Scheduled,2024-04-13T07:34:59.327109,V844
AP418841,Payment Executed,2024-04-13T12:33:39.289808,V844
AP418841,Payment Confirmed,2024-04-13T13:59:35.001110,V844
AP418841,Invoice Posted,2024-04-13T14:54:21.518387,V844
AP418841,Document Archived,2024-04-13T15:21:30.199923,V844
AP500560,Invoice Received,2024-04-11T08:25:45.565927,V794
AP500560,Invoice Scanned,2024-04-11T08:43:01.713019,V794
AP500560,Invoice Validation,2024-04-11T11:57:47.969493,V794
AP500560,Three-Way Match,2024-04-11T14:25:58.809965,V794
AP500560,Tax Calculation,2024-04-11T15:14:10.394586,V794
AP500560,Approval Requested,2024-04-11T15:49:59.373716,V794
AP500560,Manager Approval,2024-04-12T08:38:35.100244,V794
AP500560,Vendor Master Data Review,2024-04-12T10:15:48.016549,V794
AP500560,Payment Terms Verification,2024-04-12T10:38:11.588711,V794
AP500560,GL Account Assignment,2024-04-12T11:51:14.383901,V794
AP500560,Cost Center Assignment,2024-04-12T13:06:45.551171,V794
AP500560,Payment Block Release,2024-04-12T13:37:48.006570,V794
AP500560,Payment Scheduled,2024-04-12T19:22:34.106068,V794
AP500560,Payment Executed,2024-04-13T02:04:36.255352,V794
AP500560,Payment Confirmed,2024-04-13T03:15:12.557743,V794
AP500560,Invoice Posted,2024-04-13T04:42:20.916680,V794
AP500560,Document Archived,2024-04-13T04:57:42.997122,V794
AP575470,Invoice Received,2024-04-12T01:10:32.850697,V383
AP575470,Invoice Scanned,2024-04-12T01:55:22.984584,V383
AP575470,Invoice Validation,2024-04-12T03:26:03.318966,V383
AP575470,Three-Way Match,2024-04-12T08:50:21.931766,V383
AP575470,Tax Calculation,2024-04-12T09:28:27.225813,V383
AP575470,Approval Requested,2024-04-12T09:51:27.112275,V383
AP575470,Manager Approval,2024-04-12T14:18:51.400598,V383
AP575470,Vendor Master Data Review,2024-04-12T15:30:41.139649,V383
AP575470,Payment Terms Verification,2024-04-12T16:14:04.605618,V383
AP575470,GL Account Assignment,2024-04-12T18:00:08.637715,V383
AP575470,Cost Center Assignment,2024-04-12T19:19:30.623774,V383
AP575470,Payment Block Release,2024-04-12T19:35:28.879055,V383
AP575470,Payment Scheduled,2024-04-12T23:23:50.577222,V383
AP575470,Payment Executed,2024-04-13T19:31:01.619806,V383
AP575470,Payment Confirmed,2024-04-13T20:43:25.457247,V383
AP575470,Invoice Posted,2024-04-13T21:15:45.094287,V383
AP575470,Document Archived,2024-04-13T22:06:55.144565,V383
AP449636,Invoice Received,2024-04-12T08:01:38.921148,V798
AP449636,Invoice Scanned,2024-04-12T08:39:13.001503,V798
AP449636,Invoice Validation,2024-04-12T10:43:11.681217,V798
AP449636,Approval Requested,2024-04-12T11:05:26.419339,V798
AP449636,Manager Approval,2024-04-13T09:23:41.333026,V798
AP449636,Finance Approval,2024-04-14T01:26:48.572086,V798
AP449636,Vendor Master Data Review,2024-04-14T02:43:26.919323,V798
AP449636,Payment Terms Verification,2024-04-14T03:17:55.838130,V798
AP449636,GL Account Assignment,2024-04-14T04:54:22.254234,V798
AP449636,Cost Center Assignment,2024-04-14T06:30:48.898111,V798
AP449636,Payment Block Release,2024-04-14T07:29:57.179680,V798
AP449636,Payment Scheduled,2024-04-14T09:15:59.259909,V798
AP449636,Payment Executed,2024-04-15T01:13:05.060742,V798
AP449636,Payment Confirmed,2024-04-15T02:33:47.139960,V798
AP449636,Invoice Posted,2024-04-15T04:12:41.853657,V798
AP449636,Document Archived,2024-04-15T04:31:42.429474,V798
AP748410,Invoice Received,2024-04-13T20:10:25.939684,V146
AP748410,Invoice Scanned,2024-04-13T21:00:56.299471,V146
AP748410,Invoice Validation,2024-04-13T22:21:53.969465,V146
AP748410,Approval Requested,2024-04-13T22:42:02.873390,V146
AP748410,Manager Approval,2024-04-14T14:29:17.562922,V146
AP748410,Finance Approval,2024-04-15T02:33:50.608292,V146
AP748410,Vendor Master Data Review,2024-04-15T04:06:28.676908,V146
AP748410,Payment Terms Verification,2024-04-15T05:39:43.592026,V146
AP748410,GL Account Assignment,2024-04-15T07:23:08.908836,V146
AP748410,Cost Center Assignment,2024-04-15T08:00:47.408323,V146
AP748410,Payment Block Release,2024-04-15T08:43:21.706310,V146
AP748410,Payment Scheduled,2024-04-15T11:24:22.061308,V146
AP748410,Payment Executed,2024-04-15T18:50:59.181197,V146
AP748410,Payment Confirmed,2024-04-15T19:46:05.815866,V146
AP748410,Invoice Posted,2024-04-15T20:16:00.998389,V146
AP748410,Document Archived,2024-04-15T21:04:34.485433,V146
AP599135,Invoice Received,2024-04-14T11:14:51.164054,V808
AP599135,Invoice Scanned,2024-04-14T11:49:36.128588,V808
AP599135,Invoice Validation,2024-04-14T15:20:22.135269,V808
AP599135,Approval Requested,2024-04-14T15:59:27.223575,V808
AP599135,Manager Approval,2024-04-15T01:10:18.020359,V808
AP599135,Vendor Master Data Review,2024-04-15T02:12:25.185677,V808
AP599135,Payment Terms Verification,2024-04-15T04:00:22.275452,V808
AP599135,GL Account Assignment,2024-04-15T05:22:25.574104,V808
AP599135,Cost Center Assignment,2024-04-15T06:06:26.778164,V808
AP599135,Payment Block Release,2024-04-15T06:33:37.033725,V808
AP599135,Payment Scheduled,2024-04-15T11:17:51.318384,V808
AP599135,Payment Executed,2024-04-15T16:34:57.386285,V808
AP599135,Payment Confirmed,2024-04-15T17:35:32.889207,V808
AP599135,Invoice Posted,2024-04-15T18:41:05.376225,V808
AP599135,Document Archived,2024-04-15T19:18:17.625025,V808
AP346729,Invoice Received,2024-04-14T15:31:35.150043,V838
AP346729,Invoice Scanned,2024-04-14T16:27:57.127000,V838
AP346729,Invoice Validation,2024-04-14T17:39:05.053933,V838
AP346729,Three-Way Match,2024-04-14T20:51:49.231394,V838
AP346729,Tax Calculation,2024-04-14T21:29:41.072996,V838
AP346729,Approval Requested,2024-04-14T22:00:22.117334,V838
AP346729,Manager Approval,2024-04-15T03:37:26.500764,V838
AP346729,Vendor Master Data Review,2024-04-15T04:22:13.818592,V838
AP346729,Payment Terms Verification,2024-04-15T05:11:11.262718,V838
AP346729,GL Account Assignment,2024-04-15T05:57:50.815224,V838
AP346729,Cost Center Assignment,2024-04-15T07:12:31.849672,V838
AP346729,Payment Block Release,2024-04-15T07:36:55.822309,V838
AP346729,Payment Scheduled,2024-04-15T16:35:02.163434,V838
AP346729,Payment Executed,2024-04-16T06:00:40.687456,V838
AP346729,Payment Confirmed,2024-04-16T07:28:47.227981,V838
AP346729,Invoice Posted,2024-04-16T08:40:19.174128,V838
AP346729,Document Archived,2024-04-16T09:19:41.481897,V838
AP720517,Invoice Received,2024-04-15T06:11:30.112825,V252
AP720517,Invoice Scanned,2024-04-15T06:31:49.840884,V252
AP720517,Invoice Validation,2024-04-15T08:58:06.535366,V252
AP720517,Three-Way Match,2024-04-15T14:37:10.000865,V252
AP720517,Price Variance Check,2024-04-15T16:16:41.017998,V252
AP720517,Tax Calculation,2024-04-15T17:45:37.032379,V252
AP720517,Approval Requested,2024-04-15T18:13:29.786941,V252
AP720517,Manager Approval,2024-04-15T20:44:03.585314,V252
AP720517,Finance Approval,2024-04-16T21:37:27.472558,V252
AP720517,Vendor Master Data Review,2024-04-16T23:33:37.621123,V252
AP720517,Payment Terms Verification,2024-04-17T00:55:09.215070,V252
AP720517,GL Account Assignment,2024-04-17T02:28:36.869102,V252
AP720517,Cost Center Assignment,2024-04-17T03:51:05.443147,V252
AP720517,Payment Block Release,2024-04-17T04:26:49.066348,V252
AP720517,Payment Scheduled,2024-04-17T10:54:49.574473,V252
AP720517,Payment Executed,2024-04-17T19:39:29.467353,V252
AP720517,Payment Confirmed,2024-04-17T20:50:06.853564,V252
AP720517,Invoice Posted,2024-04-17T22:35:55.607518,V252
AP720517,Document Archived,2024-04-17T23:07:42.783287,V252
AP839113,Invoice Received,2024-04-15T09:55:25.070270,V168
AP839113,Invoice Scanned,2024-04-15T10:29:01.276564,V168
AP839113,Invoice Validation,2024-04-15T14:22:24.945405,V168
AP839113,Approval Requested,2024-04-15T15:18:54.042004,V168
AP839113,Manager Approval,2024-04-16T02:51:17.427945,V168
AP839113,Vendor Master Data Review,2024-04-16T03:52:49.045205,V168
AP839113,Payment Terms Verification,2024-04-16T05:10:39.071686,V168
AP839113,GL Account Assignment,2024-04-16T06:31:12.754092,V168
AP839113,Cost Center Assignment,2024-04-16T08:30:54.834281,V168
AP839113,Payment Block Release,2024-04-16T09:24:35.627716,V168
AP839113,Payment Scheduled,2024-04-16T16:26:15.775719,V168
AP839113,Payment Executed,2024-04-16T22:28:55.627299,V168
AP839113,Payment Confirmed,2024-04-17T00:15:09.399459,V168
AP839113,Invoice Posted,2024-04-17T00:53:02.300856,V168
AP839113,Document Archived,2024-04-17T01:24:27.681212,V168
AP238440,Invoice Received,2024-04-15T12:49:06.518514,V585
AP238440,Invoice Scanned,2024-04-15T13:14:37.891226,V585
AP238440,Invoice Validation,2024-04-15T15:26:40.701031,V585
AP238440,Three-Way Match,2024-04-15T19:12:13.792113,V585
AP238440,Quantity Variance Check,2024-04-15T21:05:22.523811,V585
AP238440,Tax Calculation,2024-04-15T22:59:10.591736,V585
AP238440,Approval Requested,2024-04-15T23:24:52.436487,V585
AP238440,Manager Approval,2024-04-16T07:51:11.599319,V585
AP238440,Vendor Master Data Review,2024-04-16T09:20:37.469471,V585
AP238440,Payment Terms Verification,2024-04-16T10:28:20.009960,V585
AP238440,GL Account Assignment,2024-04-16T12:02:54.884463,V585
AP238440,Cost Center Assignment,2024-04-16T14:07:57.869160,V585
AP238440,Payment Block Release,2024-04-16T14:29:32.139197,V585
AP238440,Payment Scheduled,2024-04-16T18:08:27.816813,V585
AP238440,Payment Executed,2024-04-17T02:48:41.094030,V585
AP238440,Payment Confirmed,2024-04-17T03:49:02.474513,V585
AP238440,Invoice Posted,2024-04-17T05:03:49.265581,V585
AP238440,Document Archived,2024-04-17T06:03:30.802414,V585
AP435772,Invoice Received,2024-04-16T13:20:19.802899,V259
AP435772,Invoice Scanned,2024-04-16T13:46:13.344703,V259
AP435772,Invoice Validation,2024-04-16T15:31:53.689454,V259
AP435772,Approval Requested,2024-04-16T15:59:56.360129,V259
AP435772,Manager Approval,2024-04-17T09:09:12.292372,V259
AP435772,Vendor Master Data Review,2024-04-17T10:38:09.410423,V259
AP435772,Payment Terms Verification,2024-04-17T11:36:56.295887,V259
AP435772,GL Account Assignment,2024-04-17T12:59:39.260848,V259
AP435772,Cost Center Assignment,2024-04-17T13:29:11.840812,V259
AP435772,Payment Block Release,2024-04-17T13:52:40.761282,V259
AP435772,Payment Scheduled,2024-04-17T15:36:44.890613,V259
AP435772,Payment Executed,2024-04-18T03:15:20.862234,V259
AP435772,Payment Confirmed,2024-04-18T03:50:34.679767,V259
AP435772,Invoice Posted,2024-04-18T05:37:31.292344,V259
AP435772,Document Archived,2024-04-18T05:57:17.976251,V259
AP468422,Invoice Received,2024-04-17T10:24:39.008653,V415
AP468422,Invoice Scanned,2024-04-17T11:11:20.284699,V415
AP468422,Invoice Validation,2024-04-17T14:18:41.875063,V415
AP468422,Approval Requested,2024-04-17T15:15:34.605414,V415
AP468422,Manager Approval,2024-04-17T20:30:24.911855,V415
AP468422,Finance Approval,2024-04-18T09:30:57.413193,V415
AP468422,Vendor Master Data Review,2024-04-18T11:09:08.196124,V415
AP468422,Payment Terms Verification,2024-04-18T12:31:02.745887,V415
AP468422,GL Account Assignment,2024-04-18T14:19:30.167006,V415
AP468422,Cost Center Assignment,2024-04-18T16:03:00.854334,V415
AP468422,Payment Block Release,2024-04-18T16:25:16.757739,V415
AP468422,Payment Scheduled,2024-04-18T18:58:07.629331,V415
AP468422,Payment Executed,2024-04-19T05:17:09.794854,V415
AP468422,Payment Confirmed,2024-04-19T05:43:07.647168,V415
AP468422,Invoice Posted,2024-04-19T07:54:41.063573,V415
AP468422,Document Archived,2024-04-19T08:46:05.008775,V415
AP356639,Invoice Received,2024-04-18T06:15:10.364052,V129
AP356639,Invoice Scanned,2024-04-18T06:36:55.246514,V129
AP356639,Invoice Validation,2024-04-18T10:01:07.702912,V129
AP356639,Three-Way Match,2024-04-18T14:38:49.437176,V129
AP356639,Price Variance Check,2024-04-18T16:56:30.064031,V129
AP356639,Tax Calculation,2024-04-18T17:36:56.893448,V129
AP356639,Approval Requested,2024-04-18T18:28:10.815760,V129
AP356639,Manager Approval,2024-04-19T02:59:06.098089,V129
AP356639,Vendor Master Data Review,2024-04-19T04:01:36.467508,V129
AP356639,Payment Terms Verification,2024-04-19T06:08:00.021506,V129
AP356639,GL Account Assignment,2024-04-19T06:50:50.813161,V129
AP356639,Cost Center Assignment,2024-04-19T08:30:36.583972,V129
AP356639,Payment Block Release,2024-04-19T09:17:00.285432,V129
AP356639,Payment Scheduled,2024-04-19T14:56:10.925267,V129
AP356639,Payment Executed,2024-04-20T09:03:46.276439,V129
AP356639,Payment Confirmed,2024-04-20T10:13:16.637067,V129
AP356639,Invoice Posted,2024-04-20T11:56:51.452031,V129
AP356639,Document Archived,2024-04-20T12:20:52.924614,V129
AP651186,Invoice Received,2024-04-20T02:20:07.602401,V966
AP651186,Invoice Scanned,2024-04-20T02:41:55.089013,V966
AP651186,Invoice Validation,2024-04-20T07:08:41.196574,V966
AP651186,Three-Way Match,2024-04-20T10:31:09.830044,V966
AP651186,Tax Calculation,2024-04-20T12:36:58.570732,V966
AP651186,Approval Requested,2024-04-20T13:13:12.853845,V966
AP651186,Manager Approval,2024-04-21T08:41:57.752366,V966
AP651186,Vendor Master Data Review,2024-04-21T09:23:54.328727,V966
AP651186,Payment Terms Verification,2024-04-21T10:02:03.701255,V966
AP651186,GL Account Assignment,2024-04-21T11:33:59.786413,V966
AP651186,Cost Center Assignment,2024-04-21T13:02:12.817236,V966
AP651186,Payment Block Release,2024-04-21T13:58:16.228301,V966
AP651186,Payment Scheduled,2024-04-21T16:39:40.209325,V966
AP651186,Payment Executed,2024-04-22T13:41:29.403382,V966
AP651186,Payment Confirmed,2024-04-22T15:30:57.425578,V966
AP651186,Invoice Posted,2024-04-22T16:19:12.261381,V966
AP651186,Document Archived,2024-04-22T17:27:53.443439,V966
AP624953,Invoice Received,2024-04-21T23:58:17.499264,V899
AP624953,Invoice Scanned,2024-04-22T00:18:21.575708,V899
AP624953,Invoice Validation,2024-04-22T01:45:11.830227,V899
AP624953,Three-Way Match,2024-04-22T07:26:35.481483,V899
AP624953,Tax Calculation,2024-04-22T08:01:01.514631,V899
AP624953,Approval Requested,2024-04-22T08:45:22.310230,V899
AP624953,Manager Approval,2024-04-22T22:33:57.948661,V899
AP624953,Finance Approval,2024-04-23T17:14:01.951453,V899
AP624953,Vendor Master Data Review,2024-04-23T17:56:41.699878,V899
AP624953,Payment Terms Verification,2024-04-23T18:31:24.601490,V899
AP624953,GL Account Assignment,2024-04-23T20:18:05.377352,V899
AP624953,Cost Center Assignment,2024-04-23T20:49:25.829916,V899
AP624953,Payment Block Release,2024-04-23T21:18:18.470376,V899
AP624953,Payment Scheduled,2024-04-24T04:59:09.844033,V899
AP624953,Payment Executed,2024-04-24T16:11:33.227192,V899
AP624953,Payment Confirmed,2024-04-24T16:52:45.958680,V899
AP624953,Invoice Posted,2024-04-24T18:12:11.914455,V899
AP624953,Document Archived,2024-04-24T18:43:27.581013,V899
AP250331,Invoice Received,2024-04-22T22:03:34.077606,V504
AP250331,Invoice Scanned,2024-04-22T23:11:01.913959,V504
AP250331,Invoice Validation,2024-04-23T02:51:21.956315,V504
AP250331,Three-Way Match,2024-04-23T07:55:08.436359,V504
AP250331,Tax Calculation,2024-04-23T09:21:58.116049,V504
AP250331,Approval Requested,2024-04-23T09:59:24.886268,V504
AP250331,Manager Approval,2024-04-24T01:30:34.140709,V504
AP250331,Vendor Master Data Review,2024-04-24T02:51:37.938989,V504
AP250331,Payment Terms Verification,2024-04-24T03:52:38.352030,V504
AP250331,GL Account Assignment,2024-04-24T04:45:08.638179,V504
AP250331,Cost Center Assignment,2024-04-24T05:20:30.820919,V504
AP250331,Payment Block Release,2024-04-24T05:39:52.281212,V504
AP250331,Payment Scheduled,2024-04-24T10:16:05.702679,V504
AP250331,Payment Executed,2024-04-25T00:03:11.459716,V504
AP250331,Payment Confirmed,2024-04-25T01:51:17.201444,V504
AP250331,Invoice Posted,2024-04-25T02:42:35.040671,V504
AP250331,Document Archived,2024-04-25T03:07:41.044562,V504
AP133133,Invoice Received,2024-04-24T15:54:29.910138,V540
AP133133,Invoice Scanned,2024-04-24T16:41:26.162253,V540
AP133133,Invoice Validation,2024-04-24T18:09:21.549063,V540
AP133133,Approval Requested,2024-04-24T18:52:03.741377,V540
AP133133,Manager Approval,2024-04-25T02:30:00.198369,V540
AP133133,Vendor Master Data Review,2024-04-25T03:42:48.267340,V540
AP133133,Payment Terms Verification,2024-04-25T04:52:38.508839,V540
AP133133,GL Account Assignment,2024-04-25T05:25:15.300254,V540
AP133133,Cost Center Assignment,2024-04-25T06:36:28.183020,V540
AP133133,Payment Block Release,2024-04-25T07:17:10.268648,V540
AP133133,Payment Scheduled,2024-04-25T11:31:58.059229,V540
AP133133,Payment Executed,2024-04-26T06:18:54.337717,V540
AP133133,Payment Confirmed,2024-04-26T07:32:50.053979,V540
AP133133,Invoice Posted,2024-04-26T09:16:24.009747,V540
AP133133,Document Archived,2024-04-26T09:37:18.505308,V540
AP419723,Invoice Received,2024-04-25T07:52:00.943991,V217
AP419723,Invoice Scanned,2024-04-25T08:28:02.352797,V217
AP419723,Invoice Validation,2024-04-25T11:25:21.861091,V217
AP419723,Three-Way Match,2024-04-25T15:59:47.756192,V217
AP419723,Price Variance Check,2024-04-25T17:36:32.376626,V217
AP419723,Tax Calculation,2024-04-25T18:13:16.100523,V217
AP419723,Approval Requested,2024-04-25T18:49:53.179438,V217
AP419723,Manager Approval,2024-04-26T07:44:51.350328,V217
AP419723,Vendor Master Data Review,2024-04-26T08:59:45.029547,V217
AP419723,Payment Terms Verification,2024-04-26T10:34:02.463165,V217
AP419723,GL Account Assignment,2024-04-26T11:10:11.575046,V217
AP419723,Cost Center Assignment,2024-04-26T11:58:47.166452,V217
AP419723,Payment Block Release,2024-04-26T12:37:51.414711,V217
AP419723,Payment Scheduled,2024-04-26T15:00:03.449688,V217
AP419723,Payment Executed,2024-04-26T23:03:54.697450,V217
AP419723,Payment Confirmed,2024-04-27T00:00:20.262094,V217
AP419723,Invoice Posted,2024-04-27T01:01:12.241073,V217
AP419723,Document Archived,2024-04-27T01:38:26.557462,V217
AP837496,Invoice Received,2024-04-26T21:50:37.604192,V628
AP837496,Invoice Scanned,2024-04-26T22:41:46.873028,V628
AP837496,Invoice Validation,2024-04-27T01:47:07.625909,V628
AP837496,Three-Way Match,2024-04-27T05:44:20.292778,V628
AP837496,Quantity Variance Check,2024-04-27T07:33:28.234566,V628
AP837496,Tax Calculation,2024-04-27T08:03:15.924837,V628
AP837496,Approval Requested,2024-04-27T08:25:29.149648,V628
AP837496,Manager Approval,2024-04-27T21:48:43.113835,V628
AP837496,Finance Approval,2024-04-28T17:49:26.355538,V628
AP837496,Vendor Master Data Review,2024-04-28T18:33:37.374834,V628
AP837496,Payment Terms Verification,2024-04-28T19:01:50.036427,V628
AP837496,GL Account Assignment,2024-04-28T20:24:11.788969,V628
AP837496,Cost Center Assignment,2024-04-28T21:22:51.236238,V628
AP837496,Payment Block Release,2024-04-28T21:38:00.684279,V628
AP837496,Payment Scheduled,2024-04-29T03:26:12.667413,V628
AP837496,Payment Executed,2024-04-29T23:24:04.749188,V628
AP837496,Payment Confirmed,2024-04-29T23:53:10.245856,V628
AP837496,Invoice Posted,2024-04-30T01:10:22.346372,V628
AP837496,Document Archived,2024-04-30T01:35:34.126351,V628
AP859414,Invoice Received,2024-04-28T05:10:32.181164,V962
AP859414,Invoice Scanned,2024-04-28T05:51:55.428197,V962
AP859414,Invoice Validation,2024-04-28T09:06:54.292148,V962
AP859414,Three-Way Match,2024-04-28T12:41:05.480291,V962
AP859414,Price Variance Check,2024-04-28T14:26:16.789180,V962
AP859414,Tax Calculation,2024-04-28T15:17:48.301450,V962
AP859414,Approval Requested,2024-04-28T15:38:49.186036,V962
AP859414,Manager Approval,2024-04-29T08:02:37.578811,V962
AP859414,Finance Approval,2024-04-30T05:30:55.442982,V962
AP859414,Vendor Master Data Review,2024-04-30T06:47:54.142120,V962
AP859414,Payment Terms Verification,2024-04-30T08:05:56.757711,V962
AP859414,GL Account Assignment,2024-04-30T09:23:45.047688,V962
AP859414,Cost Center Assignment,2024-04-30T10:24:14.467325,V962
AP859414,Payment Block Release,2024-04-30T10:58:49.542568,V962
AP859414,Payment Scheduled,2024-04-30T16:54:17.045898,V962
AP859414,Payment Executed,2024-04-30T23:22:10.567400,V962
AP859414,Payment Confirmed,2024-05-01T00:41:17.622952,V962
AP859414,Invoice Posted,2024-05-01T01:15:08.050686,V962
AP859414,Document Archived,2024-05-01T01:42:21.242741,V962
AP194634,Invoice Received,2024-04-29T02:51:57.428585,V942
AP194634,Invoice Scanned,2024-04-29T03:17:57.447285,V942
AP194634,Invoice Validation,2024-04-29T07:39:41.900614,V942
AP194634,Approval Requested,2024-04-29T08:06:59.249828,V942
AP194634,Manager Approval,2024-04-30T00:57:17.472367,V942
AP194634,Vendor Master Data Review,2024-04-30T02:06:59.483740,V942
AP194634,Payment Terms Verification,2024-04-30T02:47:28.196405,V942
AP194634,GL Account Assignment,2024-04-30T03:29:16.276063,V942
AP194634,Cost Center Assignment,2024-04-30T04:57:49.940847,V942
AP194634,Payment Block Release,2024-04-30T06:00:19.422828,V942
AP194634,Payment Scheduled,2024-04-30T11:54:48.779787,V942
AP194634,Payment Executed,2024-04-30T20:46:06.670277,V942
AP194634,Payment Confirmed,2024-04-30T21:29:16.563936,V942
AP194634,Invoice Posted,2024-04-30T23:35:16.367004,V942
AP194634,Document Archived,2024-05-01T00:23:33.193237,V942
AP239995,Invoice Received,2024-04-30T23:10:03.932629,V366
AP239995,Invoice Scanned,2024-04-30T23:35:27.159744,V366
AP239995,Invoice Validation,2024-05-01T01:52:18.148174,V366
AP239995,Approval Requested,2024-05-01T02:28:27.657352,V366
AP239995,Manager Approval,2024-05-01T18:53:41.606309,V366
AP239995,Finance Approval,2024-05-02T03:28:13.792817,V366
AP239995,Vendor Master Data Review,2024-05-02T05:04:25.879463,V366
AP239995,Payment Terms Verification,2024-05-02T06:23:54.064454,V366
AP239995,GL Account Assignment,2024-05-02T07:15:05.031145,V366
AP239995,Cost Center Assignment,2024-05-02T08:49:26.540171,V366
AP239995,Payment Block Release,2024-05-02T09:46:45.427592,V366
AP239995,Payment Scheduled,2024-05-02T13:57:06.445553,V366
AP239995,Payment Executed,2024-05-03T01:13:09.503581,V366
AP239995,Payment Confirmed,2024-05-03T02:19:58.441460,V366
AP239995,Invoice Posted,2024-05-03T04:24:56.984622,V366
AP239995,Document Archived,2024-05-03T04:53:21.167614,V366
AP572883,Invoice Received,2024-05-01T03:22:15.853880,V354
AP572883,Invoice Scanned,2024-05-01T03:38:05.930101,V354
AP572883,Invoice Validation,2024-05-01T07:36:21.688930,V354
AP572883,Approval Requested,2024-05-01T08:37:55.854400,V354
AP572883,Manager Approval,2024-05-01T12:40:47.996668,V354
AP572883,Vendor Master Data Review,2024-05-01T13:52:10.968097,V354
AP572883,Payment Terms Verification,2024-05-01T16:35:18.969880,V354
AP572883,GL Account Assignment,2024-05-01T18:10:53.445512,V354
AP572883,Cost Center Assignment,2024-05-01T19:45:40.991464,V354
AP572883,Payment Block Release,2024-05-01T20:30:49.902128,V354
AP572883,Payment Scheduled,2024-05-02T02:27:45.008900,V354
AP572883,Payment Executed,2024-05-03T09:41:27.452779,V354
AP572883,Payment Confirmed,2024-05-03T10:52:34.978780,V354
AP572883,Invoice Posted,2024-05-03T11:32:20.218821,V354
AP572883,Document Archived,2024-05-03T12:46:07.322957,V354
AP376002,Invoice Received,2024-05-02T16:57:49.520632,V727
AP376002,Invoice Scanned,2024-05-02T17:33:47.500463,V727
AP376002,Invoice Validation,2024-05-02T21:03:58.284137,V727
AP376002,Three-Way Match,2024-05-03T04:16:09.121916,V727
AP376002,Quantity Variance Check,2024-05-03T05:37:40.856016,V727
AP376002,Tax Calculation,2024-05-03T06:52:47.284829,V727
AP376002,Approval Requested,2024-05-03T07:20:53.339813,V727
AP376002,Manager Approval,2024-05-04T00:09:09.456211,V727
AP376002,Vendor Master Data Review,2024-05-04T01:21:21.146555,V727
AP376002,Payment Terms Verification,2024-05-04T02:10:12.877558,V727
AP376002,GL Account Assignment,2024-05-04T03:25:50.021973,V727
AP376002,Cost Center Assignment,2024-05-04T05:33:49.782837,V727
AP376002,Payment Block Release,2024-05-04T06:09:10.167785,V727
AP376002,Payment Scheduled,2024-05-04T13:03:43.210609,V727
AP376002,Payment Executed,2024-05-04T23:45:42.082744,V727
AP376002,Payment Confirmed,2024-05-05T00:51:01.637442,V727
AP376002,Invoice Posted,2024-05-05T01:37:42.912212,V727
AP376002,Document Archived,2024-05-05T01:59:46.089729,V727
AP603164,Invoice Received,2024-05-02T19:40:12.907691,V564
AP603164,Invoice Scanned,2024-05-02T20:07:02.149395,V564
AP603164,Invoice Validation,2024-05-02T23:10:37.066589,V564
AP603164,Approval Requested,2024-05-03T00:19:18.135977,V564
AP603164,Manager Approval,2024-05-04T02:11:54.255864,V564
AP603164,Finance Approval,2024-05-06T01:25:30.121804,V564
AP603164,Vendor Master Data Review,2024-05-06T02:43:01.956173,V564
AP603164,Payment Terms Verification,2024-05-06T03:45:57.083884,V564
AP603164,GL Account Assignment,2024-05-06T04:16:53.617557,V564
AP603164,Cost Center Assignment,2024-05-06T05:34:01.114606,V564
AP603164,Payment Block Release,2024-05-06T05:56:12.230510,V564
AP603164,Payment Scheduled,2024-05-06T14:11:02.227724,V564
AP603164,Payment Executed,2024-05-07T06:51:52.433149,V564
AP603164,Payment Confirmed,2024-05-07T07:52:55.389116,V564
AP603164,Invoice Posted,2024-05-07T08:57:43.791282,V564
AP603164,Document Archived,2024-05-07T09:18:02.773179,V564
AP197462,Invoice Received,2024-05-03T14:45:02.260498,V141
AP197462,Invoice Scanned,2024-05-03T15:27:12.153364,V141
AP197462,Invoice Validation,2024-05-03T17:51:33.087952,V141
AP197462,Three-Way Match,2024-05-03T20:41:37.114418,V141
AP197462,Tax Calculation,2024-05-03T21:41:31.827847,V141
AP197462,Approval Requested,2024-05-03T22:04:06.210705,V141
AP197462,Manager Approval,2024-05-04T11:05:44.367154,V141
AP197462,Vendor Master Data Review,2024-05-04T12:13:05.256650,V141
AP197462,Payment Terms Verification,2024-05-04T13:21:51.474706,V141
AP197462,GL Account Assignment,2024-05-04T14:18:16.639475,V141
AP197462,Cost Center Assignment,2024-05-04T14:48:37.776962,V141
AP197462,Payment Block Release,2024-05-04T15:39:02.583857,V141
AP197462,Payment Scheduled,2024-05-04T19:55:55.496767,V141
AP197462,Payment Executed,2024-05-05T13:52:13.438676,V141
AP197462,Payment Confirmed,2024-05-05T15:16:52.099655,V141
AP197462,Invoice Posted,2024-05-05T16:36:57.324824,V141
AP197462,Document Archived,2024-05-05T17:24:02.081373,V141
AP514118,Invoice Received,2024-05-04T23:04:52.478833,V219
AP514118,Invoice Scanned,2024-05-04T23:40:12.005359,V219
AP514118,Invoice Validation,2024-05-05T02:35:49.473619,V219
AP514118,Approval Requested,2024-05-05T03:21:50.320256,V219
AP514118,Manager Approval,2024-05-05T22:16:11.211529,V219
AP514118,Finance Approval,2024-05-06T06:59:05.293149,V219
AP514118,Vendor Master Data Review,2024-05-06T08:20:10.649760,V219
AP514118,Payment Terms Verification,2024-05-06T09:23:04.433196,V219
AP514118,GL Account Assignment,2024-05-06T11:24:01.129523,V219
AP514118,Cost Center Assignment,2024-05-06T12:05:50.391804,V219
AP514118,Payment Block Release,2024-05-06T12:34:36.638185,V219
AP514118,Payment Scheduled,2024-05-06T18:52:07.306393,V219
AP514118,Payment Executed,2024-05-06T23:10:21.182782,V219
AP514118,Payment Confirmed,2024-05-07T00:14:20.282981,V219
AP514118,Invoice Posted,2024-05-07T01:04:50.465279,V219
AP514118,Document Archived,2024-05-07T01:38:06.621402,V219
AP404899,Invoice Received,2024-05-06T00:52:47.241113,V137
AP404899,Invoice Scanned,2024-05-06T01:42:53.929082,V137
AP404899,Invoice Validation,2024-05-06T04:39:26.468553,V137
AP404899,Three-Way Match,2024-05-06T08:24:55.250161,V137
AP404899,Price Variance Check,2024-05-06T11:22:41.195405,V137
AP404899,Tax Calculation,2024-05-06T12:59:03.955367,V137
AP404899,Approval Requested,2024-05-06T13:40:18.730819,V137
AP404899,Manager Approval,2024-05-06T20:05:42.732624,V137
AP404899,Finance Approval,2024-05-07T13:35:19.373175,V137
AP404899,Vendor Master Data Review,2024-05-07T15:20:37.011964,V137
AP404899,Payment Terms Verification,2024-05-07T16:02:48.076750,V137
AP404899,GL Account Assignment,2024-05-07T18:27:52.696952,V137
AP404899,Cost Center Assignment,2024-05-07T20:26:07.122739,V137
AP404899,Payment Block Release,2024-05-07T21:27:15.875078,V137
AP404899,Payment Scheduled,2024-05-08T05:04:36.986575,V137
AP404899,Payment Executed,2024-05-08T14:14:14.460521,V137
AP404899,Payment Confirmed,2024-05-08T15:43:04.500371,V137
AP404899,Invoice Posted,2024-05-08T16:27:04.401128,V137
AP404899,Document Archived,2024-05-08T17:23:44.475703,V137
AP133522,Invoice Received,2024-05-06T09:55:46.568140,V926
AP133522,Invoice Scanned,2024-05-06T10:19:46.120402,V926
AP133522,Invoice Validation,2024-05-06T12:50:33.695704,V926
AP133522,Three-Way Match,2024-05-06T19:26:25.739868,V926
AP133522,Price Variance Check,2024-05-06T22:36:06.407687,V926
AP133522,Tax Calculation,2024-05-07T01:00:42.413519,V926
AP133522,Approval Requested,2024-05-07T01:54:04.588031,V926
AP133522,Manager Approval,2024-05-07T07:52:08.930244,V926
AP133522,Vendor Master Data Review,2024-05-07T10:43:59.568366,V926
AP133522,Payment Terms Verification,2024-05-07T11:38:49.469397,V926
AP133522,GL Account Assignment,2024-05-07T13:46:22.195139,V926
AP133522,Cost Center Assignment,2024-05-07T15:18:38.361937,V926
AP133522,Payment Block Release,2024-05-07T15:45:50.966763,V926
AP133522,Payment Scheduled,2024-05-07T20:00:56.090466,V926
AP133522,Payment Executed,2024-05-08T14:01:14.576487,V926
AP133522,Payment Confirmed,2024-05-08T16:08:21.274052,V926
AP133522,Invoice Posted,2024-05-08T16:55:32.584171,V926
AP133522,Document Archived,2024-05-08T17:39:29.152562,V926
AP339266,Invoice Received,2024-05-06T20:27:04.484714,V241
AP339266,Invoice Scanned,2024-05-06T21:15:52.588963,V241
AP339266,Invoice Validation,2024-05-06T23:17:46.714500,V241
AP339266,Three-Way Match,2024-05-07T02:02:38.076658,V241
AP339266,Tax Calculation,2024-05-07T02:44:26.734844,V241
AP339266,Approval Requested,2024-05-07T03:06:36.309326,V241
AP339266,Manager Approval,2024-05-08T00:03:38.760834,V241
AP339266,Vendor Master Data Review,2024-05-08T00:48:06.797945,V241
AP339266,Payment Terms Verification,2024-05-08T02:36:16.883605,V241
AP339266,GL Account Assignment,2024-05-08T04:01:26.599766,V241
AP339266,Cost Center Assignment,2024-05-08T05:16:59.744667,V241
AP339266,Payment Block Release,2024-05-08T05:33:47.957855,V241
AP339266,Payment Scheduled,2024-05-08T15:18:49.719141,V241
AP339266,Payment Executed,2024-05-09T01:12:35.276699,V241
AP339266,Payment Confirmed,2024-05-09T03:07:24.833695,V241
AP339266,Invoice Posted,2024-05-09T05:03:13.402025,V241
AP339266,Document Archived,2024-05-09T05:31:09.389938,V241
AP232126,Invoice Received,2024-05-07T14:07:45.805629,V632
AP232126,Invoice Scanned,2024-05-07T14:51:57.044730,V632
AP232126,Invoice Validation,2024-05-07T16:11:11.334152,V632
AP232126,Approval Requested,2024-05-07T16:52:16.570952,V632
AP232126,Manager Approval,2024-05-08T16:30:21.153101,V632
AP232126,Finance Approval,2024-05-08T23:26:10.601187,V632
AP232126,Vendor Master Data Review,2024-05-09T00:21:57.064956,V632
AP232126,Payment Terms Verification,2024-05-09T01:03:38.178556,V632
AP232126,GL Account Assignment,2024-05-09T02:36:32.351614,V632
AP232126,Cost Center Assignment,2024-05-09T04:50:53.109660,V632
AP232126,Payment Block Release,2024-05-09T05:39:05.518051,V632
AP232126,Payment Scheduled,2024-05-09T09:46:29.525321,V632
AP232126,Payment Executed,2024-05-10T07:17:23.577312,V632
AP232126,Payment Confirmed,2024-05-10T08:33:18.918616,V632
AP232126,Invoice Posted,2024-05-10T10:15:40.602519,V632
AP232126,Document Archived,2024-05-10T10:38:50.072951,V632
AP236381,Invoice Received,2024-05-09T04:51:18.710151,V587
AP236381,Invoice Scanned,2024-05-09T05:18:26.160868,V587
AP236381,Invoice Validation,2024-05-09T08:17:51.551501,V587
AP236381,Three-Way Match,2024-05-09T13:26:54.820391,V587
AP236381,Tax Calculation,2024-05-09T14:41:02.940983,V587
AP236381,Approval Requested,2024-05-09T15:11:04.392714,V587
AP236381,Manager Approval,2024-05-10T09:55:12.757365,V587
AP236381,Vendor Master Data Review,2024-05-10T11:07:53.716685,V587
AP236381,Payment Terms Verification,2024-05-10T11:44:01.260910,V587
AP236381,GL Account Assignment,2024-05-10T12:21:09.570726,V587
AP236381,Cost Center Assignment,2024-05-10T13:07:30.609436,V587
AP236381,Payment Block Release,2024-05-10T13:22:28.906020,V587
AP236381,Payment Scheduled,2024-05-10T15:49:02.215083,V587
AP236381,Payment Executed,2024-05-11T07:03:55.161214,V587
AP236381,Payment Confirmed,2024-05-11T07:45:54.580508,V587
AP236381,Invoice Posted,2024-05-11T08:47:46.713861,V587
AP236381,Document Archived,2024-05-11T08:59:34.942310,V587
AP454233,Invoice Received,2024-05-10T05:51:31.231961,V900
AP454233,Invoice Scanned,2024-05-10T06:09:27.837594,V900
AP454233,Invoice Validation,2024-05-10T09:39:44.998191,V900
AP454233,Three-Way Match,2024-05-10T13:46:01.673251,V900
AP454233,Quantity Variance Check,2024-05-10T15:54:46.617345,V900
AP454233,Tax Calculation,2024-05-10T16:44:17.629208,V900
AP454233,Approval Requested,2024-05-10T17:16:07.308205,V900
AP454233,Manager Approval,2024-05-10T21:50:22.235574,V900
AP454233,Vendor Master Data Review,2024-05-10T23:22:12.637462,V900
AP454233,Payment Terms Verification,2024-05-11T00:35:34.090323,V900
AP454233,GL Account Assignment,2024-05-11T02:02:26.981655,V900
AP454233,Cost Center Assignment,2024-05-11T03:27:07.230843,V900
AP454233,Payment Block Release,2024-05-11T03:43:57.785387,V900
AP454233,Payment Scheduled,2024-05-11T10:48:25.843603,V900
AP454233,Payment Executed,2024-05-12T10:11:34.189768,V900
AP454233,Payment Confirmed,2024-05-12T10:49:41.573399,V900
AP454233,Invoice Posted,2024-05-12T12:12:24.609962,V900
AP454233,Document Archived,2024-05-12T12:38:50.173073,V900
AP195446,Invoice Received,2024-05-10T10:08:58.924572,V217
AP195446,Invoice Scanned,2024-05-10T10:34:41.652166,V217
AP195446,Invoice Validation,2024-05-10T14:42:36.907403,V217
AP195446,Three-Way Match,2024-05-10T19:48:36.210178,V217
AP195446,Tax Calculation,2024-05-10T20:36:18.336017,V217
AP195446,Approval Requested,2024-05-10T21:26:08.861384,V217
AP195446,Manager Approval,2024-05-11T15:19:09.015259,V217
AP195446,Finance Approval,2024-05-12T18:23:49.192741,V217
AP195446,Vendor Master Data Review,2024-05-12T19:52:46.201519,V217
AP195446,Payment Terms Verification,2024-05-12T20:52:39.991922,V217
AP195446,GL Account Assignment,2024-05-12T21:27:00.574458,V217
AP195446,Cost Center Assignment,2024-05-12T21:59:22.247138,V217
AP195446,Payment Block Release,2024-05-12T22:20:59.825105,V217
AP195446,Payment Scheduled,2024-05-13T01:10:42.755717,V217
AP195446,Payment Executed,2024-05-13T22:06:27.789734,V217
AP195446,Payment Confirmed,2024-05-13T22:49:58.124064,V217
AP195446,Invoice Posted,2024-05-13T23:51:27.557652,V217
AP195446,Document Archived,2024-05-14T00:24:06.788701,V217
AP784781,Invoice Received,2024-05-12T00:22:45.718083,V271
AP784781,Invoice Scanned,2024-05-12T01:25:35.195580,V271
AP784781,Invoice Validation,2024-05-12T04:16:53.241271,V271
AP784781,Three-Way Match,2024-05-12T08:38:46.100756,V271
AP784781,Tax Calculation,2024-05-12T10:16:46.206133,V271
AP784781,Approval Requested,2024-05-12T10:39:58.082784,V271
AP784781,Manager Approval,2024-05-12T21:07:44.013758,V271
AP784781,Vendor Master Data Review,2024-05-12T23:29:55.807747,V271
AP784781,Payment Terms Verification,2024-05-13T00:42:34.176845,V271
AP784781,GL Account Assignment,2024-05-13T02:06:27.728393,V271
AP784781,Cost Center Assignment,2024-05-13T03:25:21.501287,V271
AP784781,Payment Block Release,2024-05-13T03:47:41.584809,V271
AP784781,Payment Scheduled,2024-05-13T06:25:34.187886,V271
AP784781,Payment Executed,2024-05-14T04:39:55.231263,V271
AP784781,Payment Confirmed,2024-05-14T06:56:00.106222,V271
AP784781,Invoice Posted,2024-05-14T09:17:04.408288,V271
AP784781,Document Archived,2024-05-14T09:41:35.162640,V271
AP952262,Invoice Received,2024-05-13T10:16:17.369408,V485
AP952262,Invoice Scanned,2024-05-13T11:09:45.225443,V485
AP952262,Invoice Validation,2024-05-13T13:58:02.487735,V485
AP952262,Three-Way Match,2024-05-13T16:17:56.618764,V485
AP952262,Price Variance Check,2024-05-13T18:58:48.661440,V485
AP952262,Tax Calculation,2024-05-13T20:17:18.745031,V485
AP952262,Approval Requested,2024-05-13T20:42:47.446204,V485
AP952262,Manager Approval,2024-05-14T06:12:46.168322,V485
AP952262,Vendor Master Data Review,2024-05-14T06:55:39.161705,V485
AP952262,Payment Terms Verification,2024-05-14T08:11:00.847170,V485
AP952262,GL Account Assignment,2024-05-14T09:27:01.051773,V485
AP952262,Cost Center Assignment,2024-05-14T10:53:50.045512,V485
AP952262,Payment Block Release,2024-05-14T11:09:06.446010,V485
AP952262,Payment Scheduled,2024-05-14T14:48:32.460222,V485
AP952262,Payment Executed,2024-05-15T06:54:12.046089,V485
AP952262,Payment Confirmed,2024-05-15T08:43:07.766438,V485
AP952262,Invoice Posted,2024-05-15T09:53:23.327987,V485
AP952262,Document Archived,2024-05-15T10:35:01.240522,V485
AP438689,Invoice Received,2024-05-14T18:17:53.269424,V542
AP438689,Invoice Scanned,2024-05-14T19:03:47.661862,V542
AP438689,Invoice Validation,2024-05-14T20:32:23.078234,V542
AP438689,Three-Way Match,2024-05-15T03:26:10.631088,V542
AP438689,Price Variance Check,2024-05-15T05:26:06.811486,V542
AP438689,Tax Calculation,2024-05-15T07:53:30.483841,V542
AP438689,Approval Requested,2024-05-15T08:58:51.475320,V542
AP438689,Manager Approval,2024-05-15T16:03:34.285452,V542
AP438689,Finance Approval,2024-05-16T22:44:00.893050,V542
AP438689,Vendor Master Data Review,2024-05-16T23:27:11.872031,V542
AP438689,Payment Terms Verification,2024-05-17T01:21:09.051712,V542
AP438689,GL Account Assignment,2024-05-17T03:59:15.766071,V542
AP438689,Cost Center Assignment,2024-05-17T05:21:41.201207,V542
AP438689,Payment Block Release,2024-05-17T06:10:50.734926,V542
AP438689,Payment Scheduled,2024-05-17T10:57:09.653966,V542
AP438689,Payment Executed,2024-05-18T12:26:22.007031,V542
AP438689,Payment Confirmed,2024-05-18T14:29:47.181378,V542
AP438689,Invoice Posted,2024-05-18T16:10:36.042766,V542
AP438689,Document Archived,2024-05-18T16:45:20.348106,V542
AP521195,Invoice Received,2024-05-14T22:24:41.474312,V198
AP521195,Invoice Scanned,2024-05-14T23:11:16.609937,V198
AP521195,Invoice Validation,2024-05-15T01:13:58.474273,V198
AP521195,Three-Way Match,2024-05-15T03:28:37.840089,V198
AP521195,Quantity Variance Check,2024-05-15T04:24:33.344375,V198
AP521195,Tax Calculation,2024-05-15T04:52:41.451106,V198
AP521195,Approval Requested,2024-05-15T05:34:22.130543,V198
AP521195,Manager Approval,2024-05-15T09:47:12.348349,V198
AP521195,Vendor Master Data Review,2024-05-15T10:54:51.112813,V198
AP521195,Payment Terms Verification,2024-05-15T11:25:21.145432,V198
AP521195,GL Account Assignment,2024-05-15T12:38:25.695332,V198
AP521195,Cost Center Assignment,2024-05-15T13:34:59.596580,V198
AP521195,Payment Block Release,2024-05-15T13:53:43.727992,V198
AP521195,Payment Scheduled,2024-05-15T17:48:44.844452,V198
AP521195,Payment Executed,2024-05-16T06:45:41.939313,V198
AP521195,Payment Confirmed,2024-05-16T08:19:08.937878,V198
AP521195,Invoice Posted,2024-05-16T09:23:00.081236,V198
AP521195,Document Archived,2024-05-16T09:40:30.993093,V198
AP590106,Invoice Received,2024-05-15T10:10:00.136053,V714
AP590106,Invoice Scanned,2024-05-15T10:40:27.801963,V714
AP590106,Invoice Validation,2024-05-15T12:20:16.535793,V714
AP590106,Approval Requested,2024-05-15T13:08:13.173742,V714
AP590106,Manager Approval,2024-05-16T07:51:32.153899,V714
AP590106,Finance Approval,2024-05-17T14:29:48.934016,V714
AP590106,Vendor Master Data Review,2024-05-17T16:17:07.837060,V714
AP590106,Payment Terms Verification,2024-05-17T17:49:15.916705,V714
AP590106,GL Account Assignment,2024-05-17T18:59:11.585636,V714
AP590106,Cost Center Assignment,2024-05-17T20:19:49.056626,V714
AP590106,Payment Block Release,2024-05-17T21:00:39.438552,V714
AP590106,Payment Scheduled,2024-05-18T00:37:40.418409,V714
AP590106,Payment Executed,2024-05-18T10:00:24.581173,V714
AP590106,Payment Confirmed,2024-05-18T10:46:01.360726,V714
AP590106,Invoice Posted,2024-05-18T11:34:44.624459,V714
AP590106,Document Archived,2024-05-18T12:31:11.583578,V714
AP487596,Invoice Received,2024-05-16T02:48:06.092394,V928
AP487596,Invoice Scanned,2024-05-16T03:30:52.518836,V928
AP487596,Invoice Validation,2024-05-16T05:38:18.195214,V928
AP487596,Approval Requested,2024-05-16T05:52:56.255765,V928
AP487596,Manager Approval,2024-05-16T18:41:47.445231,V928
AP487596,Vendor Master Data Review,2024-05-16T20:03:20.887904,V928
AP487596,Payment Terms Verification,2024-05-16T21:19:02.006687,V928
AP487596,GL Account Assignment,2024-05-16T21:50:13.279633,V928
AP487596,Cost Center Assignment,2024-05-16T22:27:47.254810,V928
AP487596,Payment Block Release,2024-05-16T23:00:40.145871,V928
AP487596,Payment Scheduled,2024-05-17T05:00:07.872790,V928
AP487596,Payment Executed,2024-05-17T10:37:04.870561,V928
AP487596,Payment Confirmed,2024-05-17T11:51:14.158494,V928
AP487596,Invoice Posted,2024-05-17T12:31:15.548724,V928
AP487596,Document Archived,2024-05-17T13:06:01.034613,V928
AP929029,Invoice Received,2024-05-17T03:30:05.952197,V697
AP929029,Invoice Scanned,2024-05-17T04:04:50.791938,V697
AP929029,Invoice Validation,2024-05-17T06:27:37.106267,V697
AP929029,Three-Way Match,2024-05-17T11:47:13.335290,V697
AP929029,Price Variance Check,2024-05-17T14:18:53.523998,V697
AP929029,Tax Calculation,2024-05-17T15:04:26.414187,V697
AP929029,Approval Requested,2024-05-17T15:36:56.580206,V697
AP929029,Manager Approval,2024-05-18T02:41:54.970824,V697
AP929029,Finance Approval,2024-05-18T08:09:51.950995,V697
AP929029,Vendor Master Data Review,2024-05-18T08:56:53.087703,V697
AP929029,Payment Terms Verification,2024-05-18T10:21:06.137700,V697
AP929029,GL Account Assignment,2024-05-18T11:14:53.657827,V697
AP929029,Cost Center Assignment,2024-05-18T12:24:49.312355,V697
AP929029,Payment Block Release,2024-05-18T13:09:44.902560,V697
AP929029,Payment Scheduled,2024-05-18T21:26:21.472001,V697
AP929029,Payment Executed,2024-05-19T12:33:56.741732,V697
AP929029,Payment Confirmed,2024-05-19T14:19:38.423285,V697
AP929029,Invoice Posted,2024-05-19T15:59:20.738837,V697
AP929029,Document Archived,2024-05-19T17:16:55.859156,V697
AP785864,Invoice Received,2024-05-18T20:45:25.476185,V624
AP785864,Invoice Scanned,2024-05-18T21:18:25.182679,V624
AP785864,Invoice Validation,2024-05-18T23:25:09.992945,V624
AP785864,Three-Way Match,2024-05-19T04:39:14.973006,V624
AP785864,Price Variance Check,2024-05-19T06:15:17.115111,V624
AP785864,Tax Calculation,2024-05-19T08:28:28.738790,V624
AP785864,Approval Requested,2024-05-19T09:20:29.852434,V624
AP785864,Manager Approval,2024-05-20T08:49:40.911606,V624
AP785864,Vendor Master Data Review,2024-05-20T10:25:22.646672,V624
AP785864,Payment Terms Verification,2024-05-20T11:23:56.232596,V624
AP785864,GL Account Assignment,2024-05-20T13:31:20.763770,V624
AP785864,Cost Center Assignment,2024-05-20T15:13:25.431081,V624
AP785864,Payment Block Release,2024-05-20T15:43:48.452604,V624
AP785864,Payment Scheduled,2024-05-20T22:59:52.076847,V624
AP785864,Payment Executed,2024-05-21T16:45:36.915427,V624
AP785864,Payment Confirmed,2024-05-21T18:39:54.644812,V624
AP785864,Invoice Posted,2024-05-21T20:01:12.691079,V624
AP785864,Document Archived,2024-05-21T20:49:36.886107,V624
AP966621,Invoice Received,2024-05-19T05:18:08.924074,V805
AP966621,Invoice Scanned,2024-05-19T06:11:36.169240,V805
AP966621,Invoice Validation,2024-05-19T08:05:05.918194,V805
AP966621,Three-Way Match,2024-05-19T10:52:48.065708,V805
AP966621,Price Variance Check,2024-05-19T13:34:36.574432,V805
AP966621,Tax Calculation,2024-05-19T14:14:52.417745,V805
AP966621,Approval Requested,2024-05-19T14:52:37.542157,V805
AP966621,Manager Approval,2024-05-20T10:25:03.105893,V805
AP966621,Vendor Master Data Review,2024-05-20T11:42:37.334893,V805
AP966621,Payment Terms Verification,2024-05-20T12:33:40.078839,V805
AP966621,GL Account Assignment,2024-05-20T13:36:27.953788,V805
AP966621,Cost Center Assignment,2024-05-20T14:55:41.105542,V805
AP966621,Payment Block Release,2024-05-20T15:20:00.359433,V805
AP966621,Payment Scheduled,2024-05-20T20:12:19.387181,V805
AP966621,Payment Executed,2024-05-21T02:22:05.316341,V805
AP966621,Payment Confirmed,2024-05-21T03:31:41.292377,V805
AP966621,Invoice Posted,2024-05-21T04:45:19.268518,V805
AP966621,Document Archived,2024-05-21T05:14:40.927737,V805
AP791095,Invoice Received,2024-05-20T12:01:46.259547,V287
AP791095,Invoice Scanned,2024-05-20T12:21:21.129891,V287
AP791095,Invoice Validation,2024-05-20T16:03:30.954652,V287
AP791095,Three-Way Match,2024-05-20T18:31:51.586246,V287
AP791095,Tax Calculation,2024-05-20T20:19:40.733953,V287
AP791095,Approval Requested,2024-05-20T20:39:03.613394,V287
AP791095,Manager Approval,2024-05-21T11:12:43.040011,V287
AP791095,Vendor Master Data Review,2024-05-21T11:52:18.288203,V287
AP791095,Payment Terms Verification,2024-05-21T12:26:30.562800,V287
AP791095,GL Account Assignment,2024-05-21T13:33:36.293128,V287
AP791095,Cost Center Assignment,2024-05-21T14:12:19.176390,V287
AP791095,Payment Block Release,2024-05-21T14:52:24.485128,V287
AP791095,Payment Scheduled,2024-05-21T19:35:05.896855,V287
AP791095,Payment Executed,2024-05-22T14:11:23.197556,V287
AP791095,Payment Confirmed,2024-05-22T15:17:21.842523,V287
AP791095,Invoice Posted,2024-05-22T17:07:20.524315,V287
AP791095,Document Archived,2024-05-22T17:29:55.027771,V287
AP386525,Invoice Received,2024-05-20T21:49:30.149654,V257
AP386525,Invoice Scanned,2024-05-20T22:45:23.173395,V257
AP386525,Invoice Validation,2024-05-20T23:57:40.844704,V257
AP386525,Three-Way Match,2024-05-21T04:54:33.087257,V257
AP386525,Price Variance Check,2024-05-21T07:14:11.558822,V257
AP386525,Tax Calculation,2024-05-21T07:46:53.185297,V257
AP386525,Approval Requested,2024-05-21T08:17:24.758696,V257
AP386525,Manager Approval,2024-05-21T10:11:55.632047,V257
AP386525,Finance Approval,2024-05-23T05:11:19.441288,V257
AP386525,Vendor Master Data Review,2024-05-23T06:48:50.829687,V257
AP386525,Payment Terms Verification,2024-05-23T08:26:39.644111,V257
AP386525,GL Account Assignment,2024-05-23T09:52:23.790386,V257
AP386525,Cost Center Assignment,2024-05-23T11:23:06.992051,V257
AP386525,Payment Block Release,2024-05-23T11:54:56.930300,V257
AP386525,Payment Scheduled,2024-05-23T14:21:53.760653,V257
AP386525,Payment Executed,2024-05-24T04:06:38.425503,V257
AP386525,Payment Confirmed,2024-05-24T04:59:35.773597,V257
AP386525,Invoice Posted,2024-05-24T06:10:01.912284,V257
AP386525,Document Archived,2024-05-24T06:47:06.975901,V257
AP929696,Invoice Received,2024-05-21T23:36:14.380015,V970
AP929696,Invoice Scanned,2024-05-22T00:17:21.086030,V970
AP929696,Invoice Validation,2024-05-22T05:48:40.310259,V970
AP929696,Three-Way Match,2024-05-22T09:45:00.831361,V970
AP929696,Quantity Variance Check,2024-05-22T13:54:42.758821,V970
AP929696,Tax Calculation,2024-05-22T14:43:16.959529,V970
AP929696,Approval Requested,2024-05-22T15:38:17.332677,V970
AP929696,Manager Approval,2024-05-23T10:14:34.511926,V970
AP929696,Finance Approval,2024-05-25T04:10:46.869429,V970
AP929696,Vendor Master Data Review,2024-05-25T05:32:00.149441,V970
AP929696,Payment Terms Verification,2024-05-25T06:27:54.935099,V970
AP929696,GL Account Assignment,2024-05-25T07:56:56.431096,V970
AP929696,Cost Center Assignment,2024-05-25T10:27:17.072707,V970
AP929696,Payment Block Release,2024-05-25T11:28:40.656149,V970
AP929696,Payment Scheduled,2024-05-25T18:43:00.405785,V970
AP929696,Payment Executed,2024-05-26T12:58:49.729776,V970
AP929696,Payment Confirmed,2024-05-26T14:11:51.491131,V970
AP929696,Invoice Posted,2024-05-26T15:04:29.068440,V970
AP929696,Document Archived,2024-05-26T16:32:27.645793,V970
AP646802,Invoice Received,2024-05-23T08:51:44.144739,V429
AP646802,Invoice Scanned,2024-05-23T09:30:19.982974,V429
AP646802,Invoice Validation,2024-05-23T13:37:04.288135,V429
AP646802,Three-Way Match,2024-05-23T16:02:07.907747,V429
AP646802,Tax Calculation,2024-05-23T16:44:50.678249,V429
AP646802,Approval Requested,2024-05-23T17:12:16.969796,V429
AP646802,Manager Approval,2024-05-24T03:35:44.770160,V429
AP646802,Vendor Master Data Review,2024-05-24T05:01:16.747457,V429
AP646802,Payment Terms Verification,2024-05-24T06:35:16.196490,V429
AP646802,GL Account Assignment,2024-05-24T07:27:27.872365,V429
AP646802,Cost Center Assignment,2024-05-24T08:29:57.736113,V429
AP646802,Payment Block Release,2024-05-24T08:52:51.076505,V429
AP646802,Payment Scheduled,2024-05-24T14:29:45.229465,V429
AP646802,Payment Executed,2024-05-25T08:24:48.431003,V429
AP646802,Payment Confirmed,2024-05-25T09:25:53.312395,V429
AP646802,Invoice Posted,2024-05-25T10:12:07.327828,V429
AP646802,Document Archived,2024-05-25T10:42:12.771468,V429
AP104383,Invoice Received,2024-05-24T20:33:06.641297,V113
AP104383,Invoice Scanned,2024-05-24T20:56:12.795836,V113
AP104383,Invoice Validation,2024-05-24T23:09:08.164317,V113
AP104383,Three-Way Match,2024-05-25T02:42:05.715723,V113
AP104383,Tax Calculation,2024-05-25T03:55:06.161418,V113
AP104383,Approval Requested,2024-05-25T04:12:51.149084,V113
AP104383,Manager Approval,2024-05-25T19:14:43.584570,V113
AP104383,Vendor Master Data Review,2024-05-25T20:25:55.510145,V113
AP104383,Payment Terms Verification,2024-05-25T20:50:06.131949,V113
AP104383,GL Account Assignment,2024-05-25T21:27:21.562274,V113
AP104383,Cost Center Assignment,2024-05-25T22:16:05.922091,V113
AP104383,Payment Block Release,2024-05-25T22:43:54.461696,V113
AP104383,Payment Scheduled,2024-05-26T03:28:21.061485,V113
AP104383,Payment Executed,2024-05-26T15:24:34.690019,V113
AP104383,Payment Confirmed,2024-05-26T15:48:59.177493,V113
AP104383,Invoice Posted,2024-05-26T16:39:19.523696,V113
AP104383,Document Archived,2024-05-26T16:54:55.592795,V113
AP825443,Invoice Received,2024-05-26T14:30:08.212081,V409
AP825443,Invoice Scanned,2024-05-26T15:06:19.974775,V409
AP825443,Invoice Validation,2024-05-26T18:34:11.762097,V409
AP825443,Three-Way Match,2024-05-26T22:24:38.838534,V409
AP825443,Tax Calculation,2024-05-26T23:02:58.664905,V409
AP825443,Approval Requested,2024-05-26T23:32:48.279003,V409
AP825443,Manager Approval,2024-05-27T08:08:51.162582,V409
AP825443,Vendor Master Data Review,2024-05-27T09:01:08.288783,V409
AP825443,Payment Terms Verification,2024-05-27T09:49:02.620398,V409
AP825443,GL Account Assignment,2024-05-27T10:22:32.001983,V409
AP825443,Cost Center Assignment,2024-05-27T10:55:19.656787,V409
AP825443,Payment Block Release,2024-05-27T11:16:29.053344,V409
AP825443,Payment Scheduled,2024-05-27T14:16:58.070044,V409
AP825443,Payment Executed,2024-05-28T02:13:40.605218,V409
AP825443,Payment Confirmed,2024-05-28T03:11:45.861738,V409
AP825443,Invoice Posted,2024-05-28T03:38:59.621767,V409
AP825443,Document Archived,2024-05-28T03:59:19.479493,V409
AP107577,Invoice Received,2024-05-28T03:52:54.570095,V781
AP107577,Invoice Scanned,2024-05-28T04:17:38.532931,V781
AP107577,Invoice Validation,2024-05-28T07:47:37.851084,V781
AP107577,Approval Requested,2024-05-28T08:14:46.462441,V781
AP107577,Manager Approval,2024-05-28T17:38:24.648134,V781
AP107577,Vendor Master Data Review,2024-05-28T19:15:49.902978,V781
AP107577,Payment Terms Verification,2024-05-28T19:58:00.180237,V781
AP107577,GL Account Assignment,2024-05-28T20:38:08.413880,V781
AP107577,Cost Center Assignment,2024-05-28T21:59:06.600383,V781
AP107577,Payment Block Release,2024-05-28T22:16:48.121189,V781
AP107577,Payment Scheduled,2024-05-29T01:27:21.341196,V781
AP107577,Payment Executed,2024-05-29T10:58:52.910905,V781
AP107577,Payment Confirmed,2024-05-29T11:55:04.397719,V781
AP107577,Invoice Posted,2024-05-29T13:47:27.964454,V781
AP107577,Document Archived,2024-05-29T13:59:21.616480,V781
AP565888,Invoice Received,2024-05-28T08:40:46.342727,V339
AP565888,Invoice Scanned,2024-05-28T09:02:31.237315,V339
AP565888,Invoice Validation,2024-05-28T14:28:45.693208,V339
AP565888,Approval Requested,2024-05-28T15:41:54.599385,V339
AP565888,Manager Approval,2024-05-28T22:10:15.148189,V339
AP565888,Vendor Master Data Review,2024-05-29T00:01:58.194664,V339
AP565888,Payment Terms Verification,2024-05-29T00:57:41.560714,V339
AP565888,GL Account Assignment,2024-05-29T02:48:30.162937,V339
AP565888,Cost Center Assignment,2024-05-29T03:41:29.339986,V339
AP565888,Payment Block Release,2024-05-29T04:29:41.860327,V339
AP565888,Payment Scheduled,2024-05-29T12:49:05.809600,V339
AP565888,Payment Executed,2024-05-30T05:22:14.900915,V339
AP565888,Payment Confirmed,2024-05-30T08:00:32.028405,V339
AP565888,Invoice Posted,2024-05-30T08:54:32.210037,V339
AP565888,Document Archived,2024-05-30T09:50:58.921165,V339
AP194835,Invoice Received,2024-05-28T17:35:18.693325,V914
AP194835,Invoice Scanned,2024-05-28T18:31:56.243846,V914
AP194835,Invoice Validation,2024-05-28T21:04:49.115961,V914
AP194835,Approval Requested,2024-05-28T21:42:13.319685,V914
AP194835,Manager Approval,2024-05-29T23:26:59.955790,V914
AP194835,Finance Approval,2024-05-30T07:48:00.731861,V914
AP194835,Vendor Master Data Review,2024-05-30T09:52:55.380168,V914
AP194835,Payment Terms Verification,2024-05-30T10:35:03.811689,V914
AP194835,GL Account Assignment,2024-05-30T12:46:26.257677,V914
AP194835,Cost Center Assignment,2024-05-30T13:26:07.286830,V914
AP194835,Payment Block Release,2024-05-30T14:26:26.071864,V914
AP194835,Payment Scheduled,2024-05-30T21:55:00.461952,V914
AP194835,Payment Executed,2024-05-31T13:35:32.295209,V914
AP194835,Payment Confirmed,2024-05-31T15:00:28.164258,V914
AP194835,Invoice Posted,2024-05-31T17:23:51.474543,V914
AP194835,Document Archived,2024-05-31T18:04:30.275585,V914
AP837114,Invoice Received,2024-05-29T02:07:03.753741,V135
AP837114,Invoice Scanned,2024-05-29T02:34:10.069298,V135
AP837114,Invoice Validation,2024-05-29T05:35:59.749400,V135
AP837114,Three-Way Match,2024-05-29T10:38:12.691151,V135
AP837114,Tax Calculation,2024-05-29T11:52:50.792039,V135
AP837114,Approval Requested,2024-05-29T12:52:09.900110,V135
AP837114,Manager Approval,2024-05-29T16:50:56.574098,V135
AP837114,Finance Approval,2024-05-30T19:37:57.821571,V135
AP837114,Vendor Master Data Review,2024-05-30T21:29:55.706439,V135
AP837114,Payment Terms Verification,2024-05-30T22:51:30.038421,V135
AP837114,GL Account Assignment,2024-05-31T01:16:03.013067,V135
AP837114,Cost Center Assignment,2024-05-31T02:33:54.474220,V135
AP837114,Payment Block Release,2024-05-31T03:03:47.542265,V135
AP837114,Payment Scheduled,2024-05-31T06:26:10.762418,V135
AP837114,Payment Executed,2024-06-01T07:38:30.625249,V135
AP837114,Payment Confirmed,2024-06-01T08:46:16.417509,V135
AP837114,Invoice Posted,2024-06-01T10:19:39.464439,V135
AP837114,Document Archived,2024-06-01T10:49:40.056609,V135
AP703646,Invoice Received,2024-05-30T14:13:26.343885,V204
AP703646,Invoice Scanned,2024-05-30T15:02:47.561141,V204
AP703646,Invoice Validation,2024-05-30T17:50:02.234248,V204
AP703646,Approval Requested,2024-05-30T18:06:42.861793,V204
AP703646,Manager Approval,2024-05-31T08:59:37.386486,V204
AP703646,Vendor Master Data Review,2024-05-31T10:12:45.515524,V204
AP703646,Payment Terms Verification,2024-05-31T10:58:01.646581,V204
AP703646,GL Account Assignment,2024-05-31T12:46:15.743523,V204
AP703646,Cost Center Assignment,2024-05-31T14:17:02.612618,V204
AP703646,Payment Block Release,2024-05-31T15:07:27.814691,V204
AP703646,Payment Scheduled,2024-05-31T18:32:03.944784,V204
AP703646,Payment Executed,2024-05-31T23:13:34.317742,V204
AP703646,Payment Confirmed,2024-06-01T00:33:14.987654,V204
AP703646,Invoice Posted,2024-06-01T01:47:06.920104,V204
AP703646,Document Archived,2024-06-01T02:34:51.651866,V204
AP554721,Invoice Received,2024-05-31T00:32:21.637137,V405
AP554721,Invoice Scanned,2024-05-31T01:41:06.690348,V405
AP554721,Invoice Validation,2024-05-31T04:44:27.740834,V405
AP554721,Three-Way Match,2024-05-31T09:52:14.693438,V405
AP554721,Quantity Variance Check,2024-05-31T12:11:17.861132,V405
AP554721,Tax Calculation,2024-05-31T13:45:47.482146,V405
AP554721,Approval Requested,2024-05-31T15:00:19.146275,V405
AP554721,Manager Approval,2024-06-01T05:33:56.895029,V405
AP554721,Vendor Master Data Review,2024-06-01T07:09:16.419034,V405
AP554721,Payment Terms Verification,2024-06-01T07:55:27.095437,V405
AP554721,GL Account Assignment,2024-06-01T09:30:55.727794,V405
AP554721,Cost Center Assignment,2024-06-01T10:49:30.103675,V405
AP554721,Payment Block Release,2024-06-01T11:33:36.641745,V405
AP554721,Payment Scheduled,2024-06-01T16:29:27.296631,V405
AP554721,Payment Executed,2024-06-02T15:29:20.598038,V405
AP554721,Payment Confirmed,2024-06-02T17:06:30.430863,V405
AP554721,Invoice Posted,2024-06-02T19:09:23.806194,V405
AP554721,Document Archived,2024-06-02T19:31:58.274396,V405
AP414267,Invoice Received,2024-06-01T16:43:19.367265,V976
AP414267,Invoice Scanned,2024-06-01T17:01:59.117672,V976
AP414267,Invoice Validation,2024-06-01T18:56:10.131951,V976
AP414267,Three-Way Match,2024-06-01T22:12:48.436592,V976
AP414267,Quantity Variance Check,2024-06-01T23:03:17.642064,V976
AP414267,Tax Calculation,2024-06-02T00:18:21.718938,V976
AP414267,Approval Requested,2024-06-02T01:04:20.538018,V976
AP414267,Manager Approval,2024-06-02T05:48:26.632127,V976
AP414267,Vendor Master Data Review,2024-06-02T07:15:00.470321,V976
AP414267,Payment Terms Verification,2024-06-02T07:56:57.817632,V976
AP414267,GL Account Assignment,2024-06-02T08:23:54.064744,V976
AP414267,Cost Center Assignment,2024-06-02T08:51:43.795887,V976
AP414267,Payment Block Release,2024-06-02T09:06:54.627779,V976
AP414267,Payment Scheduled,2024-06-02T12:01:32.668995,V976
AP414267,Payment Executed,2024-06-02T17:30:08.697501,V976
AP414267,Payment Confirmed,2024-06-02T18:59:20.716825,V976
AP414267,Invoice Posted,2024-06-02T20:18:14.017742,V976
AP414267,Document Archived,2024-06-02T20:44:13.822225,V976
AP395694,Invoice Received,2024-06-02T16:37:50.907438,V664
AP395694,Invoice Scanned,2024-06-02T17:13:20.250867,V664
AP395694,Invoice Validation,2024-06-02T21:14:59.305889,V664
AP395694,Approval Requested,2024-06-02T22:05:29.422497,V664
AP395694,Manager Approval,2024-06-03T13:01:55.007195,V664
AP395694,Vendor Master Data Review,2024-06-03T14:52:03.348482,V664
AP395694,Payment Terms Verification,2024-06-03T16:12:56.709089,V664
AP395694,GL Account Assignment,2024-06-03T17:44:13.472556,V664
AP395694,Cost Center Assignment,2024-06-03T19:21:05.574800,V664
AP395694,Payment Block Release,2024-06-03T19:57:05.334588,V664
AP395694,Payment Scheduled,2024-06-04T00:47:07.860497,V664
AP395694,Payment Executed,2024-06-05T00:25:02.100424,V664
AP395694,Payment Confirmed,2024-06-05T01:45:06.803681,V664
AP395694,Invoice Posted,2024-06-05T03:49:29.582118,V664
AP395694,Document Archived,2024-06-05T04:07:40.729856,V664
AP399736,Invoice Received,2024-06-03T00:35:28.414700,V667
AP399736,Invoice Scanned,2024-06-03T01:37:14.147031,V667
AP399736,Invoice Validation,2024-06-03T03:01:43.119504,V667
AP399736,Three-Way Match,2024-06-03T07:47:48.345137,V667
AP399736,Price Variance Check,2024-06-03T08:41:49.889203,V667
AP399736,Tax Calculation,2024-06-03T09:11:34.060051,V667
AP399736,Approval Requested,2024-06-03T09:48:07.823099,V667
AP399736,Manager Approval,2024-06-04T12:29:41.582285,V667
AP399736,Vendor Master Data Review,2024-06-04T13:44:29.881559,V667
AP399736,Payment Terms Verification,2024-06-04T14:37:26.289966,V667
AP399736,GL Account Assignment,2024-06-04T16:14:17.839369,V667
AP399736,Cost Center Assignment,2024-06-04T16:53:49.883363,V667
AP399736,Payment Block Release,2024-06-04T17:26:12.788807,V667
AP399736,Payment Scheduled,2024-06-04T21:45:11.254128,V667
AP399736,Payment Executed,2024-06-05T21:46:35.267473,V667
AP399736,Payment Confirmed,2024-06-05T22:53:09.267174,V667
AP399736,Invoice Posted,2024-06-06T00:16:15.997268,V667
AP399736,Document Archived,2024-06-06T01:23:30.593486,V667
AP747756,Invoice Received,2024-06-04T01:37:31.818511,V968
AP747756,Invoice Scanned,2024-06-04T02:07:49.077428,V968
AP747756,Invoice Validation,2024-06-04T05:35:48.758145,V968
AP747756,Three-Way Match,2024-06-04T08:11:11.009387,V968
AP747756,Price Variance Check,2024-06-04T10:04:25.829934,V968
AP747756,Tax Calculation,2024-06-04T11:13:13.075507,V968
AP747756,Approval Requested,2024-06-04T11:39:16.089011,V968
AP747756,Manager Approval,2024-06-04T22:25:24.399926,V968
AP747756,Vendor Master Data Review,2024-06-04T23:07:18.966873,V968
AP747756,Payment Terms Verification,2024-06-04T23:52:37.833063,V968
AP747756,GL Account Assignment,2024-06-05T01:09:55.514481,V968
AP747756,Cost Center Assignment,2024-06-05T01:51:24.264129,V968
AP747756,Payment Block Release,2024-06-05T02:52:09.405412,V968
AP747756,Payment Scheduled,2024-06-05T06:17:24.642377,V968
AP747756,Payment Executed,2024-06-05T16:02:02.031618,V968
AP747756,Payment Confirmed,2024-06-05T18:01:37.122728,V968
AP747756,Invoice Posted,2024-06-05T20:04:36.679318,V968
AP747756,Document Archived,2024-06-05T21:14:04.728511,V968
AP122179,Invoice Received,2024-06-04T21:05:22.046547,V229
AP122179,Invoice Scanned,2024-06-04T21:27:20.686556,V229
AP122179,Invoice Validation,2024-06-05T00:53:51.866354,V229
AP122179,Three-Way Match,2024-06-05T03:24:35.334448,V229
AP122179,Tax Calculation,2024-06-05T04:00:36.671190,V229
AP122179,Approval Requested,2024-06-05T04:23:49.827281,V229
AP122179,Manager Approval,2024-06-05T21:33:57.580610,V229
AP122179,Vendor Master Data Review,2024-06-05T22:15:24.430420,V229
AP122179,Payment Terms Verification,2024-06-05T23:29:57.548729,V229
AP122179,GL Account Assignment,2024-06-06T01:08:54.314218,V229
AP122179,Cost Center Assignment,2024-06-06T01:43:27.707244,V229
AP122179,Payment Block Release,2024-06-06T02:39:17.730361,V229
AP122179,Payment Scheduled,2024-06-06T06:28:04.768256,V229
AP122179,Payment Executed,2024-06-06T15:25:56.853478,V229
AP122179,Payment Confirmed,2024-06-06T16:03:56.745743,V229
AP122179,Invoice Posted,2024-06-06T17:08:08.986480,V229
AP122179,Document Archived,2024-06-06T17:27:56.309175,V229
AP149866,Invoice Received,2024-06-05T15:22:13.067852,V286
AP149866,Invoice Scanned,2024-06-05T15:46:28.951294,V286
AP149866,Invoice Validation,2024-06-05T16:54:46.161091,V286
AP149866,Approval Requested,2024-06-05T17:23:40.576042,V286
AP149866,Manager Approval,2024-06-05T19:44:34.071174,V286
AP149866,Vendor Master Data Review,2024-06-05T20:50:08.969404,V286
AP149866,Payment Terms Verification,2024-06-05T22:31:23.867463,V286
AP149866,GL Account Assignment,2024-06-05T23:49:39.163706,V286
AP149866,Cost Center Assignment,2024-06-06T01:23:15.844633,V286
AP149866,Payment Block Release,2024-06-06T01:44:23.214986,V286
AP149866,Payment Scheduled,2024-06-06T06:55:55.561758,V286
AP149866,Payment Executed,2024-06-07T01:36:51.577317,V286
AP149866,Payment Confirmed,2024-06-07T02:43:12.386955,V286
AP149866,Invoice Posted,2024-06-07T03:35:38.461914,V286
AP149866,Document Archived,2024-06-07T03:59:44.703315,V286
AP687565,Invoice Received,2024-06-06T07:12:23.401911,V455
AP687565,Invoice Scanned,2024-06-06T08:13:30.910097,V455
AP687565,Invoice Validation,2024-06-06T13:14:27.888630,V455
AP687565,Three-Way Match,2024-06-06T19:30:04.492132,V455
AP687565,Price Variance Check,2024-06-06T20:58:45.621213,V455
AP687565,Tax Calculation,2024-06-06T23:12:32.003180,V455
AP687565,Approval Requested,2024-06-07T00:21:57.605778,V455
AP687565,Manager Approval,2024-06-07T08:33:34.140489,V455
AP687565,Vendor Master Data Review,2024-06-07T10:40:30.944110,V455
AP687565,Payment Terms Verification,2024-06-07T11:33:37.402109,V455
AP687565,GL Account Assignment,2024-06-07T13:54:33.172459,V455
AP687565,Cost Center Assignment,2024-06-07T15:36:02.784914,V455
AP687565,Payment Block Release,2024-06-07T16:09:38.276432,V455
AP687565,Payment Scheduled,2024-06-07T22:15:03.809633,V455
AP687565,Payment Executed,2024-06-08T07:41:13.528750,V455
AP687565,Payment Confirmed,2024-06-08T10:30:30.281103,V455
AP687565,Invoice Posted,2024-06-08T12:51:38.209735,V455
AP687565,Document Archived,2024-06-08T14:01:17.892812,V455
AP487040,Invoice Received,2024-06-06T08:01:56.540264,V432
AP487040,Invoice Scanned,2024-06-06T08:52:16.194154,V432
AP487040,Invoice Validation,2024-06-06T10:39:28.570163,V432
AP487040,Approval Requested,2024-06-06T11:30:19.704460,V432
AP487040,Manager Approval,2024-06-06T19:12:15.474087,V432
AP487040,Vendor Master Data Review,2024-06-06T21:36:36.578470,V432
AP487040,Payment Terms Verification,2024-06-06T22:24:25.655103,V432
AP487040,GL Account Assignment,2024-06-07T00:16:37.264805,V432
AP487040,Cost Center Assignment,2024-06-07T01:55:15.138340,V432
AP487040,Payment Block Release,2024-06-07T02:26:01.871337,V432
AP487040,Payment Scheduled,2024-06-07T08:36:55.721745,V432
AP487040,Payment Executed,2024-06-08T03:55:22.857333,V432
AP487040,Payment Confirmed,2024-06-08T04:32:16.242710,V432
AP487040,Invoice Posted,2024-06-08T06:15:54.681588,V432
AP487040,Document Archived,2024-06-08T07:11:37.555095,V432
AP513345,Invoice Received,2024-06-06T11:34:59.406444,V803
AP513345,Invoice Scanned,2024-06-06T11:59:13.679060,V803
AP513345,Invoice Validation,2024-06-06T13:02:19.824274,V803
AP513345,Approval Requested,2024-06-06T13:45:06.946891,V803
AP513345,Manager Approval,2024-06-06T15:58:23.359787,V803
AP513345,Vendor Master Data Review,2024-06-06T16:55:56.595992,V803
AP513345,Payment Terms Verification,2024-06-06T17:21:40.264464,V803
AP513345,GL Account Assignment,2024-06-06T17:51:18.071658,V803
AP513345,Cost Center Assignment,2024-06-06T18:25:56.857686,V803
AP513345,Payment Block Release,2024-06-06T18:58:57.277303,V803
AP513345,Payment Scheduled,2024-06-06T23:11:18.479293,V803
AP513345,Payment Executed,2024-06-07T06:31:14.856077,V803
AP513345,Payment Confirmed,2024-06-07T07:48:50.359502,V803
AP513345,Invoice Posted,2024-06-07T08:58:59.081747,V803
AP513345,Document Archived,2024-06-07T09:33:29.637033,V803
AP547883,Invoice Received,2024-06-06T20:26:06.040965,V494
AP547883,Invoice Scanned,2024-06-06T21:28:32.881694,V494
AP547883,Invoice Validation,2024-06-07T00:59:33.216003,V494
AP547883,Three-Way Match,2024-06-07T03:27:16.779278,V494
AP547883,Tax Calculation,2024-06-07T04:45:19.248150,V494
AP547883,Approval Requested,2024-06-07T06:04:34.619154,V494
AP547883,Manager Approval,2024-06-07T22:04:16.011000,V494
AP547883,Vendor Master Data Review,2024-06-07T23:52:15.397795,V494
AP547883,Payment Terms Verification,2024-06-08T01:31:44.670550,V494
AP547883,GL Account Assignment,2024-06-08T02:33:42.334731,V494
AP547883,Cost Center Assignment,2024-06-08T04:39:46.848798,V494
AP547883,Payment Block Release,2024-06-08T05:26:37.948820,V494
AP547883,Payment Scheduled,2024-06-08T13:16:50.336396,V494
AP547883,Payment Executed,2024-06-09T01:13:13.430241,V494
AP547883,Payment Confirmed,2024-06-09T03:13:01.218846,V494
AP547883,Invoice Posted,2024-06-09T05:09:31.074936,V494
AP547883,Document Archived,2024-06-09T05:36:55.861451,V494
AP544420,Invoice Received,2024-06-07T07:41:47.238858,V592
AP544420,Invoice Scanned,2024-06-07T08:15:25.179230,V592
AP544420,Invoice Validation,2024-06-07T09:56:17.447062,V592
AP544420,Three-Way Match,2024-06-07T14:07:37.113999,V592
AP544420,Tax Calculation,2024-06-07T15:14:19.659626,V592
AP544420,Approval Requested,2024-06-07T15:58:30.349600,V592
AP544420,Manager Approval,2024-06-08T07:35:34.387488,V592
AP544420,Finance Approval,2024-06-09T22:06:21.173738,V592
AP544420,Vendor Master Data Review,2024-06-10T00:22:05.968971,V592
AP544420,Payment Terms Verification,2024-06-10T01:32:06.711366,V592
AP544420,GL Account Assignment,2024-06-10T03:07:18.356512,V592
AP544420,Cost Center Assignment,2024-06-10T05:14:15.588895,V592
AP544420,Payment Block Release,2024-06-10T05:43:34.203363,V592
AP544420,Payment Scheduled,2024-06-10T09:04:31.542075,V592
AP544420,Payment Executed,2024-06-10T18:26:11.454779,V592
AP544420,Payment Confirmed,2024-06-10T19:34:45.251874,V592
AP544420,Invoice Posted,2024-06-10T20:16:20.334788,V592
AP544420,Document Archived,2024-06-10T20:31:48.931061,V592
AP953238,Invoice Received,2024-06-07T12:43:02.853072,V526
AP953238,Invoice Scanned,2024-06-07T13:25:04.295555,V526
AP953238,Invoice Validation,2024-06-07T15:05:21.119161,V526
AP953238,Approval Requested,2024-06-07T15:39:13.355808,V526
AP953238,Manager Approval,2024-06-08T05:33:36.736858,V526
AP953238,Vendor Master Data Review,2024-06-08T06:22:03.837034,V526
AP953238,Payment Terms Verification,2024-06-08T07:45:59.307593,V526
AP953238,GL Account Assignment,2024-06-08T09:23:45.069967,V526
AP953238,Cost Center Assignment,2024-06-08T10:36:31.946133,V526
AP953238,Payment Block Release,2024-06-08T11:23:58.160264,V526
AP953238,Payment Scheduled,2024-06-08T13:20:47.384988,V526
AP953238,Payment Executed,2024-06-08T19:12:03.532004,V526
AP953238,Payment Confirmed,2024-06-08T20:25:06.762126,V526
AP953238,Invoice Posted,2024-06-08T21:18:31.588260,V526
AP953238,Document Archived,2024-06-08T21:54:42.359780,V526
AP213666,Invoice Received,2024-06-09T03:53:09.137597,V206
AP213666,Invoice Scanned,2024-06-09T04:07:59.866459,V206
AP213666,Invoice Validation,2024-06-09T05:22:32.555550,V206
AP213666,Approval Requested,2024-06-09T05:52:03.045902,V206
AP213666,Manager Approval,2024-06-09T08:19:45.009184,V206
AP213666,Vendor Master Data Review,2024-06-09T09:42:38.563781,V206
AP213666,Payment Terms Verification,2024-06-09T10:14:13.441514,V206
AP213666,GL Account Assignment,2024-06-09T10:43:13.388708,V206
AP213666,Cost Center Assignment,2024-06-09T11:41:01.249212,V206
AP213666,Payment Block Release,2024-06-09T12:37:42.570702,V206
AP213666,Payment Scheduled,2024-06-09T15:07:00.954910,V206
AP213666,Payment Executed,2024-06-09T21:52:38.794908,V206
AP213666,Payment Confirmed,2024-06-09T23:11:35.145521,V206
AP213666,Invoice Posted,2024-06-10T00:49:18.718010,V206
AP213666,Document Archived,2024-06-10T01:30:40.439742,V206
AP946699,Invoice Received,2024-06-09T11:42:08.807589,V797
AP946699,Invoice Scanned,2024-06-09T12:46:46.016515,V797
AP946699,Invoice Validation,2024-06-09T16:35:17.805601,V797
AP946699,Three-Way Match,2024-06-09T21:52:46.765403,V797
AP946699,Price Variance Check,2024-06-10T00:46:49.085887,V797
AP946699,Tax Calculation,2024-06-10T02:31:32.001742,V797
AP946699,Approval Requested,2024-06-10T03:10:18.365392,V797
AP946699,Manager Approval,2024-06-10T20:32:49.357986,V797
AP946699,Vendor Master Data Review,2024-06-10T21:26:55.475424,V797
AP946699,Payment Terms Verification,2024-06-10T23:50:21.875193,V797
AP946699,GL Account Assignment,2024-06-11T00:29:31.722263,V797
AP946699,Cost Center Assignment,2024-06-11T01:14:12.361857,V797
AP946699,Payment Block Release,2024-06-11T01:32:26.322811,V797
AP946699,Payment Scheduled,2024-06-11T05:24:04.814526,V797
AP946699,Payment Executed,2024-06-12T06:30:42.358485,V797
AP946699,Payment Confirmed,2024-06-12T07:17:13.399758,V797
AP946699,Invoice Posted,2024-06-12T09:10:35.240708,V797
AP946699,Document Archived,2024-06-12T10:03:17.979767,V797
AP491835,Invoice Received,2024-06-10T06:40:11.402204,V185
AP491835,Invoice Scanned,2024-06-10T07:43:13.874584,V185
AP491835,Invoice Validation,2024-06-10T11:11:30.904004,V185
AP491835,Three-Way Match,2024-06-10T15:46:34.465992,V185
AP491835,Tax Calculation,2024-06-10T16:38:56.064849,V185
AP491835,Approval Requested,2024-06-10T16:57:47.897055,V185
AP491835,Manager Approval,2024-06-10T21:17:06.482820,V185
AP491835,Vendor Master Data Review,2024-06-10T23:15:18.888140,V185
AP491835,Payment Terms Verification,2024-06-11T01:16:07.878554,V185
AP491835,GL Account Assignment,2024-06-11T02:50:19.849949,V185
AP491835,Cost Center Assignment,2024-06-11T04:06:07.730413,V185
AP491835,Payment Block Release,2024-06-11T04:55:58.884757,V185
AP491835,Payment Scheduled,2024-06-11T07:00:34.176117,V185
AP491835,Payment Executed,2024-06-11T23:51:10.142839,V185
AP491835,Payment Confirmed,2024-06-12T01:17:38.671964,V185
AP491835,Invoice Posted,2024-06-12T02:23:17.613288,V185
AP491835,Document Archived,2024-06-12T02:44:53.603004,V185
AP766566,Invoice Received,2024-06-12T03:22:44.419559,V280
AP766566,Invoice Scanned,2024-06-12T03:53:34.697135,V280
AP766566,Invoice Validation,2024-06-12T06:38:31.177616,V280
AP766566,Three-Way Match,2024-06-12T11:05:47.569525,V280
AP766566,Tax Calculation,2024-06-12T12:12:43.796363,V280
AP766566,Approval Requested,2024-06-12T12:42:27.202092,V280
AP766566,Manager Approval,2024-06-13T03:32:00.869883,V280
AP766566,Vendor Master Data Review,2024-06-13T04:38:42.886396,V280
AP766566,Payment Terms Verification,2024-06-13T05:13:06.401139,V280
AP766566,GL Account Assignment,2024-06-13T05:52:35.730104,V280
AP766566,Cost Center Assignment,2024-06-13T07:03:14.169729,V280
AP766566,Payment Block Release,2024-06-13T07:56:14.957995,V280
AP766566,Payment Scheduled,2024-06-13T10:47:33.073063,V280
AP766566,Payment Executed,2024-06-14T04:47:19.094943,V280
AP766566,Payment Confirmed,2024-06-14T05:54:26.643884,V280
AP766566,Invoice Posted,2024-06-14T07:14:22.672093,V280
AP766566,Document Archived,2024-06-14T07:56:12.680121,V280
AP540586,Invoice Received,2024-06-12T10:31:40.196330,V813
AP540586,Invoice Scanned,2024-06-12T10:57:44.576185,V813
AP540586,Invoice Validation,2024-06-12T12:32:47.244481,V813
AP540586,Approval Requested,2024-06-12T12:45:54.527277,V813
AP540586,Manager Approval,2024-06-13T05:09:39.999339,V813
AP540586,Vendor Master Data Review,2024-06-13T05:58:58.911341,V813
AP540586,Payment Terms Verification,2024-06-13T06:56:15.581434,V813
AP540586,GL Account Assignment,2024-06-13T07:21:27.181459,V813
AP540586,Cost Center Assignment,2024-06-13T07:55:46.247193,V813
AP540586,Payment Block Release,2024-06-13T08:22:07.843974,V813
AP540586,Payment Scheduled,2024-06-13T11:24:36.386638,V813
AP540586,Payment Executed,2024-06-14T05:55:32.452011,V813
AP540586,Payment Confirmed,2024-06-14T06:57:39.980963,V813
AP540586,Invoice Posted,2024-06-14T07:57:00.978375,V813
AP540586,Document Archived,2024-06-14T08:38:10.806479,V813
AP134220,Invoice Received,2024-06-12T17:33:23.421298,V783
AP134220,Invoice Scanned,2024-06-12T18:07:09.720878,V783
AP134220,Invoice Validation,2024-06-12T20:09:58.471975,V783
AP134220,Approval Requested,2024-06-12T21:04:09.061028,V783
AP134220,Manager Approval,2024-06-13T16:14:24.418627,V783
AP134220,Finance Approval,2024-06-14T10:27:44.835516,V783
AP134220,Vendor Master Data Review,2024-06-14T12:06:37.713179,V783
AP134220,Payment Terms Verification,2024-06-14T13:44:43.581163,V783
AP134220,GL Account Assignment,2024-06-14T15:31:56.936714,V783
AP134220,Cost Center Assignment,2024-06-14T16:13:33.127512,V783
AP134220,Payment Block Release,2024-06-14T17:07:31.716410,V783
AP134220,Payment Scheduled,2024-06-15T02:24:33.080758,V783
AP134220,Payment Executed,2024-06-15T22:59:37.374793,V783
AP134220,Payment Confirmed,2024-06-16T00:56:47.786575,V783
AP134220,Invoice Posted,2024-06-16T01:40:39.737113,V783
AP134220,Document Archived,2024-06-16T02:07:10.103910,V783
AP940089,Invoice Received,2024-06-13T19:57:41.765722,V229
AP940089,Invoice Scanned,2024-06-13T20:53:19.703274,V229
AP940089,Invoice Validation,2024-06-14T00:01:28.955121,V229
AP940089,Three-Way Match,2024-06-14T02:20:18.131608,V229
AP940089,Quantity Variance Check,2024-06-14T04:06:43.062347,V229
AP940089,Tax Calculation,2024-06-14T05:40:33.384188,V229
AP940089,Approval Requested,2024-06-14T06:21:48.498903,V229
AP940089,Manager Approval,2024-06-14T21:21:16.409398,V229
AP940089,Finance Approval,2024-06-16T13:19:42.117526,V229
AP940089,Vendor Master Data Review,2024-06-16T14:17:36.457437,V229
AP940089,Payment Terms Verification,2024-06-16T16:03:16.249642,V229
AP940089,GL Account Assignment,2024-06-16T18:03:14.242000,V229
AP940089,Cost Center Assignment,2024-06-16T19:12:20.935046,V229
AP940089,Payment Block Release,2024-06-16T19:47:35.525529,V229
AP940089,Payment Scheduled,2024-06-17T01:57:38.604718,V229
AP940089,Payment Executed,2024-06-17T14:42:29.184936,V229
AP940089,Payment Confirmed,2024-06-17T15:42:29.562045,V229
AP940089,Invoice Posted,2024-06-17T17:19:06.438312,V229
AP940089,Document Archived,2024-06-17T17:48:36.966374,V229
AP110632,Invoice Received,2024-06-15T16:20:20.259622,V282
AP110632,Invoice Scanned,2024-06-15T16:43:08.227706,V282
AP110632,Invoice Validation,2024-06-15T21:41:30.855068,V282
AP110632,Three-Way Match,2024-06-16T02:06:52.876291,V282
AP110632,Price Variance Check,2024-06-16T04:48:27.116092,V282
AP110632,Tax Calculation,2024-06-16T06:33:13.471971,V282
AP110632,Approval Requested,2024-06-16T07:27:13.665976,V282
AP110632,Manager Approval,2024-06-16T12:24:34.032803,V282
AP110632,Finance Approval,2024-06-17T05:20:35.599613,V282
AP110632,Vendor Master Data Review,2024-06-17T07:19:54.079053,V282
AP110632,Payment Terms Verification,2024-06-17T09:20:07.157282,V282
AP110632,GL Account Assignment,2024-06-17T11:22:10.594565,V282
AP110632,Cost Center Assignment,2024-06-17T13:40:37.470026,V282
AP110632,Payment Block Release,2024-06-17T14:06:56.583125,V282
AP110632,Payment Scheduled,2024-06-17T17:17:08.435211,V282
AP110632,Payment Executed,2024-06-18T08:09:41.630687,V282
AP110632,Payment Confirmed,2024-06-18T09:10:17.843246,V282
AP110632,Invoice Posted,2024-06-18T10:18:22.405408,V282
AP110632,Document Archived,2024-06-18T11:33:21.148598,V282
AP365356,Invoice Received,2024-06-16T14:36:16.048495,V700
AP365356,Invoice Scanned,2024-06-16T15:39:25.016559,V700
AP365356,Invoice Validation,2024-06-16T17:17:16.222432,V700
AP365356,Three-Way Match,2024-06-16T19:56:56.858796,V700
AP365356,Price Variance Check,2024-06-16T21:33:52.516495,V700
AP365356,Tax Calculation,2024-06-16T22:09:43.343611,V700
AP365356,Approval Requested,2024-06-16T22:37:01.759118,V700
AP365356,Manager Approval,2024-06-17T04:58:15.678709,V700
AP365356,Finance Approval,2024-06-17T17:44:45.186835,V700
AP365356,Vendor Master Data Review,2024-06-17T19:44:59.144627,V700
AP365356,Payment Terms Verification,2024-06-17T21:25:31.742330,V700
AP365356,GL Account Assignment,2024-06-17T23:01:40.445632,V700
AP365356,Cost Center Assignment,2024-06-17T23:44:01.706595,V700
AP365356,Payment Block Release,2024-06-18T00:00:50.132385,V700
AP365356,Payment Scheduled,2024-06-18T05:18:52.740816,V700
AP365356,Payment Executed,2024-06-18T12:56:10.386683,V700
AP365356,Payment Confirmed,2024-06-18T14:47:59.968748,V700
AP365356,Invoice Posted,2024-06-18T15:53:52.700755,V700
AP365356,Document Archived,2024-06-18T16:12:07.073275,V700
AP592718,Invoice Received,2024-06-17T17:29:26.431671,V197
AP592718,Invoice Scanned,2024-06-17T17:56:54.525451,V197
AP592718,Invoice Validation,2024-06-17T21:15:50.764330,V197
AP592718,Three-Way Match,2024-06-18T01:04:34.136348,V197
AP592718,Quantity Variance Check,2024-06-18T03:43:58.993793,V197
AP592718,Tax Calculation,2024-06-18T05:20:11.950448,V197
AP592718,Approval Requested,2024-06-18T06:04:48.561720,V197
AP592718,Manager Approval,2024-06-19T04:54:36.006252,V197
AP592718,Finance Approval,2024-06-19T13:29:18.507711,V197
AP592718,Vendor Master Data Review,2024-06-19T15:14:18.957725,V197
AP592718,Payment Terms Verification,2024-06-19T16:29:47.986581,V197
AP592718,GL Account Assignment,2024-06-19T16:57:33.104576,V197
AP592718,Cost Center Assignment,2024-06-19T17:55:19.584282,V197
AP592718,Payment Block Release,2024-06-19T18:29:57.342956,V197
AP592718,Payment Scheduled,2024-06-19T23:09:49.157748,V197
AP592718,Payment Executed,2024-06-20T06:21:28.455628,V197
AP592718,Payment Confirmed,2024-06-20T08:18:07.405663,V197
AP592718,Invoice Posted,2024-06-20T09:27:05.673966,V197
AP592718,Document Archived,2024-06-20T10:00:53.787316,V197
AP903421,Invoice Received,2024-06-19T06:54:45.601097,V403
AP903421,Invoice Scanned,2024-06-19T07:22:11.500134,V403
AP903421,Invoice Validation,2024-06-19T09:55:49.808449,V403
AP903421,Three-Way Match,2024-06-19T12:58:29.158853,V403
AP903421,Quantity Variance Check,2024-06-19T14:44:10.101352,V403
AP903421,Tax Calculation,2024-06-19T16:38:13.987879,V403
AP903421,Approval Requested,2024-06-19T17:12:30.425526,V403
AP903421,Manager Approval,2024-06-20T11:54:31.347227,V403
AP903421,Finance Approval,2024-06-20T23:15:06.957666,V403
AP903421,Vendor Master Data Review,2024-06-21T00:29:14.571616,V403
AP903421,Payment Terms Verification,2024-06-21T01:23:52.211856,V403
AP903421,GL Account Assignment,2024-06-21T03:12:12.390407,V403
AP903421,Cost Center Assignment,2024-06-21T03:50:46.816848,V403
AP903421,Payment Block Release,2024-06-21T04:06:52.792943,V403
AP903421,Payment Scheduled,2024-06-21T07:40:51.548872,V403
AP903421,Payment Executed,2024-06-21T17:02:05.217299,V403
AP903421,Payment Confirmed,2024-06-21T17:56:51.378444,V403
AP903421,Invoice Posted,2024-06-21T19:01:03.524938,V403
AP903421,Document Archived,2024-06-21T19:26:59.562049,V403
AP298652,Invoice Received,2024-06-20T02:06:59.200435,V512
AP298652,Invoice Scanned,2024-06-20T02:45:48.013381,V512
AP298652,Invoice Validation,2024-06-20T04:32:00.373722,V512
AP298652,Three-Way Match,2024-06-20T11:25:52.404895,V512
AP298652,Price Variance Check,2024-06-20T13:41:09.076346,V512
AP298652,Tax Calculation,2024-06-20T15:28:26.408458,V512
AP298652,Approval Requested,2024-06-20T16:02:11.195744,V512
AP298652,Manager Approval,2024-06-21T05:28:22.692438,V512
AP298652,Finance Approval,2024-06-22T23:03:55.744022,V512
AP298652,Vendor Master Data Review,2024-06-22T23:35:41.248585,V512
AP298652,Payment Terms Verification,2024-06-23T01:28:44.691091,V512
AP298652,GL Account Assignment,2024-06-23T03:04:29.578640,V512
AP298652,Cost Center Assignment,2024-06-23T03:54:51.923699,V512
AP298652,Payment Block Release,2024-06-23T05:09:28.368914,V512
AP298652,Payment Scheduled,2024-06-23T08:11:30.058684,V512
AP298652,Payment Executed,2024-06-23T18:00:55.236777,V512
AP298652,Payment Confirmed,2024-06-23T19:14:10.630169,V512
AP298652,Invoice Posted,2024-06-23T21:23:03.296706,V512
AP298652,Document Archived,2024-06-23T21:43:21.480926,V512
AP891666,Invoice Received,2024-06-20T18:03:08.083259,V250
AP891666,Invoice Scanned,2024-06-20T18:27:07.748652,V250
AP891666,Invoice Validation,2024-06-20T20:41:59.160550,V250
AP891666,Three-Way Match,2024-06-21T00:10:11.941457,V250
AP891666,Price Variance Check,2024-06-21T01:30:48.529636,V250
AP891666,Tax Calculation,2024-06-21T03:08:57.657847,V250
AP891666,Approval Requested,2024-06-21T03:30:50.787030,V250
AP891666,Manager Approval,2024-06-21T07:33:58.971106,V250
AP891666,Finance Approval,2024-06-22T19:34:35.906621,V250
AP891666,Vendor Master Data Review,2024-06-22T20:45:19.281993,V250
AP891666,Payment Terms Verification,2024-06-22T21:17:47.528721,V250
AP891666,GL Account Assignment,2024-06-22T22:00:57.756896,V250
AP891666,Cost Center Assignment,2024-06-22T23:11:20.457490,V250
AP891666,Payment Block Release,2024-06-23T00:06:02.236338,V250
AP891666,Payment Scheduled,2024-06-23T05:42:33.337204,V250
AP891666,Payment Executed,2024-06-23T20:35:04.073195,V250
AP891666,Payment Confirmed,2024-06-23T21:13:59.334454,V250
AP891666,Invoice Posted,2024-06-23T22:25:22.299406,V250
AP891666,Document Archived,2024-06-23T23:01:33.757065,V250
AP818826,Invoice Received,2024-06-21T11:58:59.585333,V250
AP818826,Invoice Scanned,2024-06-21T12:35:42.868989,V250
AP818826,Invoice Validation,2024-06-21T14:15:57.441180,V250
AP818826,Three-Way Match,2024-06-21T15:50:48.345470,V250
AP818826,Quantity Variance Check,2024-06-21T16:39:47.247148,V250
AP818826,Tax Calculation,2024-06-21T17:37:02.184370,V250
AP818826,Approval Requested,2024-06-21T17:59:30.654865,V250
AP818826,Manager Approval,2024-06-22T08:43:59.173265,V250
AP818826,Finance Approval,2024-06-22T14:23:21.041561,V250
AP818826,Vendor Master Data Review,2024-06-22T15:02:48.965246,V250
AP818826,Payment Terms Verification,2024-06-22T15:42:08.837388,V250
AP818826,GL Account Assignment,2024-06-22T17:09:06.581757,V250
AP818826,Cost Center Assignment,2024-06-22T18:27:40.711203,V250
AP818826,Payment Block Release,2024-06-22T18:48:49.184015,V250
AP818826,Payment Scheduled,2024-06-22T23:19:38.919175,V250
AP818826,Payment Executed,2024-06-23T11:45:42.663110,V250
AP818826,Payment Confirmed,2024-06-23T12:44:32.037829,V250
AP818826,Invoice Posted,2024-06-23T13:52:39.592109,V250
AP818826,Document Archived,2024-06-23T14:22:02.056228,V250
AP428477,Invoice Received,2024-06-22T11:07:53.317109,V615
AP428477,Invoice Scanned,2024-06-22T11:34:24.814503,V615
AP428477,Invoice Validation,2024-06-22T12:27:37.405907,V615
AP428477,Approval Requested,2024-06-22T12:57:33.325050,V615
AP428477,Manager Approval,2024-06-22T19:10:07.505139,V615
AP428477,Vendor Master Data Review,2024-06-22T19:43:51.772112,V615
AP428477,Payment Terms Verification,2024-06-22T20:33:35.516379,V615
AP428477,GL Account Assignment,2024-06-22T21:16:07.658077,V615
AP428477,Cost Center Assignment,2024-06-22T22:41:44.220105,V615
AP428477,Payment Block Release,2024-06-22T22:57:32.955013,V615
AP428477,Payment Scheduled,2024-06-23T01:38:39.946232,V615
AP428477,Payment Executed,2024-06-23T11:48:43.854419,V615
AP428477,Payment Confirmed,2024-06-23T13:11:26.327333,V615
AP428477,Invoice Posted,2024-06-23T13:35:58.470301,V615
AP428477,Document Archived,2024-06-23T14:14:33.430399,V615
AP415508,Invoice Received,2024-06-22T23:20:41.082445,V743
AP415508,Invoice Scanned,2024-06-23T00:04:13.940022,V743
AP415508,Invoice Validation,2024-06-23T01:12:58.786300,V743
AP415508,Three-Way Match,2024-06-23T03:31:54.825337,V743
AP415508,Quantity Variance Check,2024-06-23T06:23:52.805117,V743
AP415508,Tax Calculation,2024-06-23T07:07:13.150939,V743
AP415508,Approval Requested,2024-06-23T08:12:07.677857,V743
AP415508,Manager Approval,2024-06-24T07:53:19.378513,V743
AP415508,Vendor Master Data Review,2024-06-24T09:24:52.529826,V743
AP415508,Payment Terms Verification,2024-06-24T10:22:42.456603,V743
AP415508,GL Account Assignment,2024-06-24T11:17:26.319981,V743
AP415508,Cost Center Assignment,2024-06-24T12:30:50.866480,V743
AP415508,Payment Block Release,2024-06-24T13:34:38.565112,V743
AP415508,Payment Scheduled,2024-06-24T18:44:14.230299,V743
AP415508,Payment Executed,2024-06-25T07:54:03.420010,V743
AP415508,Payment Confirmed,2024-06-25T09:14:19.075178,V743
AP415508,Invoice Posted,2024-06-25T10:20:56.791039,V743
AP415508,Document Archived,2024-06-25T10:59:29.894325,V743
AP858188,Invoice Received,2024-06-24T19:08:44.704964,V569
AP858188,Invoice Scanned,2024-06-24T20:13:02.565578,V569
AP858188,Invoice Validation,2024-06-24T23:47:45.803621,V569
AP858188,Three-Way Match,2024-06-25T05:00:56.547959,V569
AP858188,Tax Calculation,2024-06-25T06:19:50.312155,V569
AP858188,Approval Requested,2024-06-25T06:56:20.310827,V569
AP858188,Manager Approval,2024-06-25T21:52:09.790113,V569
AP858188,Vendor Master Data Review,2024-06-25T23:07:57.683187,V569
AP858188,Payment Terms Verification,2024-06-26T01:02:57.866011,V569
AP858188,GL Account Assignment,2024-06-26T02:21:57.798944,V569
AP858188,Cost Center Assignment,2024-06-26T04:32:40.118566,V569
AP858188,Payment Block Release,2024-06-26T05:05:13.620782,V569
AP858188,Payment Scheduled,2024-06-26T08:03:39.342191,V569
AP858188,Payment Executed,2024-06-27T11:01:32.562444,V569
AP858188,Payment Confirmed,2024-06-27T13:41:03.005105,V569
AP858188,Invoice Posted,2024-06-27T14:52:26.905299,V569
AP858188,Document Archived,2024-06-27T16:05:24.914721,V569
AP220034,Invoice Received,2024-06-25T16:40:54.668813,V138
AP220034,Invoice Scanned,2024-06-25T17:23:12.103515,V138
AP220034,Invoice Validation,2024-06-25T19:15:06.853919,V138
AP220034,Three-Way Match,2024-06-26T00:38:50.625018,V138
AP220034,Price Variance Check,2024-06-26T01:56:19.266102,V138
AP220034,Tax Calculation,2024-06-26T02:32:56.007849,V138
AP220034,Approval Requested,2024-06-26T03:12:35.442583,V138
AP220034,Manager Approval,2024-06-26T18:05:23.788184,V138
AP220034,Finance Approval,2024-06-28T10:27:40.454009,V138
AP220034,Vendor Master Data Review,2024-06-28T11:27:29.040790,V138
AP220034,Payment Terms Verification,2024-06-28T12:12:20.324631,V138
AP220034,GL Account Assignment,2024-06-28T13:29:29.120849,V138
AP220034,Cost Center Assignment,2024-06-28T14:40:18.398808,V138
AP220034,Payment Block Release,2024-06-28T15:18:53.002312,V138
AP220034,Payment Scheduled,2024-06-28T17:22:04.752417,V138
AP220034,Payment Executed,2024-06-28T21:19:50.937182,V138
AP220034,Payment Confirmed,2024-06-28T22:02:13.445284,V138
AP220034,Invoice Posted,2024-06-28T23:11:15.283248,V138
AP220034,Document Archived,2024-06-29T00:10:13.463349,V138
AP265531,Invoice Received,2024-06-26T05:53:01.846704,V394
AP265531,Invoice Scanned,2024-06-26T06:49:57.795368,V394
AP265531,Invoice Validation,2024-06-26T08:05:42.358329,V394
AP265531,Three-Way Match,2024-06-26T12:37:38.853565,V394
AP265531,Price Variance Check,2024-06-26T13:37:07.497885,V394
AP265531,Tax Calculation,2024-06-26T14:43:35.931048,V394
AP265531,Approval Requested,2024-06-26T15:26:55.445728,V394
AP265531,Manager Approval,2024-06-27T10:33:10.239473,V394
AP265531,Finance Approval,2024-06-27T19:03:09.564522,V394
AP265531,Vendor Master Data Review,2024-06-27T20:46:20.789697,V394
AP265531,Payment Terms Verification,2024-06-27T23:05:55.816988,V394
AP265531,GL Account Assignment,2024-06-28T00:16:46.166811,V394
AP265531,Cost Center Assignment,2024-06-28T02:01:23.344818,V394
AP265531,Payment Block Release,2024-06-28T02:18:02.494952,V394
AP265531,Payment Scheduled,2024-06-28T06:31:44.161696,V394
AP265531,Payment Executed,2024-06-29T01:28:24.040371,V394
AP265531,Payment Confirmed,2024-06-29T03:20:26.022653,V394
AP265531,Invoice Posted,2024-06-29T05:15:40.700204,V394
AP265531,Document Archived,2024-06-29T05:48:23.973988,V394
AP547567,Invoice Received,2024-06-27T19:15:26.722348,V662
AP547567,Invoice Scanned,2024-06-27T20:11:31.561506,V662
AP547567,Invoice Validation,2024-06-27T22:05:35.773973,V662
AP547567,Three-Way Match,2024-06-28T01:58:20.825753,V662
AP547567,Tax Calculation,2024-06-28T04:01:11.483456,V662
AP547567,Approval Requested,2024-06-28T04:49:13.219254,V662
AP547567,Manager Approval,2024-06-28T21:19:53.864325,V662
AP547567,Finance Approval,2024-06-29T07:05:50.749043,V662
AP547567,Vendor Master Data Review,2024-06-29T08:25:42.774778,V662
AP547567,Payment Terms Verification,2024-06-29T09:49:32.623767,V662
AP547567,GL Account Assignment,2024-06-29T10:22:46.066565,V662
AP547567,Cost Center Assignment,2024-06-29T11:44:19.501749,V662
AP547567,Payment Block Release,2024-06-29T12:34:13.134935,V662
AP547567,Payment Scheduled,2024-06-29T21:04:34.153401,V662
AP547567,Payment Executed,2024-06-30T14:19:56.474929,V662
AP547567,Payment Confirmed,2024-06-30T15:52:52.115596,V662
AP547567,Invoice Posted,2024-06-30T17:53:02.057916,V662
AP547567,Document Archived,2024-06-30T18:17:21.178292,V662
AP877947,Invoice Received,2024-06-28T04:09:03.222301,V666
AP877947,Invoice Scanned,2024-06-28T04:39:37.560350,V666
AP877947,Invoice Validation,2024-06-28T08:08:04.693375,V666
AP877947,Three-Way Match,2024-06-28T12:02:06.658355,V666
AP877947,Price Variance Check,2024-06-28T14:26:05.709856,V666
AP877947,Tax Calculation,2024-06-28T15:35:08.443526,V666
AP877947,Approval Requested,2024-06-28T16:36:45.037757,V666
AP877947,Manager Approval,2024-06-28T23:27:18.897970,V666
AP877947,Vendor Master Data Review,2024-06-29T00:05:42.794385,V666
AP877947,Payment Terms Verification,2024-06-29T01:05:19.702412,V666
AP877947,GL Account Assignment,2024-06-29T03:40:11.239132,V666
AP877947,Cost Center Assignment,2024-06-29T05:48:11.233384,V666
AP877947,Payment Block Release,2024-06-29T06:29:23.603673,V666
AP877947,Payment Scheduled,2024-06-29T12:28:14.004660,V666
AP877947,Payment Executed,2024-06-29T17:40:36.485731,V666
AP877947,Payment Confirmed,2024-06-29T19:42:36.988284,V666
AP877947,Invoice Posted,2024-06-29T21:57:54.805561,V666
AP877947,Document Archived,2024-06-29T22:46:58.207528,V666
AP349799,Invoice Received,2024-06-28T14:54:06.585589,V235
AP349799,Invoice Scanned,2024-06-28T15:30:11.659628,V235
AP349799,Invoice Validation,2024-06-28T17:38:18.579661,V235
AP349799,Three-Way Match,2024-06-28T20:43:48.541352,V235
AP349799,Price Variance Check,2024-06-28T23:32:32.517153,V235
AP349799,Tax Calculation,2024-06-29T00:40:00.044804,V235
AP349799,Approval Requested,2024-06-29T01:37:08.561981,V235
AP349799,Manager Approval,2024-06-29T03:35:11.481181,V235
AP349799,Vendor Master Data Review,2024-06-29T05:13:30.286509,V235
AP349799,Payment Terms Verification,2024-06-29T06:28:40.946594,V235
AP349799,GL Account Assignment,2024-06-29T08:12:09.478289,V235
AP349799,Cost Center Assignment,2024-06-29T09:17:24.910326,V235
AP349799,Payment Block Release,2024-06-29T09:53:56.636117,V235
AP349799,Payment Scheduled,2024-06-29T18:20:42.957082,V235
AP349799,Payment Executed,2024-06-30T10:46:18.953567,V235
AP349799,Payment Confirmed,2024-06-30T11:57:18.617246,V235
AP349799,Invoice Posted,2024-06-30T13:02:55.053559,V235
AP349799,Document Archived,2024-06-30T13:55:09.382255,V235
AP146906,Invoice Received,2024-06-30T06:49:30.678187,V714
AP146906,Invoice Scanned,2024-06-30T07:09:32.866644,V714
AP146906,Invoice Validation,2024-06-30T10:50:26.746000,V714
AP146906,Three-Way Match,2024-06-30T13:30:10.036601,V714
AP146906,Price Variance Check,2024-06-30T14:48:57.365513,V714
AP146906,Tax Calculation,2024-06-30T17:32:43.744239,V714
AP146906,Approval Requested,2024-06-30T18:35:56.870790,V714
AP146906,Manager Approval,2024-07-01T05:42:29.471755,V714
AP146906,Finance Approval,2024-07-02T12:03:07.523931,V714
AP146906,Vendor Master Data Review,2024-07-02T13:18:57.983663,V714
AP146906,Payment Terms Verification,2024-07-02T15:29:50.969395,V714
AP146906,GL Account Assignment,2024-07-02T16:49:18.485484,V714
AP146906,Cost Center Assignment,2024-07-02T17:47:00.020395,V714
AP146906,Payment Block Release,2024-07-02T19:09:20.665357,V714
AP146906,Payment Scheduled,2024-07-03T02:54:54.562174,V714
AP146906,Payment Executed,2024-07-04T01:40:45.714383,V714
AP146906,Payment Confirmed,2024-07-04T04:07:14.931546,V714
AP146906,Invoice Posted,2024-07-04T05:55:18.850239,V714
AP146906,Document Archived,2024-07-04T06:24:42.249879,V714
AP479547,Invoice Received,2024-07-02T03:20:19.395723,V336
AP479547,Invoice Scanned,2024-07-02T03:51:24.156776,V336
AP479547,Invoice Validation,2024-07-02T06:00:54.312537,V336
AP479547,Three-Way Match,2024-07-02T12:37:16.455211,V336
AP479547,Quantity Variance Check,2024-07-02T14:38:28.318897,V336
AP479547,Tax Calculation,2024-07-02T16:16:06.526170,V336
AP479547,Approval Requested,2024-07-02T17:09:00.778471,V336
AP479547,Manager Approval,2024-07-02T22:09:42.117323,V336
AP479547,Finance Approval,2024-07-03T14:28:20.765616,V336
AP479547,Vendor Master Data Review,2024-07-03T16:42:39.036959,V336
AP479547,Payment Terms Verification,2024-07-03T18:49:39.334772,V336
AP479547,GL Account Assignment,2024-07-03T19:18:57.165685,V336
AP479547,Cost Center Assignment,2024-07-03T21:01:58.789738,V336
AP479547,Payment Block Release,2024-07-03T21:20:29.722064,V336
AP479547,Payment Scheduled,2024-07-04T05:25:10.420750,V336
AP479547,Payment Executed,2024-07-05T08:49:16.253452,V336
AP479547,Payment Confirmed,2024-07-05T09:54:41.586985,V336
AP479547,Invoice Posted,2024-07-05T11:22:24.563323,V336
AP479547,Document Archived,2024-07-05T12:25:36.529059,V336
AP874633,Invoice Received,2024-07-03T11:06:53.827397,V463
AP874633,Invoice Scanned,2024-07-03T12:03:24.171517,V463
AP874633,Invoice Validation,2024-07-03T16:07:28.290742,V463
AP874633,Approval Requested,2024-07-03T17:03:41.327498,V463
AP874633,Manager Approval,2024-07-03T22:13:01.640333,V463
AP874633,Vendor Master Data Review,2024-07-03T23:59:47.228506,V463
AP874633,Payment Terms Verification,2024-07-04T00:59:46.591901,V463
AP874633,GL Account Assignment,2024-07-04T02:46:27.903131,V463
AP874633,Cost Center Assignment,2024-07-04T03:27:58.295087,V463
AP874633,Payment Block Release,2024-07-04T04:21:11.804886,V463
AP874633,Payment Scheduled,2024-07-04T10:03:00.643570,V463
AP874633,Payment Executed,2024-07-04T16:53:24.976523,V463
AP874633,Payment Confirmed,2024-07-04T18:45:10.131897,V463
AP874633,Invoice Posted,2024-07-04T20:46:26.227713,V463
AP874633,Document Archived,2024-07-04T21:11:05.565240,V463
AP372031,Invoice Received,2024-07-04T10:32:30.715534,V720
AP372031,Invoice Scanned,2024-07-04T10:47:35.138764,V720
AP372031,Invoice Validation,2024-07-04T12:54:39.622529,V720
AP372031,Approval Requested,2024-07-04T13:41:57.415432,V720
AP372031,Manager Approval,2024-07-04T15:38:41.973767,V720
AP372031,Finance Approval,2024-07-05T03:49:29.026486,V720
AP372031,Vendor Master Data Review,2024-07-05T05:06:50.119490,V720
AP372031,Payment Terms Verification,2024-07-05T05:45:00.441978,V720
AP372031,GL Account Assignment,2024-07-05T07:07:56.560990,V720
AP372031,Cost Center Assignment,2024-07-05T07:57:08.607780,V720
AP372031,Payment Block Release,2024-07-05T08:29:36.031837,V720
AP372031,Payment Scheduled,2024-07-05T10:42:18.423773,V720
AP372031,Payment Executed,2024-07-05T19:09:46.033003,V720
AP372031,Payment Confirmed,2024-07-05T20:19:31.723106,V720
AP372031,Invoice Posted,2024-07-05T21:28:52.286857,V720
AP372031,Document Archived,2024-07-05T22:01:14.799635,V720
AP793245,Invoice Received,2024-07-06T01:15:30.695927,V957
AP793245,Invoice Scanned,2024-07-06T01:29:57.132489,V957
AP793245,Invoice Validation,2024-07-06T06:00:13.412134,V957
AP793245,Three-Way Match,2024-07-06T09:13:47.599999,V957
AP793245,Tax Calculation,2024-07-06T10:07:25.116614,V957
AP793245,Approval Requested,2024-07-06T11:20:03.964499,V957
AP793245,Manager Approval,2024-07-06T13:13:03.411003,V957
AP793245,Vendor Master Data Review,2024-07-06T13:59:47.750662,V957
AP793245,Payment Terms Verification,2024-07-06T14:56:00.772785,V957
AP793245,GL Account Assignment,2024-07-06T16:31:32.420035,V957
AP793245,Cost Center Assignment,2024-07-06T17:18:18.158291,V957
AP793245,Payment Block Release,2024-07-06T17:49:04.641604,V957
AP793245,Payment Scheduled,2024-07-06T22:19:58.368574,V957
AP793245,Payment Executed,2024-07-07T03:50:42.313195,V957
AP793245,Payment Confirmed,2024-07-07T05:29:16.711047,V957
AP793245,Invoice Posted,2024-07-07T06:38:43.777257,V957
AP793245,Document Archived,2024-07-07T07:15:22.346573,V957
AP911264,Invoice Received,2024-07-06T09:25:37.276741,V595
AP911264,Invoice Scanned,2024-07-06T10:06:37.230811,V595
AP911264,Invoice Validation,2024-07-06T12:10:27.432561,V595
AP911264,Three-Way Match,2024-07-06T16:31:03.588894,V595
AP911264,Quantity Variance Check,2024-07-06T18:46:12.624500,V595
AP911264,Tax Calculation,2024-07-06T19:34:32.578690,V595
AP911264,Approval Requested,2024-07-06T20:03:22.260504,V595
AP911264,Manager Approval,2024-07-07T07:38:10.100164,V595
AP911264,Vendor Master Data Review,2024-07-07T09:13:51.451392,V595
AP911264,Payment Terms Verification,2024-07-07T11:28:25.397573,V595
AP911264,GL Account Assignment,2024-07-07T13:10:25.712479,V595
AP911264,Cost Center Assignment,2024-07-07T14:28:52.850178,V595
AP911264,Payment Block Release,2024-07-07T15:06:27.173830,V595
AP911264,Payment Scheduled,2024-07-07T17:20:23.846978,V595
AP911264,Payment Executed,2024-07-08T22:56:29.770632,V595
AP911264,Payment Confirmed,2024-07-09T00:31:49.608959,V595
AP911264,Invoice Posted,2024-07-09T01:39:24.930589,V595
AP911264,Document Archived,2024-07-09T02:02:37.282822,V595
AP625860,Invoice Received,2024-07-08T01:48:59.966565,V507
AP625860,Invoice Scanned,2024-07-08T02:09:19.483842,V507
AP625860,Invoice Validation,2024-07-08T03:36:32.862189,V507
AP625860,Approval Requested,2024-07-08T04:13:25.639921,V507
AP625860,Manager Approval,2024-07-09T09:27:54.117877,V507
AP625860,Finance Approval,2024-07-10T19:27:43.451421,V507
AP625860,Vendor Master Data Review,2024-07-10T20:09:36.377859,V507
AP625860,Payment Terms Verification,2024-07-10T22:02:58.517254,V507
AP625860,GL Account Assignment,2024-07-10T23:31:35.435442,V507
AP625860,Cost Center Assignment,2024-07-11T01:28:43.839370,V507
AP625860,Payment Block Release,2024-07-11T02:02:28.973286,V507
AP625860,Payment Scheduled,2024-07-11T11:42:21.375170,V507
AP625860,Payment Executed,2024-07-12T01:08:10.298846,V507
AP625860,Payment Confirmed,2024-07-12T02:08:33.444135,V507
AP625860,Invoice Posted,2024-07-12T03:35:00.162368,V507
AP625860,Document Archived,2024-07-12T04:42:38.163802,V507
AP705950,Invoice Received,2024-07-09T14:19:14.156539,V125
AP705950,Invoice Scanned,2024-07-09T15:01:52.948086,V125
AP705950,Invoice Validation,2024-07-09T19:06:47.001871,V125
AP705950,Three-Way Match,2024-07-09T22:10:50.663198,V125
AP705950,Quantity Variance Check,2024-07-09T23:27:55.746401,V125
AP705950,Tax Calculation,2024-07-10T00:47:01.424583,V125
AP705950,Approval Requested,2024-07-10T01:15:12.377966,V125
AP705950,Manager Approval,2024-07-10T09:31:52.937446,V125
AP705950,Finance Approval,2024-07-11T04:08:55.897447,V125
AP705950,Vendor Master Data Review,2024-07-11T04:41:45.362523,V125
AP705950,Payment Terms Verification,2024-07-11T06:25:07.798703,V125
AP705950,GL Account Assignment,2024-07-11T07:47:29.456119,V125
AP705950,Cost Center Assignment,2024-07-11T09:14:44.139027,V125
AP705950,Payment Block Release,2024-07-11T09:30:27.091439,V125
AP705950,Payment Scheduled,2024-07-11T14:11:55.579457,V125
AP705950,Payment Executed,2024-07-12T06:37:47.236483,V125
AP705950,Payment Confirmed,2024-07-12T08:13:36.043666,V125
AP705950,Invoice Posted,2024-07-12T09:04:28.004394,V125
AP705950,Document Archived,2024-07-12T09:54:05.324986,V125
AP408515,Invoice Received,2024-07-10T11:34:03.867856,V837
AP408515,Invoice Scanned,2024-07-10T12:06:27.294006,V837
AP408515,Invoice Validation,2024-07-10T13:15:28.163299,V837
AP408515,Three-Way Match,2024-07-10T17:07:42.407123,V837
AP408515,Quantity Variance Check,2024-07-10T18:18:45.296785,V837
AP408515,Tax Calculation,2024-07-10T19:57:29.722908,V837
AP408515,Approval Requested,2024-07-10T20:14:31.927323,V837
AP408515,Manager Approval,2024-07-10T21:57:20.526791,V837
AP408515,Finance Approval,2024-07-11T04:34:35.774597,V837
AP408515,Vendor Master Data Review,2024-07-11T05:15:01.227264,V837
AP408515,Payment Terms Verification,2024-07-11T05:54:27.438171,V837
AP408515,GL Account Assignment,2024-07-11T06:27:36.745822,V837
AP408515,Cost Center Assignment,2024-07-11T07:09:57.709707,V837
AP408515,Payment Block Release,2024-07-11T07:34:39.276139,V837
AP408515,Payment Scheduled,2024-07-11T11:38:26.599883,V837
AP408515,Payment Executed,2024-07-11T20:20:46.044750,V837
AP408515,Payment Confirmed,2024-07-11T21:20:09.720625,V837
AP408515,Invoice Posted,2024-07-11T22:30:01.649950,V837
AP408515,Document Archived,2024-07-11T22:47:34.414934,V837
AP909478,Invoice Received,2024-07-11T16:39:14.545997,V973
AP909478,Invoice Scanned,2024-07-11T17:48:40.742708,V973
AP909478,Invoice Validation,2024-07-11T19:49:15.897262,V973
AP909478,Approval Requested,2024-07-11T20:14:58.791433,V973
AP909478,Manager Approval,2024-07-12T04:00:45.030173,V973
AP909478,Vendor Master Data Review,2024-07-12T05:49:43.943283,V973
AP909478,Payment Terms Verification,2024-07-12T07:18:43.418218,V973
AP909478,GL Account Assignment,2024-07-12T08:34:58.837239,V973
AP909478,Cost Center Assignment,2024-07-12T09:48:12.950695,V973
AP909478,Payment Block Release,2024-07-12T10:23:21.440034,V973
AP909478,Payment Scheduled,2024-07-12T20:20:52.570636,V973
AP909478,Payment Executed,2024-07-14T03:30:29.697020,V973
AP909478,Payment Confirmed,2024-07-14T05:40:16.029200,V973
AP909478,Invoice Posted,2024-07-14T07:50:27.756589,V973
AP909478,Document Archived,2024-07-14T08:29:27.238787,V973
AP802586,Invoice Received,2024-07-11T20:06:01.585309,V454
AP802586,Invoice Scanned,2024-07-11T21:16:27.665386,V454
AP802586,Invoice Validation,2024-07-11T22:57:49.003052,V454
AP802586,Three-Way Match,2024-07-12T02:46:16.063290,V454
AP802586,Price Variance Check,2024-07-12T04:07:43.555876,V454
AP802586,Tax Calculation,2024-07-12T05:09:28.456292,V454
AP802586,Approval Requested,2024-07-12T05:24:29.815809,V454
AP802586,Manager Approval,2024-07-12T08:36:23.108670,V454
AP802586,Finance Approval,2024-07-13T22:03:24.955988,V454
AP802586,Vendor Master Data Review,2024-07-14T00:09:31.215472,V454
AP802586,Payment Terms Verification,2024-07-14T01:36:05.082237,V454
AP802586,GL Account Assignment,2024-07-14T03:35:43.737308,V454
AP802586,Cost Center Assignment,2024-07-14T04:02:51.875248,V454
AP802586,Payment Block Release,2024-07-14T04:26:49.601564,V454
AP802586,Payment Scheduled,2024-07-14T07:08:50.090448,V454
AP802586,Payment Executed,2024-07-14T12:32:59.335005,V454
AP802586,Payment Confirmed,2024-07-14T13:12:26.724247,V454
AP802586,Invoice Posted,2024-07-14T14:02:05.208879,V454
AP802586,Document Archived,2024-07-14T15:02:06.099100,V454
AP715354,Invoice Received,2024-07-12T13:15:27.480322,V839
AP715354,Invoice Scanned,2024-07-12T13:49:18.956962,V839
AP715354,Invoice Validation,2024-07-12T15:02:13.669232,V839
AP715354,Three-Way Match,2024-07-12T18:43:30.453417,V839
AP715354,Quantity Variance Check,2024-07-12T19:57:10.163196,V839
AP715354,Tax Calculation,2024-07-12T20:42:13.729645,V839
AP715354,Approval Requested,2024-07-12T20:54:37.555103,V839
AP715354,Manager Approval,2024-07-13T05:42:16.694094,V839
AP715354,Vendor Master Data Review,2024-07-13T06:54:03.682567,V839
AP715354,Payment Terms Verification,2024-07-13T07:31:32.973965,V839
AP715354,GL Account Assignment,2024-07-13T09:00:23.026370,V839
AP715354,Cost Center Assignment,2024-07-13T10:21:00.124611,V839
AP715354,Payment Block Release,2024-07-13T10:39:18.006064,V839
AP715354,Payment Scheduled,2024-07-13T17:20:10.782191,V839
AP715354,Payment Executed,2024-07-14T01:05:46.520712,V839
AP715354,Payment Confirmed,2024-07-14T01:39:40.512488,V839
AP715354,Invoice Posted,2024-07-14T02:15:13.098609,V839
AP715354,Document Archived,2024-07-14T02:39:34.994125,V839
AP377395,Invoice Received,2024-07-12T23:07:07.391165,V194
AP377395,Invoice Scanned,2024-07-12T23:44:57.727035,V194
AP377395,Invoice Validation,2024-07-13T02:15:18.625852,V194
AP377395,Approval Requested,2024-07-13T02:44:12.935512,V194
AP377395,Manager Approval,2024-07-13T17:09:03.987976,V194
AP377395,Vendor Master Data Review,2024-07-13T18:28:03.713624,V194
AP377395,Payment Terms Verification,2024-07-13T19:43:06.461459,V194
AP377395,GL Account Assignment,2024-07-13T20:20:22.139334,V194
AP377395,Cost Center Assignment,2024-07-13T21:11:55.185012,V194
AP377395,Payment Block Release,2024-07-13T21:46:15.844933,V194
AP377395,Payment Scheduled,2024-07-14T02:22:52.609300,V194
AP377395,Payment Executed,2024-07-14T13:40:10.912998,V194
AP377395,Payment Confirmed,2024-07-14T15:07:42.073704,V194
AP377395,Invoice Posted,2024-07-14T16:03:31.479951,V194
AP377395,Document Archived,2024-07-14T16:23:31.806179,V194
AP122806,Invoice Received,2024-07-13T16:02:52.826806,V549
AP122806,Invoice Scanned,2024-07-13T16:36:03.712043,V549
AP122806,Invoice Validation,2024-07-13T18:16:10.610563,V549
AP122806,Three-Way Match,2024-07-13T22:36:25.294784,V549
AP122806,Tax Calculation,2024-07-14T00:36:51.695827,V549
AP122806,Approval Requested,2024-07-14T01:13:28.783263,V549
AP122806,Manager Approval,2024-07-14T23:17:58.768974,V549
AP122806,Finance Approval,2024-07-16T06:19:11.449125,V549
AP122806,Vendor Master Data Review,2024-07-16T08:36:45.865051,V549
AP122806,Payment Terms Verification,2024-07-16T10:46:07.303981,V549
AP122806,GL Account Assignment,2024-07-16T11:57:08.388557,V549
AP122806,Cost Center Assignment,2024-07-16T13:01:07.436349,V549
AP122806,Payment Block Release,2024-07-16T13:31:59.692920,V549
AP122806,Payment Scheduled,2024-07-16T16:51:36.416152,V549
AP122806,Payment Executed,2024-07-16T21:52:33.168762,V549
AP122806,Payment Confirmed,2024-07-16T22:26:46.561389,V549
AP122806,Invoice Posted,2024-07-17T00:07:32.950169,V549
AP122806,Document Archived,2024-07-17T00:37:42.289875,V549
AP800906,Invoice Received,2024-07-15T01:47:00.648176,V485
AP800906,Invoice Scanned,2024-07-15T02:01:48.535425,V485
AP800906,Invoice Validation,2024-07-15T03:25:42.419479,V485
AP800906,Approval Requested,2024-07-15T04:16:42.721359,V485
AP800906,Manager Approval,2024-07-15T12:13:56.045950,V485
AP800906,Vendor Master Data Review,2024-07-15T13:43:54.942764,V485
AP800906,Payment Terms Verification,2024-07-15T15:08:22.774812,V485
AP800906,GL Account Assignment,2024-07-15T16:09:57.462573,V485
AP800906,Cost Center Assignment,2024-07-15T17:52:25.124766,V485
AP800906,Payment Block Release,2024-07-15T18:09:07.682766,V485
AP800906,Payment Scheduled,2024-07-15T22:02:12.972095,V485
AP800906,Payment Executed,2024-07-16T08:19:51.519736,V485
AP800906,Payment Confirmed,2024-07-16T09:35:58.807473,V485
AP800906,Invoice Posted,2024-07-16T10:28:54.577979,V485
AP800906,Document Archived,2024-07-16T11:15:31.954629,V485
AP524121,Invoice Received,2024-07-15T07:43:41.763888,V922
AP524121,Invoice Scanned,2024-07-15T08:24:19.655304,V922
AP524121,Invoice Validation,2024-07-15T11:34:06.676096,V922
AP524121,Three-Way Match,2024-07-15T13:43:12.029732,V922
AP524121,Tax Calculation,2024-07-15T14:28:36.260940,V922
AP524121,Approval Requested,2024-07-15T15:10:25.356058,V922
AP524121,Manager Approval,2024-07-16T15:37:38.864140,V922
AP524121,Finance Approval,2024-07-17T03:08:09.227283,V922
AP524121,Vendor Master Data Review,2024-07-17T04:38:16.999048,V922
AP524121,Payment Terms Verification,2024-07-17T06:43:11.848542,V922
AP524121,GL Account Assignment,2024-07-17T08:03:02.109498,V922
AP524121,Cost Center Assignment,2024-07-17T09:11:12.034414,V922
AP524121,Payment Block Release,2024-07-17T10:04:23.787672,V922
AP524121,Payment Scheduled,2024-07-17T15:22:36.042272,V922
AP524121,Payment Executed,2024-07-18T10:44:39.956481,V922
AP524121,Payment Confirmed,2024-07-18T11:34:14.812865,V922
AP524121,Invoice Posted,2024-07-18T12:38:46.463352,V922
AP524121,Document Archived,2024-07-18T13:00:39.465588,V922
AP660972,Invoice Received,2024-07-16T09:28:00.767772,V196
AP660972,Invoice Scanned,2024-07-16T10:19:46.373519,V196
AP660972,Invoice Validation,2024-07-16T13:39:32.270147,V196
AP660972,Approval Requested,2024-07-16T14:43:47.444233,V196
AP660972,Manager Approval,2024-07-16T17:25:23.516286,V196
AP660972,Finance Approval,2024-07-18T02:59:35.262681,V196
AP660972,Vendor Master Data Review,2024-07-18T03:38:53.179804,V196
AP660972,Payment Terms Verification,2024-07-18T04:42:35.370975,V196
AP660972,GL Account Assignment,2024-07-18T05:40:18.205503,V196
AP660972,Cost Center Assignment,2024-07-18T07:24:27.805149,V196
AP660972,Payment Block Release,2024-07-18T08:30:56.936863,V196
AP660972,Payment Scheduled,2024-07-18T15:00:54.838329,V196
AP660972,Payment Executed,2024-07-19T07:32:06.896219,V196
AP660972,Payment Confirmed,2024-07-19T08:07:31.121886,V196
AP660972,Invoice Posted,2024-07-19T09:51:25.477654,V196
AP660972,Document Archived,2024-07-19T10:14:47.780248,V196
AP398752,Invoice Received,2024-07-16T13:48:34.939449,V379
AP398752,Invoice Scanned,2024-07-16T14:29:08.463782,V379
AP398752,Invoice Validation,2024-07-16T18:02:17.835434,V379
AP398752,Three-Way Match,2024-07-16T21:10:47.920724,V379
AP398752,Price Variance Check,2024-07-16T23:36:20.207454,V379
AP398752,Tax Calculation,2024-07-17T00:45:31.798171,V379
AP398752,Approval Requested,2024-07-17T01:24:30.684795,V379
AP398752,Manager Approval,2024-07-17T10:15:53.430070,V379
AP398752,Vendor Master Data Review,2024-07-17T11:05:44.343685,V379
AP398752,Payment Terms Verification,2024-07-17T12:13:21.485802,V379
AP398752,GL Account Assignment,2024-07-17T13:23:52.918514,V379
AP398752,Cost Center Assignment,2024-07-17T14:00:45.426558,V379
AP398752,Payment Block Release,2024-07-17T14:21:21.315214,V379
AP398752,Payment Scheduled,2024-07-17T18:33:49.855110,V379
AP398752,Payment Executed,2024-07-18T06:04:27.442113,V379
AP398752,Payment Confirmed,2024-07-18T07:32:52.698193,V379
AP398752,Invoice Posted,2024-07-18T09:21:39.736410,V379
AP398752,Document Archived,2024-07-18T10:19:38.457124,V379
AP990941,Invoice Received,2024-07-17T09:26:50.259956,V226
AP990941,Invoice Scanned,2024-07-17T10:02:17.476964,V226
AP990941,Invoice Validation,2024-07-17T13:40:59.898565,V226
AP990941,Three-Way Match,2024-07-17T17:40:57.498077,V226
AP990941,Quantity Variance Check,2024-07-17T19:43:20.348680,V226
AP990941,Tax Calculation,2024-07-17T20:28:55.617698,V226
AP990941,Approval Requested,2024-07-17T21:14:36.834966,V226
AP990941,Manager Approval,2024-07-18T09:23:51.986364,V226
AP990941,Vendor Master Data Review,2024-07-18T10:44:58.749687,V226
AP990941,Payment Terms Verification,2024-07-18T12:23:32.414478,V226
AP990941,GL Account Assignment,2024-07-18T13:36:18.399271,V226
AP990941,Cost Center Assignment,2024-07-18T14:29:13.454225,V226
AP990941,Payment Block Release,2024-07-18T15:22:02.076359,V226
AP990941,Payment Scheduled,2024-07-18T21:27:44.700007,V226
AP990941,Payment Executed,2024-07-19T17:08:00.071792,V226
AP990941,Payment Confirmed,2024-07-19T19:00:58.937064,V226
AP990941,Invoice Posted,2024-07-19T19:54:55.934013,V226
AP990941,Document Archived,2024-07-19T20:13:02.107314,V226
AP678874,Invoice Received,2024-07-18T23:51:19.518118,V623
AP678874,Invoice Scanned,2024-07-19T00:39:18.014875,V623
AP678874,Invoice Validation,2024-07-19T06:32:02.730229,V623
AP678874,Three-Way Match,2024-07-19T11:22:53.922283,V623
AP678874,Price Variance Check,2024-07-19T13:39:37.369535,V623
AP678874,Tax Calculation,2024-07-19T16:35:27.480866,V623
AP678874,Approval Requested,2024-07-19T17:17:16.182629,V623
AP678874,Manager Approval,2024-07-20T07:36:28.806635,V623
AP678874,Finance Approval,2024-07-21T21:40:34.077176,V623
AP678874,Vendor Master Data Review,2024-07-21T22:27:04.872172,V623
AP678874,Payment Terms Verification,2024-07-22T01:27:49.252909,V623
AP678874,GL Account Assignment,2024-07-22T02:48:24.824820,V623
AP678874,Cost Center Assignment,2024-07-22T03:48:21.471932,V623
AP678874,Payment Block Release,2024-07-22T04:30:04.234760,V623
AP678874,Payment Scheduled,2024-07-22T12:11:47.463563,V623
AP678874,Payment Executed,2024-07-23T18:05:13.596389,V623
AP678874,Payment Confirmed,2024-07-23T20:10:32.302293,V623
AP678874,Invoice Posted,2024-07-23T21:27:26.585627,V623
AP678874,Document Archived,2024-07-23T22:07:26.387671,V623
AP532949,Invoice Received,2024-07-20T10:51:29.406069,V772
AP532949,Invoice Scanned,2024-07-20T11:07:54.034744,V772
AP532949,Invoice Validation,2024-07-20T12:15:56.056468,V772
AP532949,Three-Way Match,2024-07-20T14:25:11.716532,V772
AP532949,Price Variance Check,2024-07-20T16:06:18.504051,V772
AP532949,Tax Calculation,2024-07-20T17:13:40.372704,V772
AP532949,Approval Requested,2024-07-20T17:29:32.114246,V772
AP532949,Manager Approval,2024-07-21T01:10:22.723331,V772
AP532949,Finance Approval,2024-07-22T08:38:48.448513,V772
AP532949,Vendor Master Data Review,2024-07-22T09:35:37.649167,V772
AP532949,Payment Terms Verification,2024-07-22T10:59:13.658350,V772
AP532949,GL Account Assignment,2024-07-22T11:42:11.367916,V772
AP532949,Cost Center Assignment,2024-07-22T12:05:12.312290,V772
AP532949,Payment Block Release,2024-07-22T12:35:03.533597,V772
AP532949,Payment Scheduled,2024-07-22T18:47:24.384801,V772
AP532949,Payment Executed,2024-07-23T06:09:32.499178,V772
AP532949,Payment Confirmed,2024-07-23T06:49:43.968300,V772
AP532949,Invoice Posted,2024-07-23T07:48:08.072413,V772
AP532949,Document Archived,2024-07-23T08:06:24.329349,V772
AP167898,Invoice Received,2024-07-20T21:12:04.667319,V450
AP167898,Invoice Scanned,2024-07-20T22:07:35.937133,V450
AP167898,Invoice Validation,2024-07-21T00:02:04.982562,V450
AP167898,Three-Way Match,2024-07-21T04:26:01.517970,V450
AP167898,Tax Calculation,2024-07-21T06:44:47.162610,V450
AP167898,Approval Requested,2024-07-21T07:39:39.190204,V450
AP167898,Manager Approval,2024-07-22T06:01:18.933280,V450
AP167898,Vendor Master Data Review,2024-07-22T07:18:41.801636,V450
AP167898,Payment Terms Verification,2024-07-22T08:36:56.764846,V450
AP167898,GL Account Assignment,2024-07-22T10:01:57.340669,V450
AP167898,Cost Center Assignment,2024-07-22T11:48:33.749324,V450
AP167898,Payment Block Release,2024-07-22T12:45:52.856198,V450
AP167898,Payment Scheduled,2024-07-22T17:08:50.451317,V450
AP167898,Payment Executed,2024-07-23T05:43:16.134785,V450
AP167898,Payment Confirmed,2024-07-23T08:20:18.058959,V450
AP167898,Invoice Posted,2024-07-23T09:20:58.070716,V450
AP167898,Document Archived,2024-07-23T10:19:33.675978,V450
AP928391,Invoice Received,2024-07-21T03:55:15.098935,V749
AP928391,Invoice Scanned,2024-07-21T04:31:57.747817,V749
AP928391,Invoice Validation,2024-07-21T07:37:05.535551,V749
AP928391,Three-Way Match,2024-07-21T12:48:14.362235,V749
AP928391,Tax Calculation,2024-07-21T14:16:49.551527,V749
AP928391,Approval Requested,2024-07-21T15:14:27.406964,V749
AP928391,Manager Approval,2024-07-21T23:57:04.256283,V749
AP928391,Finance Approval,2024-07-23T11:27:41.759491,V749
AP928391,Vendor Master Data Review,2024-07-23T12:38:12.870483,V749
AP928391,Payment Terms Verification,2024-07-23T14:05:45.074650,V749
AP928391,GL Account Assignment,2024-07-23T15:40:37.908641,V749
AP928391,Cost Center Assignment,2024-07-23T17:23:22.871019,V749
AP928391,Payment Block Release,2024-07-23T18:29:52.560086,V749
AP928391,Payment Scheduled,2024-07-23T22:34:09.790037,V749
AP928391,Payment Executed,2024-07-24T06:39:46.024964,V749
AP928391,Payment Confirmed,2024-07-24T08:44:10.554069,V749
AP928391,Invoice Posted,2024-07-24T09:26:47.710719,V749
AP928391,Document Archived,2024-07-24T10:04:57.691183,V749
AP320507,Invoice Received,2024-07-22T04:22:28.652547,V684
AP320507,Invoice Scanned,2024-07-22T04:48:08.758135,V684
AP320507,Invoice Validation,2024-07-22T07:18:14.151366,V684
AP320507,Three-Way Match,2024-07-22T10:56:35.002008,V684
AP320507,Quantity Variance Check,2024-07-22T12:54:40.127273,V684
AP320507,Tax Calculation,2024-07-22T14:51:05.141612,V684
AP320507,Approval Requested,2024-07-22T15:19:20.222147,V684
AP320507,Manager Approval,2024-07-22T22:44:54.359289,V684
AP320507,Vendor Master Data Review,2024-07-22T23:56:07.804754,V684
AP320507,Payment Terms Verification,2024-07-23T00:26:27.686396,V684
AP320507,GL Account Assignment,2024-07-23T01:04:08.085067,V684
AP320507,Cost Center Assignment,2024-07-23T02:26:19.342918,V684
AP320507,Payment Block Release,2024-07-23T02:53:21.724624,V684
AP320507,Payment Scheduled,2024-07-23T06:48:16.581642,V684
AP320507,Payment Executed,2024-07-24T01:43:05.210356,V684
AP320507,Payment Confirmed,2024-07-24T02:40:04.251384,V684
AP320507,Invoice Posted,2024-07-24T03:23:37.784915,V684
AP320507,Document Archived,2024-07-24T04:07:55.623357,V684
AP840807,Invoice Received,2024-07-24T01:56:14.319892,V598
AP840807,Invoice Scanned,2024-07-24T02:13:40.624373,V598
AP840807,Invoice Validation,2024-07-24T05:17:12.294540,V598
AP840807,Three-Way Match,2024-07-24T10:39:44.011077,V598
AP840807,Price Variance Check,2024-07-24T14:32:13.517967,V598
AP840807,Tax Calculation,2024-07-24T16:47:17.753334,V598
AP840807,Approval Requested,2024-07-24T17:34:26.477570,V598
AP840807,Manager Approval,2024-07-25T11:29:08.268219,V598
AP840807,Vendor Master Data Review,2024-07-25T13:42:49.823721,V598
AP840807,Payment Terms Verification,2024-07-25T15:59:38.938499,V598
AP840807,GL Account Assignment,2024-07-25T18:16:38.887239,V598
AP840807,Cost Center Assignment,2024-07-25T20:27:54.896816,V598
AP840807,Payment Block Release,2024-07-25T20:59:24.778262,V598
AP840807,Payment Scheduled,2024-07-26T01:32:44.381043,V598
AP840807,Payment Executed,2024-07-27T00:10:13.736654,V598
AP840807,Payment Confirmed,2024-07-27T01:52:31.696075,V598
AP840807,Invoice Posted,2024-07-27T04:10:56.055476,V598
AP840807,Document Archived,2024-07-27T05:18:45.561043,V598
AP937055,Invoice Received,2024-07-25T06:41:38.122011,V434
AP937055,Invoice Scanned,2024-07-25T07:33:04.569469,V434
AP937055,Invoice Validation,2024-07-25T12:15:47.703549,V434
AP937055,Three-Way Match,2024-07-25T18:39:00.891649,V434
AP937055,Price Variance Check,2024-07-25T21:51:29.065467,V434
AP937055,Tax Calculation,2024-07-25T23:48:14.431396,V434
AP937055,Approval Requested,2024-07-26T00:17:19.099851,V434
AP937055,Manager Approval,2024-07-26T21:11:32.278530,V434
AP937055,Finance Approval,2024-07-28T06:02:53.647910,V434
AP937055,Vendor Master Data Review,2024-07-28T07:55:23.154297,V434
AP937055,Payment Terms Verification,2024-07-28T08:30:54.308001,V434
AP937055,GL Account Assignment,2024-07-28T10:02:04.799654,V434
AP937055,Cost Center Assignment,2024-07-28T11:08:52.128340,V434
AP937055,Payment Block Release,2024-07-28T11:54:27.258893,V434
AP937055,Payment Scheduled,2024-07-28T19:04:41.318560,V434
AP937055,Payment Executed,2024-07-29T08:52:51.557339,V434
AP937055,Payment Confirmed,2024-07-29T09:45:15.011190,V434
AP937055,Invoice Posted,2024-07-29T10:25:48.923197,V434
AP937055,Document Archived,2024-07-29T11:29:28.061635,V434
AP430654,Invoice Received,2024-07-26T09:28:44.203651,V335
AP430654,Invoice Scanned,2024-07-26T10:32:36.756135,V335
AP430654,Invoice Validation,2024-07-26T13:46:16.891366,V335
AP430654,Approval Requested,2024-07-26T14:44:52.602624,V335
AP430654,Manager Approval,2024-07-26T18:16:14.308000,V335
AP430654,Vendor Master Data Review,2024-07-26T19:04:12.738150,V335
AP430654,Payment Terms Verification,2024-07-26T20:07:53.561733,V335
AP430654,GL Account Assignment,2024-07-26T21:06:38.324389,V335
AP430654,Cost Center Assignment,2024-07-26T22:45:44.711168,V335
AP430654,Payment Block Release,2024-07-26T23:20:14.051754,V335
AP430654,Payment Scheduled,2024-07-27T05:18:16.130648,V335
AP430654,Payment Executed,2024-07-27T13:32:25.464100,V335
AP430654,Payment Confirmed,2024-07-27T15:00:21.137278,V335
AP430654,Invoice Posted,2024-07-27T15:36:17.084367,V335
AP430654,Document Archived,2024-07-27T16:35:01.400696,V335
AP988991,Invoice Received,2024-07-27T03:52:56.020896,V767
AP988991,Invoice Scanned,2024-07-27T04:34:57.303570,V767
AP988991,Invoice Validation,2024-07-27T08:05:21.194455,V767
AP988991,Three-Way Match,2024-07-27T10:54:32.650556,V767
AP988991,Price Variance Check,2024-07-27T12:43:16.915019,V767
AP988991,Tax Calculation,2024-07-27T14:25:32.927685,V767
AP988991,Approval Requested,2024-07-27T15:24:08.702537,V767
AP988991,Manager Approval,2024-07-28T01:14:00.125933,V767
AP988991,Finance Approval,2024-07-28T14:50:30.772463,V767
AP988991,Vendor Master Data Review,2024-07-28T16:39:18.155860,V767
AP988991,Payment Terms Verification,2024-07-28T18:11:22.245726,V767
AP988991,GL Account Assignment,2024-07-28T19:20:20.985558,V767
AP988991,Cost Center Assignment,2024-07-28T21:01:39.370102,V767
AP988991,Payment Block Release,2024-07-28T21:48:31.095798,V767
AP988991,Payment Scheduled,2024-07-29T00:20:31.751946,V767
AP988991,Payment Executed,2024-07-29T05:01:46.773741,V767
AP988991,Payment Confirmed,2024-07-29T06:08:28.979476,V767
AP988991,Invoice Posted,2024-07-29T07:41:09.693290,V767
AP988991,Document Archived,2024-07-29T08:01:01.498662,V767
AP240934,Invoice Received,2024-07-29T03:45:39.180162,V977
AP240934,Invoice Scanned,2024-07-29T04:35:59.499612,V977
AP240934,Invoice Validation,2024-07-29T07:58:16.462972,V977
AP240934,Three-Way Match,2024-07-29T13:45:27.666652,V977
AP240934,Tax Calculation,2024-07-29T15:37:55.324502,V977
AP240934,Approval Requested,2024-07-29T16:07:21.376665,V977
AP240934,Manager Approval,2024-07-29T19:57:06.129448,V977
AP240934,Vendor Master Data Review,2024-07-29T21:48:04.737348,V977
AP240934,Payment Terms Verification,2024-07-29T22:47:35.080467,V977
AP240934,GL Account Assignment,2024-07-30T01:18:16.795018,V977
AP240934,Cost Center Assignment,2024-07-30T03:11:42.099960,V977
AP240934,Payment Block Release,2024-07-30T03:36:01.833575,V977
AP240934,Payment Scheduled,2024-07-30T11:18:51.871024,V977
AP240934,Payment Executed,2024-07-31T12:38:16.929532,V977
AP240934,Payment Confirmed,2024-07-31T13:28:21.664991,V977
AP240934,Invoice Posted,2024-07-31T14:12:43.471978,V977
AP240934,Document Archived,2024-07-31T14:49:09.750748,V977
AP956675,Invoice Received,2024-07-30T03:54:20.417482,V691
AP956675,Invoice Scanned,2024-07-30T04:23:08.357518,V691
AP956675,Invoice Validation,2024-07-30T07:40:03.317453,V691
AP956675,Three-Way Match,2024-07-30T13:25:36.185677,V691
AP956675,Price Variance Check,2024-07-30T16:46:24.452758,V691
AP956675,Tax Calculation,2024-07-30T17:35:01.481963,V691
AP956675,Approval Requested,2024-07-30T18:07:51.889137,V691
AP956675,Manager Approval,2024-07-30T20:59:41.554116,V691
AP956675,Finance Approval,2024-08-02T07:24:04.248109,V691
AP956675,Vendor Master Data Review,2024-08-02T08:52:08.876075,V691
AP956675,Payment Terms Verification,2024-08-02T10:11:36.635175,V691
AP956675,GL Account Assignment,2024-08-02T12:44:32.918118,V691
AP956675,Cost Center Assignment,2024-08-02T14:56:20.634549,V691
AP956675,Payment Block Release,2024-08-02T15:21:33.415644,V691
AP956675,Payment Scheduled,2024-08-02T19:12:50.715997,V691
AP956675,Payment Executed,2024-08-03T17:18:53.948048,V691
AP956675,Payment Confirmed,2024-08-03T17:57:03.061665,V691
AP956675,Invoice Posted,2024-08-03T19:58:56.823837,V691
AP956675,Document Archived,2024-08-03T20:25:03.769817,V691
AP887589,Invoice Received,2024-07-31T10:49:33.724080,V833
AP887589,Invoice Scanned,2024-07-31T11:48:12.405447,V833
AP887589,Invoice Validation,2024-07-31T16:02:37.430748,V833
AP887589,Approval Requested,2024-07-31T17:24:12.846280,V833
AP887589,Manager Approval,2024-08-01T00:26:51.177674,V833
AP887589,Finance Approval,2024-08-01T18:55:14.706168,V833
AP887589,Vendor Master Data Review,2024-08-01T21:17:04.456286,V833
AP887589,Payment Terms Verification,2024-08-01T21:57:57.023058,V833
AP887589,GL Account Assignment,2024-08-02T00:15:59.101327,V833
AP887589,Cost Center Assignment,2024-08-02T02:20:23.723363,V833
AP887589,Payment Block Release,2024-08-02T03:10:58.680622,V833
AP887589,Payment Scheduled,2024-08-02T10:08:45.206135,V833
AP887589,Payment Executed,2024-08-02T23:22:12.509858,V833
AP887589,Payment Confirmed,2024-08-03T01:38:41.269299,V833
AP887589,Invoice Posted,2024-08-03T03:08:21.137821,V833
AP887589,Document Archived,2024-08-03T03:24:05.358320,V833
AP593993,Invoice Received,2024-08-01T03:35:34.538746,V337
AP593993,Invoice Scanned,2024-08-01T04:17:25.021137,V337
AP593993,Invoice Validation,2024-08-01T08:19:25.360698,V337
AP593993,Three-Way Match,2024-08-01T11:34:19.142050,V337
AP593993,Price Variance Check,2024-08-01T13:38:28.259989,V337
AP593993,Tax Calculation,2024-08-01T15:02:08.819410,V337
AP593993,Approval Requested,2024-08-01T15:51:25.475958,V337
AP593993,Manager Approval,2024-08-01T20:21:34.348402,V337
AP593993,Vendor Master Data Review,2024-08-01T21:31:21.420257,V337
AP593993,Payment Terms Verification,2024-08-01T23:01:03.968264,V337
AP593993,GL Account Assignment,2024-08-02T00:04:09.895953,V337
AP593993,Cost Center Assignment,2024-08-02T00:57:06.715614,V337
AP593993,Payment Block Release,2024-08-02T01:20:21.035247,V337
AP593993,Payment Scheduled,2024-08-02T08:42:29.408586,V337
AP593993,Payment Executed,2024-08-02T14:39:24.352959,V337
AP593993,Payment Confirmed,2024-08-02T15:47:23.887247,V337
AP593993,Invoice Posted,2024-08-02T16:25:55.438315,V337
AP593993,Document Archived,2024-08-02T17:06:06.278047,V337
AP501171,Invoice Received,2024-08-01T23:13:55.511158,V143
AP501171,Invoice Scanned,2024-08-02T00:07:38.539415,V143
AP501171,Invoice Validation,2024-08-02T02:55:30.590511,V143
AP501171,Three-Way Match,2024-08-02T07:49:14.836647,V143
AP501171,Price Variance Check,2024-08-02T09:55:25.482539,V143
AP501171,Tax Calculation,2024-08-02T11:34:16.376132,V143
AP501171,Approval Requested,2024-08-02T12:32:18.707511,V143
AP501171,Manager Approval,2024-08-03T06:53:55.005575,V143
AP501171,Finance Approval,2024-08-04T03:59:25.958395,V143
AP501171,Vendor Master Data Review,2024-08-04T04:40:19.541055,V143
AP501171,Payment Terms Verification,2024-08-04T06:18:24.433453,V143
AP501171,GL Account Assignment,2024-08-04T07:45:52.545680,V143
AP501171,Cost Center Assignment,2024-08-04T08:32:00.141206,V143
AP501171,Payment Block Release,2024-08-04T09:10:21.322663,V143
AP501171,Payment Scheduled,2024-08-04T14:33:02.907569,V143
AP501171,Payment Executed,2024-08-05T03:02:36.441497,V143
AP501171,Payment Confirmed,2024-08-05T04:04:48.515445,V143
AP501171,Invoice Posted,2024-08-05T05:34:47.257906,V143
AP501171,Document Archived,2024-08-05T06:24:05.858022,V143
AP857009,Invoice Received,2024-08-02T12:19:17.208482,V192
AP857009,Invoice Scanned,2024-08-02T12:46:01.489920,V192
AP857009,Invoice Validation,2024-08-02T16:17:23.276200,V192
AP857009,Approval Requested,2024-08-02T17:30:31.436572,V192
AP857009,Manager Approval,2024-08-03T02:43:56.655905,V192
AP857009,Vendor Master Data Review,2024-08-03T05:08:50.549117,V192
AP857009,Payment Terms Verification,2024-08-03T07:08:22.512040,V192
AP857009,GL Account Assignment,2024-08-03T08:46:06.425644,V192
AP857009,Cost Center Assignment,2024-08-03T10:41:51.159743,V192
AP857009,Payment Block Release,2024-08-03T11:16:51.430913,V192
AP857009,Payment Scheduled,2024-08-03T17:25:24.111616,V192
AP857009,Payment Executed,2024-08-05T00:39:37.425559,V192
AP857009,Payment Confirmed,2024-08-05T01:49:15.958045,V192
AP857009,Invoice Posted,2024-08-05T04:09:53.810239,V192
AP857009,Document Archived,2024-08-05T05:00:40.630245,V192
AP329612,Invoice Received,2024-08-03T03:31:57.401534,V351
AP329612,Invoice Scanned,2024-08-03T03:53:43.605053,V351
AP329612,Invoice Validation,2024-08-03T07:47:56.421140,V351
AP329612,Three-Way Match,2024-08-03T13:22:24.104343,V351
AP329612,Price Variance Check,2024-08-03T14:53:38.047694,V351
AP329612,Tax Calculation,2024-08-03T16:38:05.034212,V351
AP329612,Approval Requested,2024-08-03T17:11:01.398955,V351
AP329612,Manager Approval,2024-08-04T14:11:31.148180,V351
AP329612,Vendor Master Data Review,2024-08-04T16:02:55.157398,V351
AP329612,Payment Terms Verification,2024-08-04T16:46:41.156041,V351
AP329612,GL Account Assignment,2024-08-04T18:50:54.515018,V351
AP329612,Cost Center Assignment,2024-08-04T20:06:39.162736,V351
AP329612,Payment Block Release,2024-08-04T21:17:22.554819,V351
AP329612,Payment Scheduled,2024-08-05T00:33:31.501001,V351
AP329612,Payment Executed,2024-08-05T13:35:51.802747,V351
AP329612,Payment Confirmed,2024-08-05T15:17:31.869062,V351
AP329612,Invoice Posted,2024-08-05T17:11:30.824989,V351
AP329612,Document Archived,2024-08-05T17:49:18.196548,V351
AP781865,Invoice Received,2024-08-05T02:51:19.397757,V158
AP781865,Invoice Scanned,2024-08-05T03:04:47.204105,V158
AP781865,Invoice Validation,2024-08-05T04:23:50.320668,V158
AP781865,Approval Requested,2024-08-05T04:37:20.364390,V158
AP781865,Manager Approval,2024-08-05T17:28:03.158691,V158
AP781865,Vendor Master Data Review,2024-08-05T18:34:15.115363,V158
AP781865,Payment Terms Verification,2024-08-05T19:15:16.415586,V158
AP781865,GL Account Assignment,2024-08-05T20:13:35.788935,V158
AP781865,Cost Center Assignment,2024-08-05T21:51:27.338934,V158
AP781865,Payment Block Release,2024-08-05T22:30:00.724461,V158
AP781865,Payment Scheduled,2024-08-06T03:24:19.628176,V158
AP781865,Payment Executed,2024-08-06T07:28:40.526203,V158
AP781865,Payment Confirmed,2024-08-06T08:13:58.985959,V158
AP781865,Invoice Posted,2024-08-06T10:02:01.519827,V158
AP781865,Document Archived,2024-08-06T10:51:37.147198,V158
AP834976,Invoice Received,2024-08-05T19:45:24.343698,V801
AP834976,Invoice Scanned,2024-08-05T20:01:19.640089,V801
AP834976,Invoice Validation,2024-08-05T21:48:41.362269,V801
AP834976,Approval Requested,2024-08-05T22:14:53.649516,V801
AP834976,Manager Approval,2024-08-06T04:55:21.956715,V801
AP834976,Vendor Master Data Review,2024-08-06T05:48:42.418327,V801
AP834976,Payment Terms Verification,2024-08-06T06:15:15.439834,V801
AP834976,GL Account Assignment,2024-08-06T06:42:04.919116,V801
AP834976,Cost Center Assignment,2024-08-06T08:16:32.933073,V801
AP834976,Payment Block Release,2024-08-06T08:37:30.944171,V801
AP834976,Payment Scheduled,2024-08-06T13:32:53.182650,V801
AP834976,Payment Executed,2024-08-06T20:03:51.635153,V801
AP834976,Payment Confirmed,2024-08-06T20:41:07.477357,V801
AP834976,Invoice Posted,2024-08-06T22:14:24.665878,V801
AP834976,Document Archived,2024-08-06T23:02:08.547734,V801
AP958778,Invoice Received,2024-08-07T13:47:33.846703,V555
AP958778,Invoice Scanned,2024-08-07T14:42:14.905160,V555
AP958778,Invoice Validation,2024-08-07T16:07:22.769264,V555
AP958778,Three-Way Match,2024-08-07T18:18:59.139539,V555
AP958778,Tax Calculation,2024-08-07T19:21:17.616807,V555
AP958778,Approval Requested,2024-08-07T20:14:18.919264,V555
AP958778,Manager Approval,2024-08-08T06:58:59.149680,V555
AP958778,Vendor Master Data Review,2024-08-08T07:32:04.241018,V555
AP958778,Payment Terms Verification,2024-08-08T08:17:09.315486,V555
AP958778,GL Account Assignment,2024-08-08T08:53:16.662348,V555
AP958778,Cost Center Assignment,2024-08-08T10:38:26.008083,V555
AP958778,Payment Block Release,2024-08-08T11:26:53.883988,V555
AP958778,Payment Scheduled,2024-08-08T13:32:20.077656,V555
AP958778,Payment Executed,2024-08-08T21:57:31.807454,V555
AP958778,Payment Confirmed,2024-08-08T22:57:11.515117,V555
AP958778,Invoice Posted,2024-08-08T23:32:53.655941,V555
AP958778,Document Archived,2024-08-08T23:55:25.383037,V555
AP124991,Invoice Received,2024-08-08T11:56:58.402885,V603
AP124991,Invoice Scanned,2024-08-08T12:31:24.186480,V603
AP124991,Invoice Validation,2024-08-08T16:05:58.056997,V603
AP124991,Three-Way Match,2024-08-08T18:39:11.430931,V603
AP124991,Price Variance Check,2024-08-08T21:10:34.844682,V603
AP124991,Tax Calculation,2024-08-08T22:46:39.375697,V603
AP124991,Approval Requested,2024-08-08T23:02:25.849976,V603
AP124991,Manager Approval,2024-08-09T18:05:49.417273,V603
AP124991,Vendor Master Data Review,2024-08-09T20:04:49.347863,V603
AP124991,Payment Terms Verification,2024-08-09T20:48:29.361158,V603
AP124991,GL Account Assignment,2024-08-09T22:22:28.498933,V603
AP124991,Cost Center Assignment,2024-08-10T00:22:09.576447,V603
AP124991,Payment Block Release,2024-08-10T00:43:29.256341,V603
AP124991,Payment Scheduled,2024-08-10T03:10:18.531420,V603
AP124991,Payment Executed,2024-08-10T23:58:43.087934,V603
AP124991,Payment Confirmed,2024-08-11T00:56:49.851237,V603
AP124991,Invoice Posted,2024-08-11T03:18:32.017306,V603
AP124991,Document Archived,2024-08-11T03:54:33.067487,V603
AP801007,Invoice Received,2024-08-08T17:07:52.419537,V364
AP801007,Invoice Scanned,2024-08-08T17:53:08.620732,V364
AP801007,Invoice Validation,2024-08-08T21:04:11.617133,V364
AP801007,Three-Way Match,2024-08-09T00:45:02.314910,V364
AP801007,Quantity Variance Check,2024-08-09T02:11:43.107501,V364
AP801007,Tax Calculation,2024-08-09T03:13:14.350577,V364
AP801007,Approval Requested,2024-08-09T03:41:31.981806,V364
AP801007,Manager Approval,2024-08-09T15:29:24.434547,V364
AP801007,Vendor Master Data Review,2024-08-09T16:06:54.236403,V364
AP801007,Payment Terms Verification,2024-08-09T16:41:32.221446,V364
AP801007,GL Account Assignment,2024-08-09T17:27:04.682348,V364
AP801007,Cost Center Assignment,2024-08-09T18:20:30.762231,V364
AP801007,Payment Block Release,2024-08-09T18:47:56.595463,V364
AP801007,Payment Scheduled,2024-08-10T01:12:04.954572,V364
AP801007,Payment Executed,2024-08-10T13:16:03.204822,V364
AP801007,Payment Confirmed,2024-08-10T14:50:32.732539,V364
AP801007,Invoice Posted,2024-08-10T15:36:23.947143,V364
AP801007,Document Archived,2024-08-10T16:20:41.155703,V364
AP249693,Invoice Received,2024-08-09T06:16:51.976916,V552
AP249693,Invoice Scanned,2024-08-09T07:00:12.764591,V552
AP249693,Invoice Validation,2024-08-09T09:00:39.881851,V552
AP249693,Approval Requested,2024-08-09T09:36:29.716915,V552
AP249693,Manager Approval,2024-08-09T18:08:56.558309,V552
AP249693,Vendor Master Data Review,2024-08-09T19:05:06.658946,V552
AP249693,Payment Terms Verification,2024-08-09T19:36:19.369491,V552
AP249693,GL Account Assignment,2024-08-09T21:03:21.740812,V552
AP249693,Cost Center Assignment,2024-08-09T21:35:55.267408,V552
AP249693,Payment Block Release,2024-08-09T22:10:15.899991,V552
AP249693,Payment Scheduled,2024-08-10T00:41:03.554538,V552
AP249693,Payment Executed,2024-08-10T16:03:59.018619,V552
AP249693,Payment Confirmed,2024-08-10T17:52:01.629029,V552
AP249693,Invoice Posted,2024-08-10T18:27:10.634813,V552
AP249693,Document Archived,2024-08-10T19:12:33.538614,V552
AP758806,Invoice Received,2024-08-10T19:29:13.993478,V136
AP758806,Invoice Scanned,2024-08-10T20:21:51.322231,V136
AP758806,Invoice Validation,2024-08-10T21:54:38.826594,V136
AP758806,Three-Way Match,2024-08-11T02:11:48.354779,V136
AP758806,Quantity Variance Check,2024-08-11T03:48:46.595228,V136
AP758806,Tax Calculation,2024-08-11T05:06:27.641512,V136
AP758806,Approval Requested,2024-08-11T05:27:52.477718,V136
AP758806,Manager Approval,2024-08-11T11:00:21.532023,V136
AP758806,Vendor Master Data Review,2024-08-11T12:23:14.467567,V136
AP758806,Payment Terms Verification,2024-08-11T13:33:33.438346,V136
AP758806,GL Account Assignment,2024-08-11T14:49:58.467157,V136
AP758806,Cost Center Assignment,2024-08-11T15:50:08.435619,V136
AP758806,Payment Block Release,2024-08-11T16:34:36.012717,V136
AP758806,Payment Scheduled,2024-08-11T21:34:56.304984,V136
AP758806,Payment Executed,2024-08-12T05:58:18.228149,V136
AP758806,Payment Confirmed,2024-08-12T07:05:25.954942,V136
AP758806,Invoice Posted,2024-08-12T07:38:34.237195,V136
AP758806,Document Archived,2024-08-12T08:16:00.336433,V136
AP528037,Invoice Received,2024-08-12T15:28:41.742548,V483
AP528037,Invoice Scanned,2024-08-12T15:51:54.369878,V483
AP528037,Invoice Validation,2024-08-12T20:08:10.755421,V483
AP528037,Three-Way Match,2024-08-12T22:17:09.620269,V483
AP528037,Quantity Variance Check,2024-08-12T23:39:50.105400,V483
AP528037,Tax Calculation,2024-08-13T00:29:31.589442,V483
AP528037,Approval Requested,2024-08-13T01:07:30.623850,V483
AP528037,Manager Approval,2024-08-13T21:53:27.602197,V483
AP528037,Finance Approval,2024-08-15T00:25:51.056743,V483
AP528037,Vendor Master Data Review,2024-08-15T01:38:38.528299,V483
AP528037,Payment Terms Verification,2024-08-15T02:32:29.351486,V483
AP528037,GL Account Assignment,2024-08-15T04:43:29.461023,V483
AP528037,Cost Center Assignment,2024-08-15T06:51:38.628945,V483
AP528037,Payment Block Release,2024-08-15T07:08:18.686970,V483
AP528037,Payment Scheduled,2024-08-15T10:02:45.911599,V483
AP528037,Payment Executed,2024-08-16T07:24:22.188461,V483
AP528037,Payment Confirmed,2024-08-16T08:25:49.719171,V483
AP528037,Invoice Posted,2024-08-16T10:32:57.008772,V483
AP528037,Document Archived,2024-08-16T11:16:13.559442,V483
AP259401,Invoice Received,2024-08-13T06:34:20.923186,V267
AP259401,Invoice Scanned,2024-08-13T06:52:25.032554,V267
AP259401,Invoice Validation,2024-08-13T10:16:25.161622,V267
AP259401,Approval Requested,2024-08-13T11:06:38.987894,V267
AP259401,Manager Approval,2024-08-13T21:30:20.053598,V267
AP259401,Finance Approval,2024-08-14T13:18:48.749058,V267
AP259401,Vendor Master Data Review,2024-08-14T13:46:09.795401,V267
AP259401,Payment Terms Verification,2024-08-14T15:20:16.924728,V267
AP259401,GL Account Assignment,2024-08-14T17:05:16.363663,V267
AP259401,Cost Center Assignment,2024-08-14T18:20:04.634896,V267
AP259401,Payment Block Release,2024-08-14T18:56:25.095924,V267
AP259401,Payment Scheduled,2024-08-14T21:51:05.117839,V267
AP259401,Payment Executed,2024-08-15T19:09:33.025086,V267
AP259401,Payment Confirmed,2024-08-15T20:36:05.824393,V267
AP259401,Invoice Posted,2024-08-15T21:53:00.789347,V267
AP259401,Document Archived,2024-08-15T22:25:53.624532,V267
AP992603,Invoice Received,2024-08-15T01:24:47.480080,V358
AP992603,Invoice Scanned,2024-08-15T02:20:46.458271,V358
AP992603,Invoice Validation,2024-08-15T03:22:53.367907,V358
AP992603,Three-Way Match,2024-08-15T07:04:31.488727,V358
AP992603,Price Variance Check,2024-08-15T09:50:06.624065,V358
AP992603,Tax Calculation,2024-08-15T10:28:05.747242,V358
AP992603,Approval Requested,2024-08-15T11:30:02.906010,V358
AP992603,Manager Approval,2024-08-15T13:48:28.213323,V358
AP992603,Vendor Master Data Review,2024-08-15T14:40:45.330641,V358
AP992603,Payment Terms Verification,2024-08-15T16:07:22.606838,V358
AP992603,GL Account Assignment,2024-08-15T18:06:20.628114,V358
AP992603,Cost Center Assignment,2024-08-15T19:17:54.322353,V358
AP992603,Payment Block Release,2024-08-15T19:57:35.070984,V358
AP992603,Payment Scheduled,2024-08-16T04:41:34.397945,V358
AP992603,Payment Executed,2024-08-16T20:45:37.348034,V358
AP992603,Payment Confirmed,2024-08-16T21:30:50.329839,V358
AP992603,Invoice Posted,2024-08-16T22:03:43.569362,V358
AP992603,Document Archived,2024-08-16T22:28:18.050780,V358
AP114100,Invoice Received,2024-08-16T16:58:03.675616,V854
AP114100,Invoice Scanned,2024-08-16T17:25:49.931670,V854
AP114100,Invoice Validation,2024-08-16T20:42:58.562738,V854
AP114100,Approval Requested,2024-08-16T21:03:06.306324,V854
AP114100,Manager Approval,2024-08-17T05:28:25.605671,V854
AP114100,Finance Approval,2024-08-17T16:51:23.998939,V854
AP114100,Vendor Master Data Review,2024-08-17T18:39:55.219860,V854
AP114100,Payment Terms Verification,2024-08-17T19:21:17.672128,V854
AP114100,GL Account Assignment,2024-08-17T20:38:07.401195,V854
AP114100,Cost Center Assignment,2024-08-17T22:06:46.854920,V854
AP114100,Payment Block Release,2024-08-17T23:09:15.152337,V854
AP114100,Payment Scheduled,2024-08-18T02:08:55.740127,V854
AP114100,Payment Executed,2024-08-18T10:20:04.018944,V854
AP114100,Payment Confirmed,2024-08-18T12:52:24.216954,V854
AP114100,Invoice Posted,2024-08-18T13:31:03.408939,V854
AP114100,Document Archived,2024-08-18T14:32:57.601978,V854
AP631265,Invoice Received,2024-08-17T22:58:17.938630,V755
AP631265,Invoice Scanned,2024-08-17T23:51:50.995404,V755
AP631265,Invoice Validation,2024-08-18T03:43:56.655020,V755
AP631265,Approval Requested,2024-08-18T04:00:11.955654,V755
AP631265,Manager Approval,2024-08-19T00:53:44.031539,V755
AP631265,Vendor Master Data Review,2024-08-19T01:38:58.608865,V755
AP631265,Payment Terms Verification,2024-08-19T02:16:30.307376,V755
AP631265,GL Account Assignment,2024-08-19T04:02:55.378341,V755
AP631265,Cost Center Assignment,2024-08-19T05:50:30.493856,V755
AP631265,Payment Block Release,2024-08-19T06:24:00.381812,V755
AP631265,Payment Scheduled,2024-08-19T13:26:35.030746,V755
AP631265,Payment Executed,2024-08-20T09:03:24.376913,V755
AP631265,Payment Confirmed,2024-08-20T09:57:03.193380,V755
AP631265,Invoice Posted,2024-08-20T11:04:02.232750,V755
AP631265,Document Archived,2024-08-20T12:14:52.183134,V755
AP574141,Invoice Received,2024-08-19T21:34:46.496125,V256
AP574141,Invoice Scanned,2024-08-19T21:49:55.930227,V256
AP574141,Invoice Validation,2024-08-20T02:25:45.448227,V256
AP574141,Three-Way Match,2024-08-20T04:57:15.249311,V256
AP574141,Quantity Variance Check,2024-08-20T06:29:21.749696,V256
AP574141,Tax Calculation,2024-08-20T07:09:54.541204,V256
AP574141,Approval Requested,2024-08-20T07:36:45.275814,V256
AP574141,Manager Approval,2024-08-20T18:53:44.852983,V256
AP574141,Vendor Master Data Review,2024-08-20T19:48:59.673759,V256
AP574141,Payment Terms Verification,2024-08-20T21:18:25.190711,V256
AP574141,GL Account Assignment,2024-08-20T23:04:39.286976,V256
AP574141,Cost Center Assignment,2024-08-20T23:41:28.656251,V256
AP574141,Payment Block Release,2024-08-21T00:09:02.030603,V256
AP574141,Payment Scheduled,2024-08-21T07:24:12.150422,V256
AP574141,Payment Executed,2024-08-21T17:03:12.013574,V256
AP574141,Payment Confirmed,2024-08-21T18:41:03.679545,V256
AP574141,Invoice Posted,2024-08-21T19:22:52.673608,V256
AP574141,Document Archived,2024-08-21T20:27:33.135251,V256
AP568795,Invoice Received,2024-08-20T17:09:44.804989,V478
AP568795,Invoice Scanned,2024-08-20T17:44:54.299958,V478
AP568795,Invoice Validation,2024-08-20T23:05:41.968839,V478
AP568795,Approval Requested,2024-08-20T23:55:09.056245,V478
AP568795,Manager Approval,2024-08-21T06:19:38.801886,V478
AP568795,Vendor Master Data Review,2024-08-21T08:23:38.261348,V478
AP568795,Payment Terms Verification,2024-08-21T09:53:08.508553,V478
AP568795,GL Account Assignment,2024-08-21T11:20:50.118489,V478
AP568795,Cost Center Assignment,2024-08-21T12:37:16.111549,V478
AP568795,Payment Block Release,2024-08-21T13:20:17.338223,V478
AP568795,Payment Scheduled,2024-08-21T21:07:50.024655,V478
AP568795,Payment Executed,2024-08-22T08:05:19.501025,V478
AP568795,Payment Confirmed,2024-08-22T09:55:54.658459,V478
AP568795,Invoice Posted,2024-08-22T11:40:58.201826,V478
AP568795,Document Archived,2024-08-22T12:29:32.941226,V478
AP386007,Invoice Received,2024-08-22T09:07:01.928959,V427
AP386007,Invoice Scanned,2024-08-22T09:34:01.085723,V427
AP386007,Invoice Validation,2024-08-22T13:29:47.781285,V427
AP386007,Three-Way Match,2024-08-22T16:05:02.255013,V427
AP386007,Quantity Variance Check,2024-08-22T17:53:23.883681,V427
AP386007,Tax Calculation,2024-08-22T19:39:35.093454,V427
AP386007,Approval Requested,2024-08-22T20:01:48.163376,V427
AP386007,Manager Approval,2024-08-23T11:41:22.646166,V427
AP386007,Vendor Master Data Review,2024-08-23T13:40:52.991547,V427
AP386007,Payment Terms Verification,2024-08-23T14:36:25.872691,V427
AP386007,GL Account Assignment,2024-08-23T15:44:52.919890,V427
AP386007,Cost Center Assignment,2024-08-23T16:34:43.161803,V427
AP386007,Payment Block Release,2024-08-23T17:13:10.632144,V427
AP386007,Payment Scheduled,2024-08-23T19:22:24.841270,V427
AP386007,Payment Executed,2024-08-24T03:06:56.824047,V427
AP386007,Payment Confirmed,2024-08-24T03:38:23.387342,V427
AP386007,Invoice Posted,2024-08-24T04:26:29.475371,V427
AP386007,Document Archived,2024-08-24T05:07:21.567476,V427
AP857886,Invoice Received,2024-08-23T22:07:55.556485,V834
AP857886,Invoice Scanned,2024-08-23T22:22:15.133099,V834
AP857886,Invoice Validation,2024-08-24T00:28:25.736937,V834
AP857886,Three-Way Match,2024-08-24T02:45:25.126411,V834
AP857886,Price Variance Check,2024-08-24T03:37:55.391508,V834
AP857886,Tax Calculation,2024-08-24T04:38:09.367424,V834
AP857886,Approval Requested,2024-08-24T05:04:40.619212,V834
AP857886,Manager Approval,2024-08-24T09:56:23.360120,V834
AP857886,Vendor Master Data Review,2024-08-24T10:29:36.000110,V834
AP857886,Payment Terms Verification,2024-08-24T10:56:48.946904,V834
AP857886,GL Account Assignment,2024-08-24T11:44:34.491140,V834
AP857886,Cost Center Assignment,2024-08-24T13:33:46.041728,V834
AP857886,Payment Block Release,2024-08-24T13:56:12.636037,V834
AP857886,Payment Scheduled,2024-08-24T17:27:03.854602,V834
AP857886,Payment Executed,2024-08-24T21:20:04.078158,V834
AP857886,Payment Confirmed,2024-08-24T21:45:29.727001,V834
AP857886,Invoice Posted,2024-08-24T22:25:52.891900,V834
AP857886,Document Archived,2024-08-24T22:43:03.547821,V834
AP259651,Invoice Received,2024-08-24T23:08:20.755404,V649
AP259651,Invoice Scanned,2024-08-24T23:39:03.873072,V649
AP259651,Invoice Validation,2024-08-25T04:17:02.361666,V649
AP259651,Three-Way Match,2024-08-25T08:09:19.016953,V649
AP259651,Price Variance Check,2024-08-25T10:51:46.773678,V649
AP259651,Tax Calculation,2024-08-25T13:21:57.224307,V649
AP259651,Approval Requested,2024-08-25T13:46:30.085867,V649
AP259651,Manager Approval,2024-08-25T19:53:47.613748,V649
AP259651,Finance Approval,2024-08-27T21:02:47.430199,V649
AP259651,Vendor Master Data Review,2024-08-27T22:40:39.493277,V649
AP259651,Payment Terms Verification,2024-08-27T23:48:25.559227,V649
AP259651,GL Account Assignment,2024-08-28T00:58:44.300165,V649
AP259651,Cost Center Assignment,2024-08-28T01:46:50.178512,V649
AP259651,Payment Block Release,2024-08-28T02:58:41.152790,V649
AP259651,Payment Scheduled,2024-08-28T11:47:03.163630,V649
AP259651,Payment Executed,2024-08-29T17:21:47.488039,V649
AP259651,Payment Confirmed,2024-08-29T18:53:03.670113,V649
AP259651,Invoice Posted,2024-08-29T21:36:00.800852,V649
AP259651,Document Archived,2024-08-29T22:35:10.981518,V649
AP387552,Invoice Received,2024-08-26T16:46:39.622036,V100
AP387552,Invoice Scanned,2024-08-26T17:06:41.908456,V100
AP387552,Invoice Validation,2024-08-26T18:47:17.074986,V100
AP387552,Approval Requested,2024-08-26T19:06:52.955687,V100
AP387552,Manager Approval,2024-08-27T19:16:56.204921,V100
AP387552,Vendor Master Data Review,2024-08-27T20:26:05.954948,V100
AP387552,Payment Terms Verification,2024-08-27T22:05:05.595774,V100
AP387552,GL Account Assignment,2024-08-27T23:59:32.050615,V100
AP387552,Cost Center Assignment,2024-08-28T02:03:31.863158,V100
AP387552,Payment Block Release,2024-08-28T02:22:05.423351,V100
AP387552,Payment Scheduled,2024-08-28T08:31:59.442664,V100
AP387552,Payment Executed,2024-08-29T04:14:07.350897,V100
AP387552,Payment Confirmed,2024-08-29T04:53:55.145322,V100
AP387552,Invoice Posted,2024-08-29T05:29:50.516451,V100
AP387552,Document Archived,2024-08-29T06:13:44.393278,V100
AP906913,Invoice Received,2024-08-27T21:08:58.934712,V997
AP906913,Invoice Scanned,2024-08-27T21:42:04.634818,V997
AP906913,Invoice Validation,2024-08-28T00:17:14.001160,V997
AP906913,Three-Way Match,2024-08-28T01:59:23.817218,V997
AP906913,Tax Calculation,2024-08-28T03:21:22.137190,V997
AP906913,Approval Requested,2024-08-28T03:47:46.713094,V997
AP906913,Manager Approval,2024-08-28T06:05:47.058325,V997
AP906913,Vendor Master Data Review,2024-08-28T07:02:00.535437,V997
AP906913,Payment Terms Verification,2024-08-28T08:09:45.045799,V997
AP906913,GL Account Assignment,2024-08-28T08:47:29.136692,V997
AP906913,Cost Center Assignment,2024-08-28T09:22:34.554586,V997
AP906913,Payment Block Release,2024-08-28T09:45:02.940554,V997
AP906913,Payment Scheduled,2024-08-28T14:56:50.445026,V997
AP906913,Payment Executed,2024-08-28T23:40:03.781828,V997
AP906913,Payment Confirmed,2024-08-29T01:01:54.069902,V997
AP906913,Invoice Posted,2024-08-29T02:05:20.258839,V997
AP906913,Document Archived,2024-08-29T02:19:58.510198,V997
AP727879,Invoice Received,2024-08-28T23:55:34.033775,V449
AP727879,Invoice Scanned,2024-08-29T00:53:06.958844,V449
AP727879,Invoice Validation,2024-08-29T03:11:07.050741,V449
AP727879,Three-Way Match,2024-08-29T07:17:03.091464,V449
AP727879,Quantity Variance Check,2024-08-29T08:29:17.761341,V449
AP727879,Tax Calculation,2024-08-29T11:09:50.054593,V449
AP727879,Approval Requested,2024-08-29T11:45:53.794737,V449
AP727879,Manager Approval,2024-08-29T18:21:36.262103,V449
AP727879,Vendor Master Data Review,2024-08-29T20:01:57.534509,V449
AP727879,Payment Terms Verification,2024-08-29T21:30:52.868208,V449
AP727879,GL Account Assignment,2024-08-29T23:55:52.160962,V449
AP727879,Cost Center Assignment,2024-08-30T01:35:58.578545,V449
AP727879,Payment Block Release,2024-08-30T02:46:06.332355,V449
AP727879,Payment Scheduled,2024-08-30T14:19:22.309296,V449
AP727879,Payment Executed,2024-08-31T22:04:41.321581,V449
AP727879,Payment Confirmed,2024-09-01T00:03:52.474166,V449
AP727879,Invoice Posted,2024-09-01T02:20:08.784157,V449
AP727879,Document Archived,2024-09-01T02:39:12.826683,V449
AP170277,Invoice Received,2024-08-29T11:07:44.207003,V359
AP170277,Invoice Scanned,2024-08-29T11:55:15.908124,V359
AP170277,Invoice Validation,2024-08-29T14:27:57.598195,V359
AP170277,Three-Way Match,2024-08-29T21:22:02.844028,V359
AP170277,Quantity Variance Check,2024-08-30T00:27:38.399619,V359
AP170277,Tax Calculation,2024-08-30T02:00:45.521838,V359
AP170277,Approval Requested,2024-08-30T02:54:24.037178,V359
AP170277,Manager Approval,2024-08-31T03:07:42.548806,V359
AP170277,Vendor Master Data Review,2024-08-31T05:57:50.253389,V359
AP170277,Payment Terms Verification,2024-08-31T08:28:01.553945,V359
AP170277,GL Account Assignment,2024-08-31T10:16:21.194258,V359
AP170277,Cost Center Assignment,2024-08-31T11:01:44.514152,V359
AP170277,Payment Block Release,2024-08-31T11:49:44.147957,V359
AP170277,Payment Scheduled,2024-08-31T17:21:40.146264,V359
AP170277,Payment Executed,2024-09-01T07:27:20.019105,V359
AP170277,Payment Confirmed,2024-09-01T09:04:46.534912,V359
AP170277,Invoice Posted,2024-09-01T11:10:07.786165,V359
AP170277,Document Archived,2024-09-01T11:31:39.662908,V359
AP692497,Invoice Received,2024-08-29T16:44:30.912381,V497
AP692497,Invoice Scanned,2024-08-29T17:02:24.080146,V497
AP692497,Invoice Validation,2024-08-29T18:14:02.110049,V497
AP692497,Approval Requested,2024-08-29T18:28:00.715022,V497
AP692497,Manager Approval,2024-08-30T10:43:12.449665,V497
AP692497,Finance Approval,2024-08-31T04:52:00.450719,V497
AP692497,Vendor Master Data Review,2024-08-31T06:14:23.416961,V497
AP692497,Payment Terms Verification,2024-08-31T07:01:28.244733,V497
AP692497,GL Account Assignment,2024-08-31T08:30:40.619439,V497
AP692497,Cost Center Assignment,2024-08-31T09:55:22.437835,V497
AP692497,Payment Block Release,2024-08-31T10:09:22.890224,V497
AP692497,Payment Scheduled,2024-08-31T16:43:10.660999,V497
AP692497,Payment Executed,2024-09-01T05:10:09.585561,V497
AP692497,Payment Confirmed,2024-09-01T06:37:05.804512,V497
AP692497,Invoice Posted,2024-09-01T07:38:10.362855,V497
AP692497,Document Archived,2024-09-01T08:08:07.104462,V497
AP796990,Invoice Received,2024-08-29T21:52:58.317929,V466
AP796990,Invoice Scanned,2024-08-29T22:35:40.455420,V466
AP796990,Invoice Validation,2024-08-29T23:33:49.639231,V466
AP796990,Three-Way Match,2024-08-30T03:43:17.372218,V466
AP796990,Quantity Variance Check,2024-08-30T05:46:00.182002,V466
AP796990,Tax Calculation,2024-08-30T06:47:21.961003,V466
AP796990,Approval Requested,2024-08-30T07:06:53.309243,V466
AP796990,Manager Approval,2024-08-30T15:57:39.691794,V466
AP796990,Vendor Master Data Review,2024-08-30T16:25:17.633066,V466
AP796990,Payment Terms Verification,2024-08-30T17:28:19.749682,V466
AP796990,GL Account Assignment,2024-08-30T18:14:44.064499,V466
AP796990,Cost Center Assignment,2024-08-30T19:00:53.428450,V466
AP796990,Payment Block Release,2024-08-30T19:19:43.741897,V466
AP796990,Payment Scheduled,2024-08-31T01:07:37.439160,V466
AP796990,Payment Executed,2024-08-31T18:34:19.554344,V466
AP796990,Payment Confirmed,2024-08-31T20:00:11.145868,V466
AP796990,Invoice Posted,2024-08-31T20:28:01.408719,V466
AP796990,Document Archived,2024-08-31T20:59:05.072588,V466
AP888918,Invoice Received,2024-08-31T18:35:48.777750,V542
AP888918,Invoice Scanned,2024-08-31T19:06:47.203208,V542
AP888918,Invoice Validation,2024-08-31T22:18:42.620353,V542
AP888918,Three-Way Match,2024-09-01T05:00:43.612994,V542
AP888918,Tax Calculation,2024-09-01T06:28:21.275138,V542
AP888918,Approval Requested,2024-09-01T07:15:15.068506,V542
AP888918,Manager Approval,2024-09-01T20:08:22.987237,V542
AP888918,Vendor Master Data Review,2024-09-01T21:31:27.220536,V542
AP888918,Payment Terms Verification,2024-09-01T23:44:27.979487,V542
AP888918,GL Account Assignment,2024-09-02T00:44:38.523851,V542
AP888918,Cost Center Assignment,2024-09-02T02:58:09.840472,V542
AP888918,Payment Block Release,2024-09-02T03:57:21.094803,V542
AP888918,Payment Scheduled,2024-09-02T09:42:39.504671,V542
AP888918,Payment Executed,2024-09-03T11:33:10.487510,V542
AP888918,Payment Confirmed,2024-09-03T13:27:12.528207,V542
AP888918,Invoice Posted,2024-09-03T14:14:43.285464,V542
AP888918,Document Archived,2024-09-03T15:26:18.541871,V542
AP384427,Invoice Received,2024-09-02T01:18:01.608271,V995
AP384427,Invoice Scanned,2024-09-02T02:15:05.387901,V995
AP384427,Invoice Validation,2024-09-02T03:54:43.689681,V995
AP384427,Approval Requested,2024-09-02T04:27:14.131148,V995
AP384427,Manager Approval,2024-09-02T15:03:13.990505,V995
AP384427,Vendor Master Data Review,2024-09-02T16:26:10.716645,V995
AP384427,Payment Terms Verification,2024-09-02T17:19:40.099092,V995
AP384427,GL Account Assignment,2024-09-02T18:24:05.517328,V995
AP384427,Cost Center Assignment,2024-09-02T19:27:05.931550,V995
AP384427,Payment Block Release,2024-09-02T20:17:38.967483,V995
AP384427,Payment Scheduled,2024-09-03T03:00:31.935355,V995
AP384427,Payment Executed,2024-09-03T17:54:22.712140,V995
AP384427,Payment Confirmed,2024-09-03T18:53:11.987343,V995
AP384427,Invoice Posted,2024-09-03T19:52:24.408054,V995
AP384427,Document Archived,2024-09-03T20:19:56.192323,V995
AP298105,Invoice Received,2024-09-03T18:37:27.980618,V931
AP298105,Invoice Scanned,2024-09-03T19:51:21.788490,V931
AP298105,Invoice Validation,2024-09-03T22:42:31.301403,V931
AP298105,Three-Way Match,2024-09-04T04:01:10.873177,V931
AP298105,Quantity Variance Check,2024-09-04T06:15:25.005844,V931
AP298105,Tax Calculation,2024-09-04T07:07:53.665229,V931
AP298105,Approval Requested,2024-09-04T07:31:44.754263,V931
AP298105,Manager Approval,2024-09-04T22:50:44.058667,V931
AP298105,Vendor Master Data Review,2024-09-05T01:16:52.286289,V931
AP298105,Payment Terms Verification,2024-09-05T03:32:39.288401,V931
AP298105,GL Account Assignment,2024-09-05T04:48:43.245932,V931
AP298105,Cost Center Assignment,2024-09-05T06:02:15.259921,V931
AP298105,Payment Block Release,2024-09-05T06:46:30.785678,V931
AP298105,Payment Scheduled,2024-09-05T14:03:03.642730,V931
AP298105,Payment Executed,2024-09-06T01:03:45.605047,V931
AP298105,Payment Confirmed,2024-09-06T02:54:00.997890,V931
AP298105,Invoice Posted,2024-09-06T04:50:21.338432,V931
AP298105,Document Archived,2024-09-06T05:54:40.694096,V931
AP331707,Invoice Received,2024-09-04T17:25:57.074299,V347
AP331707,Invoice Scanned,2024-09-04T17:44:26.007998,V347
AP331707,Invoice Validation,2024-09-04T19:29:20.250634,V347
AP331707,Three-Way Match,2024-09-04T22:15:08.370080,V347
AP331707,Price Variance Check,2024-09-04T23:21:49.233708,V347
AP331707,Tax Calculation,2024-09-05T00:42:50.234256,V347
AP331707,Approval Requested,2024-09-05T01:11:33.482486,V347
AP331707,Manager Approval,2024-09-05T19:57:37.891453,V347
AP331707,Vendor Master Data Review,2024-09-05T21:00:41.712412,V347
AP331707,Payment Terms Verification,2024-09-05T22:26:01.304235,V347
AP331707,GL Account Assignment,2024-09-05T23:26:30.760316,V347
AP331707,Cost Center Assignment,2024-09-06T00:44:16.032323,V347
AP331707,Payment Block Release,2024-09-06T01:04:04.743907,V347
AP331707,Payment Scheduled,2024-09-06T03:53:02.864714,V347
AP331707,Payment Executed,2024-09-06T17:48:04.057736,V347
AP331707,Payment Confirmed,2024-09-06T19:18:15.309019,V347
AP331707,Invoice Posted,2024-09-06T20:27:56.500021,V347
AP331707,Document Archived,2024-09-06T20:53:31.900118,V347
AP193806,Invoice Received,2024-09-05T18:01:17.487494,V547
AP193806,Invoice Scanned,2024-09-05T18:54:42.674651,V547
AP193806,Invoice Validation,2024-09-05T22:18:09.336261,V547
AP193806,Three-Way Match,2024-09-06T03:40:18.071510,V547
AP193806,Tax Calculation,2024-09-06T04:42:43.603447,V547
AP193806,Approval Requested,2024-09-06T05:25:04.180140,V547
AP193806,Manager Approval,2024-09-06T07:44:21.654206,V547
AP193806,Vendor Master Data Review,2024-09-06T08:42:47.490468,V547
AP193806,Payment Terms Verification,2024-09-06T09:40:35.824679,V547
AP193806,GL Account Assignment,2024-09-06T10:33:15.904454,V547
AP193806,Cost Center Assignment,2024-09-06T11:01:33.798763,V547
AP193806,Payment Block Release,2024-09-06T11:55:02.564551,V547
AP193806,Payment Scheduled,2024-09-06T14:43:12.757888,V547
AP193806,Payment Executed,2024-09-07T08:20:58.243396,V547
AP193806,Payment Confirmed,2024-09-07T09:07:26.257944,V547
AP193806,Invoice Posted,2024-09-07T09:47:07.814484,V547
AP193806,Document Archived,2024-09-07T10:05:22.809782,V547
AP295881,Invoice Received,2024-09-07T07:58:18.798177,V351
AP295881,Invoice Scanned,2024-09-07T08:28:59.050246,V351
AP295881,Invoice Validation,2024-09-07T12:00:39.867314,V351
AP295881,Three-Way Match,2024-09-07T16:25:28.740144,V351
AP295881,Price Variance Check,2024-09-07T18:31:29.147722,V351
AP295881,Tax Calculation,2024-09-07T19:41:48.694109,V351
AP295881,Approval Requested,2024-09-07T20:22:32.942143,V351
AP295881,Manager Approval,2024-09-07T23:52:18.285939,V351
AP295881,Finance Approval,2024-09-08T16:42:03.356457,V351
AP295881,Vendor Master Data Review,2024-09-08T18:21:54.554246,V351
AP295881,Payment Terms Verification,2024-09-08T20:10:25.919113,V351
AP295881,GL Account Assignment,2024-09-08T21:35:59.713919,V351
AP295881,Cost Center Assignment,2024-09-08T23:17:23.124843,V351
AP295881,Payment Block Release,2024-09-09T00:06:55.714853,V351
AP295881,Payment Scheduled,2024-09-09T02:21:41.739458,V351
AP295881,Payment Executed,2024-09-10T05:31:26.793331,V351
AP295881,Payment Confirmed,2024-09-10T07:17:35.401511,V351
AP295881,Invoice Posted,2024-09-10T07:49:34.471641,V351
AP295881,Document Archived,2024-09-10T08:16:59.578939,V351
AP895613,Invoice Received,2024-09-08T19:49:04.240414,V867
AP895613,Invoice Scanned,2024-09-08T20:13:54.230710,V867
AP895613,Invoice Validation,2024-09-08T21:55:10.577936,V867
AP895613,Approval Requested,2024-09-08T22:23:08.993721,V867
AP895613,Manager Approval,2024-09-09T19:08:36.367850,V867
AP895613,Finance Approval,2024-09-10T22:10:30.754662,V867
AP895613,Vendor Master Data Review,2024-09-10T23:22:08.505774,V867
AP895613,Payment Terms Verification,2024-09-11T00:52:19.448503,V867
AP895613,GL Account Assignment,2024-09-11T02:38:22.041932,V867
AP895613,Cost Center Assignment,2024-09-11T04:53:07.254991,V867
AP895613,Payment Block Release,2024-09-11T05:20:46.007750,V867
AP895613,Payment Scheduled,2024-09-11T07:04:58.487469,V867
AP895613,Payment Executed,2024-09-11T19:37:59.626011,V867
AP895613,Payment Confirmed,2024-09-11T21:00:17.211988,V867
AP895613,Invoice Posted,2024-09-11T22:03:03.819109,V867
AP895613,Document Archived,2024-09-11T22:31:11.394363,V867
AP895337,Invoice Received,2024-09-10T11:13:57.657362,V599
AP895337,Invoice Scanned,2024-09-10T12:01:55.827225,V599
AP895337,Invoice Validation,2024-09-10T15:49:05.456128,V599
AP895337,Approval Requested,2024-09-10T16:24:44.900712,V599
AP895337,Manager Approval,2024-09-11T07:28:54.619226,V599
AP895337,Vendor Master Data Review,2024-09-11T08:23:47.929858,V599
AP895337,Payment Terms Verification,2024-09-11T09:08:36.388842,V599
AP895337,GL Account Assignment,2024-09-11T09:53:15.635517,V599
AP895337,Cost Center Assignment,2024-09-11T12:02:35.807240,V599
AP895337,Payment Block Release,2024-09-11T12:55:58.571602,V599
AP895337,Payment Scheduled,2024-09-11T20:29:48.564920,V599
AP895337,Payment Executed,2024-09-12T19:14:16.762111,V599
AP895337,Payment Confirmed,2024-09-12T21:01:20.719603,V599
AP895337,Invoice Posted,2024-09-12T21:48:39.450279,V599
AP895337,Document Archived,2024-09-12T22:25:10.439991,V599
AP705073,Invoice Received,2024-09-11T06:42:34.840992,V671
AP705073,Invoice Scanned,2024-09-11T07:18:56.761037,V671
AP705073,Invoice Validation,2024-09-11T10:17:40.261826,V671
AP705073,Three-Way Match,2024-09-11T13:12:14.625147,V671
AP705073,Tax Calculation,2024-09-11T13:48:54.261480,V671
AP705073,Approval Requested,2024-09-11T14:15:47.355404,V671
AP705073,Manager Approval,2024-09-12T05:47:18.998219,V671
AP705073,Vendor Master Data Review,2024-09-12T06:46:05.985123,V671
AP705073,Payment Terms Verification,2024-09-12T07:20:46.536749,V671
AP705073,GL Account Assignment,2024-09-12T08:49:13.941938,V671
AP705073,Cost Center Assignment,2024-09-12T10:39:17.791566,V671
AP705073,Payment Block Release,2024-09-12T11:08:17.901630,V671
AP705073,Payment Scheduled,2024-09-12T14:12:05.773381,V671
AP705073,Payment Executed,2024-09-13T12:13:16.859125,V671
AP705073,Payment Confirmed,2024-09-13T13:37:12.951803,V671
AP705073,Invoice Posted,2024-09-13T14:37:05.639052,V671
AP705073,Document Archived,2024-09-13T15:02:42.687966,V671
AP515597,Invoice Received,2024-09-11T22:29:32.688684,V702
AP515597,Invoice Scanned,2024-09-11T22:55:44.417896,V702
AP515597,Invoice Validation,2024-09-12T01:32:15.168401,V702
AP515597,Approval Requested,2024-09-12T01:46:53.572987,V702
AP515597,Manager Approval,2024-09-12T06:24:57.948871,V702
AP515597,Vendor Master Data Review,2024-09-12T08:19:42.536312,V702
AP515597,Payment Terms Verification,2024-09-12T08:51:57.519847,V702
AP515597,GL Account Assignment,2024-09-12T09:19:07.956495,V702
AP515597,Cost Center Assignment,2024-09-12T10:54:49.198445,V702
AP515597,Payment Block Release,2024-09-12T11:28:37.033513,V702
AP515597,Payment Scheduled,2024-09-12T14:23:38.467616,V702
AP515597,Payment Executed,2024-09-12T18:32:24.450743,V702
AP515597,Payment Confirmed,2024-09-12T20:25:54.950092,V702
AP515597,Invoice Posted,2024-09-12T21:59:18.825985,V702
AP515597,Document Archived,2024-09-12T22:28:01.555355,V702
AP584795,Invoice Received,2024-09-12T04:58:39.876248,V720
AP584795,Invoice Scanned,2024-09-12T05:36:46.799495,V720
AP584795,Invoice Validation,2024-09-12T07:23:06.560088,V720
AP584795,Three-Way Match,2024-09-12T10:00:26.597390,V720
AP584795,Quantity Variance Check,2024-09-12T12:41:09.441161,V720
AP584795,Tax Calculation,2024-09-12T14:21:05.082406,V720
AP584795,Approval Requested,2024-09-12T15:18:52.303233,V720
AP584795,Manager Approval,2024-09-12T21:50:37.931446,V720
AP584795,Vendor Master Data Review,2024-09-12T22:18:03.865389,V720
AP584795,Payment Terms Verification,2024-09-12T23:09:58.988143,V720
AP584795,GL Account Assignment,2024-09-13T00:36:45.731034,V720
AP584795,Cost Center Assignment,2024-09-13T01:29:25.526410,V720
AP584795,Payment Block Release,2024-09-13T02:08:37.250746,V720
AP584795,Payment Scheduled,2024-09-13T08:43:36.394559,V720
AP584795,Payment Executed,2024-09-14T05:47:09.852110,V720
AP584795,Payment Confirmed,2024-09-14T06:47:12.043103,V720
AP584795,Invoice Posted,2024-09-14T07:26:17.815841,V720
AP584795,Document Archived,2024-09-14T08:02:53.616198,V720
AP439297,Invoice Received,2024-09-13T03:50:16.459907,V560
AP439297,Invoice Scanned,2024-09-13T04:31:50.181147,V560
AP439297,Invoice Validation,2024-09-13T08:22:44.762587,V560
AP439297,Three-Way Match,2024-09-13T16:23:08.220941,V560
AP439297,Quantity Variance Check,2024-09-13T19:29:59.914449,V560
AP439297,Tax Calculation,2024-09-13T21:39:36.123288,V560
AP439297,Approval Requested,2024-09-13T23:08:44.371501,V560
AP439297,Manager Approval,2024-09-14T15:31:16.989855,V560
AP439297,Vendor Master Data Review,2024-09-14T17:50:17.815903,V560
AP439297,Payment Terms Verification,2024-09-14T18:29:56.844741,V560
AP439297,GL Account Assignment,2024-09-14T19:57:37.116417,V560
AP439297,Cost Center Assignment,2024-09-14T22:06:37.127334,V560
AP439297,Payment Block Release,2024-09-14T23:05:57.117935,V560
AP439297,Payment Scheduled,2024-09-15T06:55:34.209304,V560
AP439297,Payment Executed,2024-09-16T16:55:38.458539,V560
AP439297,Payment Confirmed,2024-09-16T19:03:01.658114,V560
AP439297,Invoice Posted,2024-09-16T20:48:50.407922,V560
AP439297,Document Archived,2024-09-16T21:35:04.298739,V560
AP586060,Invoice Received,2024-09-14T19:13:58.459727,V723
AP586060,Invoice Scanned,2024-09-14T19:38:54.984372,V723
AP586060,Invoice Validation,2024-09-15T00:03:23.030857,V723
AP586060,Three-Way Match,2024-09-15T04:36:23.826104,V723
AP586060,Price Variance Check,2024-09-15T06:01:56.567614,V723
AP586060,Tax Calculation,2024-09-15T06:47:19.260573,V723
AP586060,Approval Requested,2024-09-15T07:10:02.815906,V723
AP586060,Manager Approval,2024-09-16T11:21:09.823646,V723
AP586060,Finance Approval,2024-09-18T14:06:49.305879,V723
AP586060,Vendor Master Data Review,2024-09-18T16:09:46.414661,V723
AP586060,Payment Terms Verification,2024-09-18T17:34:34.538178,V723
AP586060,GL Account Assignment,2024-09-18T19:12:04.101365,V723
AP586060,Cost Center Assignment,2024-09-18T21:11:10.384135,V723
AP586060,Payment Block Release,2024-09-18T21:38:01.462304,V723
AP586060,Payment Scheduled,2024-09-19T02:19:25.016000,V723
AP586060,Payment Executed,2024-09-19T14:53:03.410611,V723
AP586060,Payment Confirmed,2024-09-19T16:24:28.641946,V723
AP586060,Invoice Posted,2024-09-19T17:15:01.413089,V723
AP586060,Document Archived,2024-09-19T18:04:42.113960,V723
AP825150,Invoice Received,2024-09-16T07:38:48.697361,V661
AP825150,Invoice Scanned,2024-09-16T07:56:07.352177,V661
AP825150,Invoice Validation,2024-09-16T08:53:28.200372,V661
AP825150,Approval Requested,2024-09-16T09:10:30.555320,V661
AP825150,Manager Approval,2024-09-16T15:57:46.382261,V661
AP825150,Vendor Master Data Review,2024-09-16T16:54:15.425789,V661
AP825150,Payment Terms Verification,2024-09-16T18:02:40.864001,V661
AP825150,GL Account Assignment,2024-09-16T18:26:40.606517,V661
AP825150,Cost Center Assignment,2024-09-16T19:17:55.512891,V661
AP825150,Payment Block Release,2024-09-16T20:03:15.288596,V661
AP825150,Payment Scheduled,2024-09-16T21:33:03.381891,V661
AP825150,Payment Executed,2024-09-17T03:23:38.709223,V661
AP825150,Payment Confirmed,2024-09-17T04:25:12.211192,V661
AP825150,Invoice Posted,2024-09-17T04:52:03.666113,V661
AP825150,Document Archived,2024-09-17T05:19:55.217183,V661
AP751244,Invoice Received,2024-09-17T21:49:17.377133,V752
AP751244,Invoice Scanned,2024-09-17T22:53:58.940472,V752
AP751244,Invoice Validation,2024-09-18T03:07:40.849970,V752
AP751244,Three-Way Match,2024-09-18T06:41:13.048848,V752
AP751244,Price Variance Check,2024-09-18T08:58:03.558096,V752
AP751244,Tax Calculation,2024-09-18T10:03:43.457738,V752
AP751244,Approval Requested,2024-09-18T10:33:26.362725,V752
AP751244,Manager Approval,2024-09-18T12:33:39.575422,V752
AP751244,Vendor Master Data Review,2024-09-18T13:08:55.699264,V752
AP751244,Payment Terms Verification,2024-09-18T14:51:33.362387,V752
AP751244,GL Account Assignment,2024-09-18T16:13:01.582891,V752
AP751244,Cost Center Assignment,2024-09-18T16:58:52.447586,V752
AP751244,Payment Block Release,2024-09-18T17:38:08.825614,V752
AP751244,Payment Scheduled,2024-09-18T21:20:59.237782,V752
AP751244,Payment Executed,2024-09-19T21:37:57.712348,V752
AP751244,Payment Confirmed,2024-09-19T23:22:17.445334,V752
AP751244,Invoice Posted,2024-09-20T00:25:16.889246,V752
AP751244,Document Archived,2024-09-20T01:20:57.248529,V752
AP127417,Invoice Received,2024-09-18T22:45:05.658440,V391
AP127417,Invoice Scanned,2024-09-18T23:44:21.028542,V391
AP127417,Invoice Validation,2024-09-19T01:29:19.362383,V391
AP127417,Three-Way Match,2024-09-19T05:20:31.239720,V391
AP127417,Price Variance Check,2024-09-19T06:56:16.073626,V391
AP127417,Tax Calculation,2024-09-19T07:58:39.059306,V391
AP127417,Approval Requested,2024-09-19T08:43:39.940281,V391
AP127417,Manager Approval,2024-09-19T23:14:23.860310,V391
AP127417,Vendor Master Data Review,2024-09-20T00:12:20.096594,V391
AP127417,Payment Terms Verification,2024-09-20T02:14:04.441025,V391
AP127417,GL Account Assignment,2024-09-20T04:03:10.255586,V391
AP127417,Cost Center Assignment,2024-09-20T04:47:40.272827,V391
AP127417,Payment Block Release,2024-09-20T05:47:24.821947,V391
AP127417,Payment Scheduled,2024-09-20T10:35:32.055569,V391
AP127417,Payment Executed,2024-09-21T00:01:56.540835,V391
AP127417,Payment Confirmed,2024-09-21T01:31:55.234742,V391
AP127417,Invoice Posted,2024-09-21T02:19:45.399773,V391
AP127417,Document Archived,2024-09-21T03:16:35.039488,V391
AP277596,Invoice Received,2024-09-19T02:47:44.296425,V855
AP277596,Invoice Scanned,2024-09-19T03:29:45.664176,V855
AP277596,Invoice Validation,2024-09-19T05:17:10.801039,V855
AP277596,Approval Requested,2024-09-19T05:38:11.966050,V855
AP277596,Manager Approval,2024-09-19T11:52:18.986197,V855
AP277596,Finance Approval,2024-09-20T10:20:07.290841,V855
AP277596,Vendor Master Data Review,2024-09-20T11:45:20.120984,V855
AP277596,Payment Terms Verification,2024-09-20T12:38:01.746584,V855
AP277596,GL Account Assignment,2024-09-20T13:41:15.125089,V855
AP277596,Cost Center Assignment,2024-09-20T15:21:10.302086,V855
AP277596,Payment Block Release,2024-09-20T15:40:56.110075,V855
AP277596,Payment Scheduled,2024-09-20T20:02:38.117651,V855
AP277596,Payment Executed,2024-09-21T00:49:08.031366,V855
AP277596,Payment Confirmed,2024-09-21T02:22:25.646437,V855
AP277596,Invoice Posted,2024-09-21T02:55:11.656172,V855
AP277596,Document Archived,2024-09-21T03:33:19.875995,V855
AP212149,Invoice Received,2024-09-20T12:46:59.847013,V449
AP212149,Invoice Scanned,2024-09-20T13:56:19.994053,V449
AP212149,Invoice Validation,2024-09-20T16:47:23.831368,V449
AP212149,Three-Way Match,2024-09-20T20:46:39.828571,V449
AP212149,Quantity Variance Check,2024-09-20T22:22:27.788078,V449
AP212149,Tax Calculation,2024-09-21T00:39:29.594890,V449
AP212149,Approval Requested,2024-09-21T01:47:00.855914,V449
AP212149,Manager Approval,2024-09-21T13:43:57.714349,V449
AP212149,Vendor Master Data Review,2024-09-21T16:02:31.188137,V449
AP212149,Payment Terms Verification,2024-09-21T16:51:29.632791,V449
AP212149,GL Account Assignment,2024-09-21T17:49:30.082365,V449
AP212149,Cost Center Assignment,2024-09-21T19:25:45.705611,V449
AP212149,Payment Block Release,2024-09-21T20:04:57.130347,V449
AP212149,Payment Scheduled,2024-09-22T00:29:20.499147,V449
AP212149,Payment Executed,2024-09-23T01:50:24.615541,V449
AP212149,Payment Confirmed,2024-09-23T03:01:30.802007,V449
AP212149,Invoice Posted,2024-09-23T04:42:19.081532,V449
AP212149,Document Archived,2024-09-23T05:32:49.495505,V449
AP367188,Invoice Received,2024-09-20T21:32:30.218390,V806
AP367188,Invoice Scanned,2024-09-20T21:54:46.750227,V806
AP367188,Invoice Validation,2024-09-21T00:31:24.342935,V806
AP367188,Approval Requested,2024-09-21T00:50:19.536867,V806
AP367188,Manager Approval,2024-09-21T21:23:30.851823,V806
AP367188,Vendor Master Data Review,2024-09-21T23:09:21.199010,V806
AP367188,Payment Terms Verification,2024-09-22T00:24:58.907313,V806
AP367188,GL Account Assignment,2024-09-22T01:16:09.685317,V806
AP367188,Cost Center Assignment,2024-09-22T02:08:06.798832,V806
AP367188,Payment Block Release,2024-09-22T02:22:47.162265,V806
AP367188,Payment Scheduled,2024-09-22T05:31:37.918528,V806
AP367188,Payment Executed,2024-09-22T19:41:22.809845,V806
AP367188,Payment Confirmed,2024-09-22T20:42:22.331832,V806
AP367188,Invoice Posted,2024-09-22T22:02:06.695809,V806
AP367188,Document Archived,2024-09-22T22:42:32.246831,V806
AP551750,Invoice Received,2024-09-22T10:23:26.896870,V675
AP551750,Invoice Scanned,2024-09-22T10:43:51.442868,V675
AP551750,Invoice Validation,2024-09-22T13:09:56.894174,V675
AP551750,Approval Requested,2024-09-22T13:33:24.552922,V675
AP551750,Manager Approval,2024-09-23T05:22:23.887921,V675
AP551750,Finance Approval,2024-09-23T21:55:32.754298,V675
AP551750,Vendor Master Data Review,2024-09-23T23:05:49.984441,V675
AP551750,Payment Terms Verification,2024-09-24T00:27:08.669647,V675
AP551750,GL Account Assignment,2024-09-24T01:21:25.674004,V675
AP551750,Cost Center Assignment,2024-09-24T03:15:50.936352,V675
AP551750,Payment Block Release,2024-09-24T04:03:40.725121,V675
AP551750,Payment Scheduled,2024-09-24T10:17:45.867687,V675
AP551750,Payment Executed,2024-09-25T00:40:31.921058,V675
AP551750,Payment Confirmed,2024-09-25T02:12:19.264647,V675
AP551750,Invoice Posted,2024-09-25T03:02:15.325741,V675
AP551750,Document Archived,2024-09-25T03:53:50.214450,V675
AP574329,Invoice Received,2024-09-23T09:04:58.227425,V669
AP574329,Invoice Scanned,2024-09-23T09:39:55.153308,V669
AP574329,Invoice Validation,2024-09-23T10:58:24.506290,V669
AP574329,Approval Requested,2024-09-23T11:40:32.014443,V669
AP574329,Manager Approval,2024-09-23T16:30:58.954551,V669
AP574329,Vendor Master Data Review,2024-09-23T17:13:56.062100,V669
AP574329,Payment Terms Verification,2024-09-23T18:52:46.234413,V669
AP574329,GL Account Assignment,2024-09-23T20:33:13.835783,V669
AP574329,Cost Center Assignment,2024-09-23T21:09:25.399895,V669
AP574329,Payment Block Release,2024-09-23T21:38:35.301054,V669
AP574329,Payment Scheduled,2024-09-24T03:13:29.341880,V669
AP574329,Payment Executed,2024-09-24T10:02:52.583222,V669
AP574329,Payment Confirmed,2024-09-24T10:39:50.825754,V669
AP574329,Invoice Posted,2024-09-24T12:13:20.009780,V669
AP574329,Document Archived,2024-09-24T12:56:08.451855,V669
AP714067,Invoice Received,2024-09-25T07:38:01.245451,V437
AP714067,Invoice Scanned,2024-09-25T08:30:51.410982,V437
AP714067,Invoice Validation,2024-09-25T11:39:00.296319,V437
AP714067,Approval Requested,2024-09-25T12:11:53.910890,V437
AP714067,Manager Approval,2024-09-26T14:44:21.594258,V437
AP714067,Finance Approval,2024-09-27T18:09:09.776856,V437
AP714067,Vendor Master Data Review,2024-09-27T21:01:22.021313,V437
AP714067,Payment Terms Verification,2024-09-27T23:23:03.221530,V437
AP714067,GL Account Assignment,2024-09-28T01:47:55.607972,V437
AP714067,Cost Center Assignment,2024-09-28T03:40:16.654575,V437
AP714067,Payment Block Release,2024-09-28T04:34:36.577631,V437
AP714067,Payment Scheduled,2024-09-28T10:44:40.930983,V437
AP714067,Payment Executed,2024-09-29T16:05:39.866740,V437
AP714067,Payment Confirmed,2024-09-29T18:15:22.473624,V437
AP714067,Invoice Posted,2024-09-29T19:36:27.688949,V437
AP714067,Document Archived,2024-09-29T20:10:14.084947,V437
AP315273,Invoice Received,2024-09-25T17:44:44.435001,V243
AP315273,Invoice Scanned,2024-09-25T18:28:59.016108,V243
AP315273,Invoice Validation,2024-09-25T22:01:37.633608,V243
AP315273,Approval Requested,2024-09-25T22:29:42.474350,V243
AP315273,Manager Approval,2024-09-26T16:55:46.188568,V243
AP315273,Vendor Master Data Review,2024-09-26T18:58:07.959015,V243
AP315273,Payment Terms Verification,2024-09-26T21:07:07.570761,V243
AP315273,GL Account Assignment,2024-09-26T22:01:13.947327,V243
AP315273,Cost Center Assignment,2024-09-26T22:45:20.525745,V243
AP315273,Payment Block Release,2024-09-26T23:40:19.936250,V243
AP315273,Payment Scheduled,2024-09-27T04:59:58.201978,V243
AP315273,Payment Executed,2024-09-28T01:50:00.176485,V243
AP315273,Payment Confirmed,2024-09-28T02:54:41.655794,V243
AP315273,Invoice Posted,2024-09-28T05:05:23.974264,V243
AP315273,Document Archived,2024-09-28T05:29:55.669262,V243
AP599938,Invoice Received,2024-09-27T08:58:56.311424,V394
AP599938,Invoice Scanned,2024-09-27T09:24:15.487466,V394
AP599938,Invoice Validation,2024-09-27T12:31:08.521808,V394
AP599938,Three-Way Match,2024-09-27T16:29:41.767487,V394
AP599938,Price Variance Check,2024-09-27T17:39:49.641713,V394
AP599938,Tax Calculation,2024-09-27T18:47:20.235440,V394
AP599938,Approval Requested,2024-09-27T19:30:37.946402,V394
AP599938,Manager Approval,2024-09-28T04:15:55.587130,V394
AP599938,Vendor Master Data Review,2024-09-28T05:58:11.708740,V394
AP599938,Payment Terms Verification,2024-09-28T06:50:02.626867,V394
AP599938,GL Account Assignment,2024-09-28T07:36:45.462894,V394
AP599938,Cost Center Assignment,2024-09-28T08:41:47.795773,V394
AP599938,Payment Block Release,2024-09-28T09:11:38.473199,V394
AP599938,Payment Scheduled,2024-09-28T14:47:18.106508,V394
AP599938,Payment Executed,2024-09-29T17:22:30.570002,V394
AP599938,Payment Confirmed,2024-09-29T19:34:46.993795,V394
AP599938,Invoice Posted,2024-09-29T20:08:50.511042,V394
AP599938,Document Archived,2024-09-29T21:13:54.099904,V394
AP655000,Invoice Received,2024-09-27T22:03:26.158884,V856
AP655000,Invoice Scanned,2024-09-27T22:54:45.178487,V856
AP655000,Invoice Validation,2024-09-28T02:07:49.915135,V856
AP655000,Three-Way Match,2024-09-28T06:24:06.790140,V856
AP655000,Quantity Variance Check,2024-09-28T07:31:39.977378,V856
AP655000,Tax Calculation,2024-09-28T08:14:15.589020,V856
AP655000,Approval Requested,2024-09-28T08:41:16.447206,V856
AP655000,Manager Approval,2024-09-29T04:47:12.158947,V856
AP655000,Vendor Master Data Review,2024-09-29T05:30:53.483003,V856
AP655000,Payment Terms Verification,2024-09-29T07:09:23.635048,V856
AP655000,GL Account Assignment,2024-09-29T08:24:56.079584,V856
AP655000,Cost Center Assignment,2024-09-29T09:56:35.561866,V856
AP655000,Payment Block Release,2024-09-29T10:49:01.000623,V856
AP655000,Payment Scheduled,2024-09-29T15:18:45.696239,V856
AP655000,Payment Executed,2024-09-30T15:28:04.436283,V856
AP655000,Payment Confirmed,2024-09-30T16:33:05.751148,V856
AP655000,Invoice Posted,2024-09-30T17:44:37.973577,V856
AP655000,Document Archived,2024-09-30T18:59:08.628783,V856
AP531165,Invoice Received,2024-09-28T01:36:21.549733,V911
AP531165,Invoice Scanned,2024-09-28T02:17:46.523292,V911
AP531165,Invoice Validation,2024-09-28T05:11:38.538774,V911
AP531165,Three-Way Match,2024-09-28T08:34:29.418941,V911
AP531165,Price Variance Check,2024-09-28T10:47:12.177148,V911
AP531165,Tax Calculation,2024-09-28T11:52:21.978170,V911
AP531165,Approval Requested,2024-09-28T12:22:20.422497,V911
AP531165,Manager Approval,2024-09-28T15:21:12.918219,V911
AP531165,Finance Approval,2024-09-29T22:41:07.518620,V911
AP531165,Vendor Master Data Review,2024-09-29T23:37:12.190266,V911
AP531165,Payment Terms Verification,2024-09-30T00:27:47.346028,V911
AP531165,GL Account Assignment,2024-09-30T01:02:01.834769,V911
AP531165,Cost Center Assignment,2024-09-30T01:34:04.233752,V911
AP531165,Payment Block Release,2024-09-30T02:16:23.980764,V911
AP531165,Payment Scheduled,2024-09-30T06:14:25.829323,V911
AP531165,Payment Executed,2024-09-30T17:55:42.674984,V911
AP531165,Payment Confirmed,2024-09-30T18:45:06.454987,V911
AP531165,Invoice Posted,2024-09-30T20:25:03.725743,V911
AP531165,Document Archived,2024-09-30T21:19:15.007271,V911
AP443346,Invoice Received,2024-09-29T08:04:15.516892,V498
AP443346,Invoice Scanned,2024-09-29T09:04:09.964319,V498
AP443346,Invoice Validation,2024-09-29T10:22:57.766026,V498
AP443346,Three-Way Match,2024-09-29T12:59:15.182103,V498
AP443346,Quantity Variance Check,2024-09-29T14:45:40.444873,V498
AP443346,Tax Calculation,2024-09-29T16:42:42.178336,V498
AP443346,Approval Requested,2024-09-29T17:29:55.043491,V498
AP443346,Manager Approval,2024-09-30T09:02:24.107046,V498
AP443346,Vendor Master Data Review,2024-09-30T10:51:21.392246,V498
AP443346,Payment Terms Verification,2024-09-30T13:14:01.804953,V498
AP443346,GL Account Assignment,2024-09-30T14:28:57.935078,V498
AP443346,Cost Center Assignment,2024-09-30T16:09:12.546791,V498
AP443346,Payment Block Release,2024-09-30T17:14:06.884101,V498
AP443346,Payment Scheduled,2024-09-30T22:17:32.782682,V498
AP443346,Payment Executed,2024-10-01T07:53:44.094956,V498
AP443346,Payment Confirmed,2024-10-01T08:24:12.484478,V498
AP443346,Invoice Posted,2024-10-01T09:23:04.176165,V498
AP443346,Document Archived,2024-10-01T09:51:20.958105,V498
AP454098,Invoice Received,2024-09-29T16:49:14.539717,V528
AP454098,Invoice Scanned,2024-09-29T17:31:41.099997,V528
AP454098,Invoice Validation,2024-09-29T19:58:57.156596,V528
AP454098,Three-Way Match,2024-09-29T22:13:30.814234,V528
AP454098,Tax Calculation,2024-09-29T23:01:47.236593,V528
AP454098,Approval Requested,2024-09-29T23:53:08.126680,V528
AP454098,Manager Approval,2024-09-30T03:29:56.597997,V528
AP454098,Vendor Master Data Review,2024-09-30T05:09:48.362317,V528
AP454098,Payment Terms Verification,2024-09-30T06:21:19.404306,V528
AP454098,GL Account Assignment,2024-09-30T07:09:17.674907,V528
AP454098,Cost Center Assignment,2024-09-30T08:40:54.972186,V528
AP454098,Payment Block Release,2024-09-30T09:11:18.433856,V528
AP454098,Payment Scheduled,2024-09-30T12:17:05.921231,V528
AP454098,Payment Executed,2024-09-30T19:05:09.726710,V528
AP454098,Payment Confirmed,2024-09-30T20:01:12.752792,V528
AP454098,Invoice Posted,2024-09-30T20:34:39.203173,V528
AP454098,Document Archived,2024-09-30T21:16:23.946309,V528
AP376596,Invoice Received,2024-09-30T02:20:23.367821,V397
AP376596,Invoice Scanned,2024-09-30T02:55:53.547495,V397
AP376596,Invoice Validation,2024-09-30T04:34:33.844149,V397
AP376596,Three-Way Match,2024-09-30T07:54:39.811380,V397
AP376596,Quantity Variance Check,2024-09-30T09:49:00.401372,V397
AP376596,Tax Calculation,2024-09-30T10:27:47.017544,V397
AP376596,Approval Requested,2024-09-30T10:42:38.171906,V397
AP376596,Manager Approval,2024-10-01T01:06:30.149237,V397
AP376596,Finance Approval,2024-10-01T17:41:14.130429,V397
AP376596,Vendor Master Data Review,2024-10-01T18:56:03.552579,V397
AP376596,Payment Terms Verification,2024-10-01T19:26:10.524313,V397
AP376596,GL Account Assignment,2024-10-01T20:23:19.211418,V397
AP376596,Cost Center Assignment,2024-10-01T21:41:52.161228,V397
AP376596,Payment Block Release,2024-10-01T22:22:37.184958,V397
AP376596,Payment Scheduled,2024-10-02T03:17:17.132574,V397
AP376596,Payment Executed,2024-10-02T16:40:45.248467,V397
AP376596,Payment Confirmed,2024-10-02T18:07:36.647165,V397
AP376596,Invoice Posted,2024-10-02T19:28:25.884758,V397
AP376596,Document Archived,2024-10-02T19:52:26.786283,V397
AP207944,Invoice Received,2024-10-01T23:30:46.878059,V401
AP207944,Invoice Scanned,2024-10-02T00:11:34.079166,V401
AP207944,Invoice Validation,2024-10-02T01:15:43.067356,V401
AP207944,Three-Way Match,2024-10-02T05:52:56.714390,V401
AP207944,Price Variance Check,2024-10-02T07:06:03.685156,V401
AP207944,Tax Calculation,2024-10-02T08:21:37.522289,V401
AP207944,Approval Requested,2024-10-02T09:06:06.181594,V401
AP207944,Manager Approval,2024-10-02T16:23:26.288899,V401
AP207944,Vendor Master Data Review,2024-10-02T17:39:47.564993,V401
AP207944,Payment Terms Verification,2024-10-02T18:51:48.065154,V401
AP207944,GL Account Assignment,2024-10-02T20:08:34.022598,V401
AP207944,Cost Center Assignment,2024-10-02T21:23:46.618868,V401
AP207944,Payment Block Release,2024-10-02T21:48:18.061287,V401
AP207944,Payment Scheduled,2024-10-03T04:19:05.122786,V401
AP207944,Payment Executed,2024-10-04T01:41:31.925380,V401
AP207944,Payment Confirmed,2024-10-04T03:29:04.758251,V401
AP207944,Invoice Posted,2024-10-04T04:06:00.609046,V401
AP207944,Document Archived,2024-10-04T04:30:46.612831,V401
AP476147,Invoice Received,2024-10-03T17:22:49.700237,V657
AP476147,Invoice Scanned,2024-10-03T18:01:08.823112,V657
AP476147,Invoice Validation,2024-10-03T19:29:31.745591,V657
AP476147,Approval Requested,2024-10-03T19:41:58.563504,V657
AP476147,Manager Approval,2024-10-04T10:07:27.255719,V657
AP476147,Finance Approval,2024-10-04T20:08:06.658886,V657
AP476147,Vendor Master Data Review,2024-10-04T21:52:10.829421,V657
AP476147,Payment Terms Verification,2024-10-04T22:26:28.960570,V657
AP476147,GL Account Assignment,2024-10-04T23:12:42.197670,V657
AP476147,Cost Center Assignment,2024-10-05T00:16:24.679135,V657
AP476147,Payment Block Release,2024-10-05T00:31:52.242544,V657
AP476147,Payment Scheduled,2024-10-05T02:40:38.230107,V657
AP476147,Payment Executed,2024-10-05T12:22:53.319162,V657
AP476147,Payment Confirmed,2024-10-05T12:46:19.415139,V657
AP476147,Invoice Posted,2024-10-05T14:05:24.061097,V657
AP476147,Document Archived,2024-10-05T14:45:59.636326,V657
AP150243,Invoice Received,2024-10-04T11:01:22.795386,V167
AP150243,Invoice Scanned,2024-10-04T11:27:12.827864,V167
AP150243,Invoice Validation,2024-10-04T14:56:19.883193,V167
AP150243,Three-Way Match,2024-10-04T18:41:58.857617,V167
AP150243,Price Variance Check,2024-10-04T21:29:33.311102,V167
AP150243,Tax Calculation,2024-10-04T22:31:25.995756,V167
AP150243,Approval Requested,2024-10-04T23:00:48.862400,V167
AP150243,Manager Approval,2024-10-05T13:09:18.366152,V167
AP150243,Finance Approval,2024-10-07T10:58:08.226974,V167
AP150243,Vendor Master Data Review,2024-10-07T12:38:20.729169,V167
AP150243,Payment Terms Verification,2024-10-07T14:21:55.205939,V167
AP150243,GL Account Assignment,2024-10-07T15:19:59.223280,V167
AP150243,Cost Center Assignment,2024-10-07T18:01:00.658730,V167
AP150243,Payment Block Release,2024-10-07T19:21:11.116743,V167
AP150243,Payment Scheduled,2024-10-07T22:52:26.981211,V167
AP150243,Payment Executed,2024-10-09T06:58:32.539836,V167
AP150243,Payment Confirmed,2024-10-09T09:14:43.942270,V167
AP150243,Invoice Posted,2024-10-09T09:57:33.142291,V167
AP150243,Document Archived,2024-10-09T10:45:40.943590,V167
AP589887,Invoice Received,2024-10-04T23:44:42.522424,V657
AP589887,Invoice Scanned,2024-10-05T01:08:12.265317,V657
AP589887,Invoice Validation,2024-10-05T02:25:12.027240,V657
AP589887,Three-Way Match,2024-10-05T05:45:46.050982,V657
AP589887,Tax Calculation,2024-10-05T07:57:13.324838,V657
AP589887,Approval Requested,2024-10-05T08:53:45.750704,V657
AP589887,Manager Approval,2024-10-05T16:09:58.613788,V657
AP589887,Vendor Master Data Review,2024-10-05T17:37:32.174935,V657
AP589887,Payment Terms Verification,2024-10-05T19:16:46.881338,V657
AP589887,GL Account Assignment,2024-10-05T20:03:56.234693,V657
AP589887,Cost Center Assignment,2024-10-05T20:49:44.553420,V657
AP589887,Payment Block Release,2024-10-05T21:17:09.028589,V657
AP589887,Payment Scheduled,2024-10-06T05:34:02.860154,V657
AP589887,Payment Executed,2024-10-07T02:12:07.932636,V657
AP589887,Payment Confirmed,2024-10-07T04:08:08.119861,V657
AP589887,Invoice Posted,2024-10-07T06:00:03.650890,V657
AP589887,Document Archived,2024-10-07T07:00:30.807019,V657
AP207309,Invoice Received,2024-10-06T17:33:47.031300,V743
AP207309,Invoice Scanned,2024-10-06T17:59:14.411271,V743
AP207309,Invoice Validation,2024-10-06T20:57:37.236611,V743
AP207309,Three-Way Match,2024-10-07T00:05:37.663194,V743
AP207309,Tax Calculation,2024-10-07T02:07:06.556041,V743
AP207309,Approval Requested,2024-10-07T02:58:02.310844,V743
AP207309,Manager Approval,2024-10-07T11:00:28.344406,V743
AP207309,Finance Approval,2024-10-09T11:12:30.341012,V743
AP207309,Vendor Master Data Review,2024-10-09T13:07:12.433787,V743
AP207309,Payment Terms Verification,2024-10-09T14:28:06.098864,V743
AP207309,GL Account Assignment,2024-10-09T15:52:14.473564,V743
AP207309,Cost Center Assignment,2024-10-09T17:44:49.613332,V743
AP207309,Payment Block Release,2024-10-09T18:32:08.427459,V743
AP207309,Payment Scheduled,2024-10-09T22:13:38.932722,V743
AP207309,Payment Executed,2024-10-10T05:20:08.600460,V743
AP207309,Payment Confirmed,2024-10-10T06:48:52.299172,V743
AP207309,Invoice Posted,2024-10-10T09:09:28.612242,V743
AP207309,Document Archived,2024-10-10T09:25:34.437438,V743
AP524604,Invoice Received,2024-10-08T16:58:26.048005,V683
AP524604,Invoice Scanned,2024-10-08T18:00:59.975962,V683
AP524604,Invoice Validation,2024-10-08T20:31:34.714242,V683
AP524604,Three-Way Match,2024-10-09T01:14:21.184880,V683
AP524604,Quantity Variance Check,2024-10-09T04:17:15.831223,V683
AP524604,Tax Calculation,2024-10-09T05:59:45.093334,V683
AP524604,Approval Requested,2024-10-09T06:17:40.477505,V683
AP524604,Manager Approval,2024-10-09T09:46:44.837717,V683
AP524604,Finance Approval,2024-10-11T05:55:14.529781,V683
AP524604,Vendor Master Data Review,2024-10-11T07:59:01.805287,V683
AP524604,Payment Terms Verification,2024-10-11T10:01:07.657919,V683
AP524604,GL Account Assignment,2024-10-11T11:04:35.492974,V683
AP524604,Cost Center Assignment,2024-10-11T13:12:10.793837,V683
AP524604,Payment Block Release,2024-10-11T14:05:23.102979,V683
AP524604,Payment Scheduled,2024-10-11T20:56:03.681256,V683
AP524604,Payment Executed,2024-10-13T04:36:37.537915,V683
AP524604,Payment Confirmed,2024-10-13T05:48:06.113792,V683
AP524604,Invoice Posted,2024-10-13T07:11:35.623192,V683
AP524604,Document Archived,2024-10-13T08:21:11.039531,V683
AP918149,Invoice Received,2024-10-08T21:22:51.640836,V179
AP918149,Invoice Scanned,2024-10-08T22:21:32.506057,V179
AP918149,Invoice Validation,2024-10-09T00:12:39.247162,V179
AP918149,Three-Way Match,2024-10-09T05:53:07.158099,V179
AP918149,Tax Calculation,2024-10-09T06:42:49.914225,V179
AP918149,Approval Requested,2024-10-09T07:23:41.296818,V179
AP918149,Manager Approval,2024-10-10T03:02:08.608996,V179
AP918149,Vendor Master Data Review,2024-10-10T03:33:55.702564,V179
AP918149,Payment Terms Verification,2024-10-10T05:09:55.375965,V179
AP918149,GL Account Assignment,2024-10-10T07:06:33.438168,V179
AP918149,Cost Center Assignment,2024-10-10T08:40:15.141241,V179
AP918149,Payment Block Release,2024-10-10T09:09:40.054688,V179
AP918149,Payment Scheduled,2024-10-10T14:23:49.719731,V179
AP918149,Payment Executed,2024-10-10T22:39:23.384605,V179
AP918149,Payment Confirmed,2024-10-10T23:26:39.783079,V179
AP918149,Invoice Posted,2024-10-11T00:35:05.802783,V179
AP918149,Document Archived,2024-10-11T01:29:36.789831,V179
AP816728,Invoice Received,2024-10-09T07:57:43.171737,V645
AP816728,Invoice Scanned,2024-10-09T08:31:13.921914,V645
AP816728,Invoice Validation,2024-10-09T10:43:31.444147,V645
AP816728,Three-Way Match,2024-10-09T12:23:46.551779,V645
AP816728,Price Variance Check,2024-10-09T14:23:08.577386,V645
AP816728,Tax Calculation,2024-10-09T15:40:23.994384,V645
AP816728,Approval Requested,2024-10-09T15:59:54.741515,V645
AP816728,Manager Approval,2024-10-10T06:34:43.354408,V645
AP816728,Vendor Master Data Review,2024-10-10T07:13:29.097738,V645
AP816728,Payment Terms Verification,2024-10-10T08:19:01.678225,V645
AP816728,GL Account Assignment,2024-10-10T09:49:59.219549,V645
AP816728,Cost Center Assignment,2024-10-10T10:54:05.782617,V645
AP816728,Payment Block Release,2024-10-10T11:26:03.675227,V645
AP816728,Payment Scheduled,2024-10-10T17:06:23.846241,V645
AP816728,Payment Executed,2024-10-11T00:33:51.527134,V645
AP816728,Payment Confirmed,2024-10-11T01:40:37.824680,V645
AP816728,Invoice Posted,2024-10-11T02:33:27.751723,V645
AP816728,Document Archived,2024-10-11T03:01:42.292533,V645
AP607771,Invoice Received,2024-10-11T03:44:35.265703,V268
AP607771,Invoice Scanned,2024-10-11T04:14:29.760445,V268
AP607771,Invoice Validation,2024-10-11T06:43:41.174773,V268
AP607771,Three-Way Match,2024-10-11T09:19:11.853486,V268
AP607771,Price Variance Check,2024-10-11T10:26:10.691229,V268
AP607771,Tax Calculation,2024-10-11T11:24:18.940848,V268
AP607771,Approval Requested,2024-10-11T11:57:28.604094,V268
AP607771,Manager Approval,2024-10-11T17:34:42.666315,V268
AP607771,Vendor Master Data Review,2024-10-11T18:07:01.716882,V268
AP607771,Payment Terms Verification,2024-10-11T19:38:40.977474,V268
AP607771,GL Account Assignment,2024-10-11T20:16:16.645282,V268
AP607771,Cost Center Assignment,2024-10-11T20:41:15.611508,V268
AP607771,Payment Block Release,2024-10-11T21:21:32.895155,V268
AP607771,Payment Scheduled,2024-10-12T01:45:04.714630,V268
AP607771,Payment Executed,2024-10-12T14:28:22.540815,V268
AP607771,Payment Confirmed,2024-10-12T15:05:29.150251,V268
AP607771,Invoice Posted,2024-10-12T16:16:14.643174,V268
AP607771,Document Archived,2024-10-12T16:31:30.604143,V268
AP548949,Invoice Received,2024-10-11T21:29:33.982027,V526
AP548949,Invoice Scanned,2024-10-11T22:25:16.862634,V526
AP548949,Invoice Validation,2024-10-12T01:14:42.435635,V526
AP548949,Three-Way Match,2024-10-12T06:08:48.334948,V526
AP548949,Price Variance Check,2024-10-12T09:38:39.579199,V526
AP548949,Tax Calculation,2024-10-12T11:01:25.236243,V526
AP548949,Approval Requested,2024-10-12T12:03:38.071499,V526
AP548949,Manager Approval,2024-10-13T05:53:01.596319,V526
AP548949,Finance Approval,2024-10-16T04:48:27.393072,V526
AP548949,Vendor Master Data Review,2024-10-16T07:00:39.451059,V526
AP548949,Payment Terms Verification,2024-10-16T08:04:15.590249,V526
AP548949,GL Account Assignment,2024-10-16T08:54:20.735562,V526
AP548949,Cost Center Assignment,2024-10-16T10:05:09.609510,V526
AP548949,Payment Block Release,2024-10-16T11:10:34.257275,V526
AP548949,Payment Scheduled,2024-10-16T22:04:14.277638,V526
AP548949,Payment Executed,2024-10-17T21:25:05.937261,V526
AP548949,Payment Confirmed,2024-10-17T22:30:10.014993,V526
AP548949,Invoice Posted,2024-10-18T00:27:31.117442,V526
AP548949,Document Archived,2024-10-18T00:51:15.193715,V526
AP714920,Invoice Received,2024-10-13T15:58:04.840761,V734
AP714920,Invoice Scanned,2024-10-13T17:01:47.757224,V734
AP714920,Invoice Validation,2024-10-13T19:30:21.110721,V734
AP714920,Three-Way Match,2024-10-14T01:38:08.403513,V734
AP714920,Price Variance Check,2024-10-14T02:35:39.246642,V734
AP714920,Tax Calculation,2024-10-14T03:59:19.003036,V734
AP714920,Approval Requested,2024-10-14T04:28:12.449780,V734
AP714920,Manager Approval,2024-10-14T21:36:30.311972,V734
AP714920,Vendor Master Data Review,2024-10-14T23:29:47.298161,V734
AP714920,Payment Terms Verification,2024-10-15T00:01:10.428028,V734
AP714920,GL Account Assignment,2024-10-15T01:26:02.241932,V734
AP714920,Cost Center Assignment,2024-10-15T02:02:29.284772,V734
AP714920,Payment Block Release,2024-10-15T02:19:35.222508,V734
AP714920,Payment Scheduled,2024-10-15T05:32:42.025202,V734
AP714920,Payment Executed,2024-10-15T09:25:43.308501,V734
AP714920,Payment Confirmed,2024-10-15T10:29:44.291420,V734
AP714920,Invoice Posted,2024-10-15T12:26:41.217766,V734
AP714920,Document Archived,2024-10-15T12:59:01.896823,V734
AP497315,Invoice Received,2024-10-14T11:03:20.082635,V258
AP497315,Invoice Scanned,2024-10-14T11:46:21.568980,V258
AP497315,Invoice Validation,2024-10-14T14:43:34.049984,V258
AP497315,Approval Requested,2024-10-14T15:27:09.248058,V258
AP497315,Manager Approval,2024-10-15T03:44:42.260261,V258
AP497315,Vendor Master Data Review,2024-10-15T04:25:04.640304,V258
AP497315,Payment Terms Verification,2024-10-15T05:45:51.857058,V258
AP497315,GL Account Assignment,2024-10-15T07:37:41.101288,V258
AP497315,Cost Center Assignment,2024-10-15T09:56:03.193015,V258
AP497315,Payment Block Release,2024-10-15T10:21:49.801825,V258
AP497315,Payment Scheduled,2024-10-15T16:00:47.256141,V258
AP497315,Payment Executed,2024-10-16T17:35:02.880692,V258
AP497315,Payment Confirmed,2024-10-16T19:23:24.394808,V258
AP497315,Invoice Posted,2024-10-16T20:41:47.660099,V258
AP497315,Document Archived,2024-10-16T21:04:00.900869,V258
AP705662,Invoice Received,2024-10-15T18:45:31.204649,V976
AP705662,Invoice Scanned,2024-10-15T19:13:26.082237,V976
AP705662,Invoice Validation,2024-10-15T22:26:09.571793,V976
AP705662,Approval Requested,2024-10-15T22:54:04.337868,V976
AP705662,Manager Approval,2024-10-16T22:16:07.190394,V976
AP705662,Finance Approval,2024-10-17T15:19:33.563928,V976
AP705662,Vendor Master Data Review,2024-10-17T16:52:13.223452,V976
AP705662,Payment Terms Verification,2024-10-17T18:11:33.539436,V976
AP705662,GL Account Assignment,2024-10-17T19:12:20.674272,V976
AP705662,Cost Center Assignment,2024-10-17T19:42:10.849665,V976
AP705662,Payment Block Release,2024-10-17T20:37:01.765867,V976
AP705662,Payment Scheduled,2024-10-18T00:49:49.896907,V976
AP705662,Payment Executed,2024-10-18T21:13:15.930505,V976
AP705662,Payment Confirmed,2024-10-18T22:46:50.050722,V976
AP705662,Invoice Posted,2024-10-18T23:35:41.494330,V976
AP705662,Document Archived,2024-10-18T23:57:24.372795,V976
AP674598,Invoice Received,2024-10-16T14:48:05.914997,V292
AP674598,Invoice Scanned,2024-10-16T15:43:03.973193,V292
AP674598,Invoice Validation,2024-10-16T20:34:39.414632,V292
AP674598,Three-Way Match,2024-10-17T01:52:52.803450,V292
AP674598,Price Variance Check,2024-10-17T05:25:23.713973,V292
AP674598,Tax Calculation,2024-10-17T06:53:23.745505,V292
AP674598,Approval Requested,2024-10-17T07:29:01.660857,V292
AP674598,Manager Approval,2024-10-18T12:47:05.822795,V292
AP674598,Vendor Master Data Review,2024-10-18T13:45:02.998278,V292
AP674598,Payment Terms Verification,2024-10-18T16:22:55.563532,V292
AP674598,GL Account Assignment,2024-10-18T18:48:17.590415,V292
AP674598,Cost Center Assignment,2024-10-18T19:42:08.973700,V292
AP674598,Payment Block Release,2024-10-18T20:17:22.184284,V292
AP674598,Payment Scheduled,2024-10-19T03:59:07.653685,V292
AP674598,Payment Executed,2024-10-20T02:47:41.379531,V292
AP674598,Payment Confirmed,2024-10-20T04:30:22.502137,V292
AP674598,Invoice Posted,2024-10-20T05:45:16.835483,V292
AP674598,Document Archived,2024-10-20T06:40:56.339606,V292
AP535771,Invoice Received,2024-10-17T20:29:31.500593,V581
AP535771,Invoice Scanned,2024-10-17T20:58:13.067996,V581
AP535771,Invoice Validation,2024-10-17T23:30:18.913910,V581
AP535771,Three-Way Match,2024-10-18T01:55:03.159607,V581
AP535771,Tax Calculation,2024-10-18T03:24:49.944390,V581
AP535771,Approval Requested,2024-10-18T03:39:14.295694,V581
AP535771,Manager Approval,2024-10-18T15:02:23.331896,V581
AP535771,Vendor Master Data Review,2024-10-18T15:39:07.481471,V581
AP535771,Payment Terms Verification,2024-10-18T16:34:46.030926,V581
AP535771,GL Account Assignment,2024-10-18T17:28:11.005355,V581
AP535771,Cost Center Assignment,2024-10-18T18:18:06.771153,V581
AP535771,Payment Block Release,2024-10-18T18:52:32.985677,V581
AP535771,Payment Scheduled,2024-10-18T21:16:43.357349,V581
AP535771,Payment Executed,2024-10-19T00:15:16.582283,V581
AP535771,Payment Confirmed,2024-10-19T01:21:27.457760,V581
AP535771,Invoice Posted,2024-10-19T02:00:11.718525,V581
AP535771,Document Archived,2024-10-19T02:12:31.720297,V581
AP453533,Invoice Received,2024-10-19T00:21:54.018491,V980
AP453533,Invoice Scanned,2024-10-19T00:41:47.998966,V980
AP453533,Invoice Validation,2024-10-19T04:20:43.196958,V980
AP453533,Approval Requested,2024-10-19T04:58:06.954269,V980
AP453533,Manager Approval,2024-10-19T21:53:13.126013,V980
AP453533,Vendor Master Data Review,2024-10-19T23:33:02.960797,V980
AP453533,Payment Terms Verification,2024-10-20T01:06:32.350739,V980
AP453533,GL Account Assignment,2024-10-20T02:38:55.335927,V980
AP453533,Cost Center Assignment,2024-10-20T03:24:56.052117,V980
AP453533,Payment Block Release,2024-10-20T03:51:29.738773,V980
AP453533,Payment Scheduled,2024-10-20T07:36:24.988361,V980
AP453533,Payment Executed,2024-10-21T03:29:51.767984,V980
AP453533,Payment Confirmed,2024-10-21T05:42:24.640973,V980
AP453533,Invoice Posted,2024-10-21T06:21:03.147717,V980
AP453533,Document Archived,2024-10-21T06:53:11.000921,V980
AP163238,Invoice Received,2024-10-19T10:31:32.790568,V270
AP163238,Invoice Scanned,2024-10-19T11:16:57.924898,V270
AP163238,Invoice Validation,2024-10-19T12:02:37.156607,V270
AP163238,Three-Way Match,2024-10-19T14:41:39.312883,V270
AP163238,Tax Calculation,2024-10-19T15:25:39.442841,V270
AP163238,Approval Requested,2024-10-19T16:10:32.458256,V270
AP163238,Manager Approval,2024-10-19T22:08:35.183280,V270
AP163238,Finance Approval,2024-10-20T08:19:57.322718,V270
AP163238,Vendor Master Data Review,2024-10-20T09:45:57.182737,V270
AP163238,Payment Terms Verification,2024-10-20T11:20:48.012149,V270
AP163238,GL Account Assignment,2024-10-20T12:42:19.623374,V270
AP163238,Cost Center Assignment,2024-10-20T13:42:10.052993,V270
AP163238,Payment Block Release,2024-10-20T14:06:47.907776,V270
AP163238,Payment Scheduled,2024-10-20T16:52:18.656525,V270
AP163238,Payment Executed,2024-10-21T07:48:31.089185,V270
AP163238,Payment Confirmed,2024-10-21T08:21:10.852080,V270
AP163238,Invoice Posted,2024-10-21T09:43:02.720047,V270
AP163238,Document Archived,2024-10-21T09:58:08.249555,V270
AP518002,Invoice Received,2024-10-21T01:31:04.256585,V382
AP518002,Invoice Scanned,2024-10-21T02:09:58.927895,V382
AP518002,Invoice Validation,2024-10-21T05:50:14.500681,V382
AP518002,Three-Way Match,2024-10-21T07:56:34.779815,V382
AP518002,Tax Calculation,2024-10-21T10:03:52.476058,V382
AP518002,Approval Requested,2024-10-21T10:23:18.969879,V382
AP518002,Manager Approval,2024-10-21T17:41:55.242113,V382
AP518002,Finance Approval,2024-10-21T23:50:52.499908,V382
AP518002,Vendor Master Data Review,2024-10-22T00:54:08.595891,V382
AP518002,Payment Terms Verification,2024-10-22T01:58:01.831638,V382
AP518002,GL Account Assignment,2024-10-22T03:13:38.940587,V382
AP518002,Cost Center Assignment,2024-10-22T04:00:35.518133,V382
AP518002,Payment Block Release,2024-10-22T04:30:39.812242,V382
AP518002,Payment Scheduled,2024-10-22T07:22:15.368438,V382
AP518002,Payment Executed,2024-10-22T10:59:07.611514,V382
AP518002,Payment Confirmed,2024-10-22T12:34:37.106342,V382
AP518002,Invoice Posted,2024-10-22T14:36:06.359556,V382
AP518002,Document Archived,2024-10-22T15:01:53.080745,V382
AP713571,Invoice Received,2024-10-21T22:14:25.244843,V165
AP713571,Invoice Scanned,2024-10-21T22:49:54.065633,V165
AP713571,Invoice Validation,2024-10-22T01:24:12.613447,V165
AP713571,Three-Way Match,2024-10-22T05:31:53.342795,V165
AP713571,Tax Calculation,2024-10-22T07:11:51.093485,V165
AP713571,Approval Requested,2024-10-22T07:57:43.858350,V165
AP713571,Manager Approval,2024-10-22T11:03:43.079017,V165
AP713571,Vendor Master Data Review,2024-10-22T12:55:11.207740,V165
AP713571,Payment Terms Verification,2024-10-22T15:00:02.834246,V165
AP713571,GL Account Assignment,2024-10-22T16:34:36.146834,V165
AP713571,Cost Center Assignment,2024-10-22T17:50:02.831893,V165
AP713571,Payment Block Release,2024-10-22T18:39:21.419976,V165
AP713571,Payment Scheduled,2024-10-23T01:24:34.537768,V165
AP713571,Payment Executed,2024-10-24T05:18:51.213924,V165
AP713571,Payment Confirmed,2024-10-24T06:40:51.132365,V165
AP713571,Invoice Posted,2024-10-24T08:32:04.110129,V165
AP713571,Document Archived,2024-10-24T09:25:38.378551,V165
AP406830,Invoice Received,2024-10-23T13:03:30.743789,V204
AP406830,Invoice Scanned,2024-10-23T13:26:08.070826,V204
AP406830,Invoice Validation,2024-10-23T15:38:49.441731,V204
AP406830,Three-Way Match,2024-10-23T18:09:07.857618,V204
AP406830,Price Variance Check,2024-10-23T21:05:17.844988,V204
AP406830,Tax Calculation,2024-10-23T22:31:37.680718,V204
AP406830,Approval Requested,2024-10-23T23:30:08.581320,V204
AP406830,Manager Approval,2024-10-24T20:03:27.724551,V204
AP406830,Finance Approval,2024-10-25T23:29:36.554542,V204
AP406830,Vendor Master Data Review,2024-10-26T00:01:33.185476,V204
AP406830,Payment Terms Verification,2024-10-26T01:47:01.182285,V204
AP406830,GL Account Assignment,2024-10-26T02:18:15.866039,V204
AP406830,Cost Center Assignment,2024-10-26T03:31:09.382503,V204
AP406830,Payment Block Release,2024-10-26T04:07:24.056075,V204
AP406830,Payment Scheduled,2024-10-26T13:05:40.927724,V204
AP406830,Payment Executed,2024-10-26T22:26:26.708111,V204
AP406830,Payment Confirmed,2024-10-26T23:50:59.756396,V204
AP406830,Invoice Posted,2024-10-27T01:29:08.310740,V204
AP406830,Document Archived,2024-10-27T01:52:59.513970,V204
AP756367,Invoice Received,2024-10-25T12:33:56.879425,V701
AP756367,Invoice Scanned,2024-10-25T13:32:54.168382,V701
AP756367,Invoice Validation,2024-10-25T17:55:45.296984,V701
AP756367,Three-Way Match,2024-10-25T20:44:43.823764,V701
AP756367,Quantity Variance Check,2024-10-25T23:20:48.915584,V701
AP756367,Tax Calculation,2024-10-26T01:17:28.806939,V701
AP756367,Approval Requested,2024-10-26T01:54:20.736570,V701
AP756367,Manager Approval,2024-10-26T08:25:31.915812,V701
AP756367,Finance Approval,2024-10-26T14:25:24.363899,V701
AP756367,Vendor Master Data Review,2024-10-26T15:09:06.330600,V701
AP756367,Payment Terms Verification,2024-10-26T16:02:40.221424,V701
AP756367,GL Account Assignment,2024-10-26T16:43:10.109300,V701
AP756367,Cost Center Assignment,2024-10-26T17:34:17.203659,V701
AP756367,Payment Block Release,2024-10-26T18:20:42.147027,V701
AP756367,Payment Scheduled,2024-10-26T23:37:09.648041,V701
AP756367,Payment Executed,2024-10-27T17:20:38.358987,V701
AP756367,Payment Confirmed,2024-10-27T19:03:32.096875,V701
AP756367,Invoice Posted,2024-10-27T19:31:43.924389,V701
AP756367,Document Archived,2024-10-27T20:14:17.222692,V701
AP471835,Invoice Received,2024-10-27T01:31:08.579832,V537
AP471835,Invoice Scanned,2024-10-27T01:56:19.363542,V537
AP471835,Invoice Validation,2024-10-27T05:42:42.785774,V537
AP471835,Three-Way Match,2024-10-27T09:15:40.736630,V537
AP471835,Tax Calculation,2024-10-27T11:08:36.663671,V537
AP471835,Approval Requested,2024-10-27T11:54:32.106888,V537
AP471835,Manager Approval,2024-10-28T18:03:29.732880,V537
AP471835,Vendor Master Data Review,2024-10-28T19:12:59.292446,V537
AP471835,Payment Terms Verification,2024-10-28T20:09:55.821277,V537
AP471835,GL Account Assignment,2024-10-28T20:47:58.171942,V537
AP471835,Cost Center Assignment,2024-10-28T21:22:33.872694,V537
AP471835,Payment Block Release,2024-10-28T21:42:43.145767,V537
AP471835,Payment Scheduled,2024-10-29T03:11:16.973673,V537
AP471835,Payment Executed,2024-10-29T17:59:43.416599,V537
AP471835,Payment Confirmed,2024-10-29T19:32:39.874363,V537
AP471835,Invoice Posted,2024-10-29T20:33:28.287178,V537
AP471835,Document Archived,2024-10-29T21:20:37.621735,V537
AP602816,Invoice Received,2024-10-28T21:01:26.092136,V254
AP602816,Invoice Scanned,2024-10-28T21:33:10.736847,V254
AP602816,Invoice Validation,2024-10-28T22:25:44.232526,V254
AP602816,Three-Way Match,2024-10-29T02:49:52.327033,V254
AP602816,Tax Calculation,2024-10-29T04:01:43.241366,V254
AP602816,Approval Requested,2024-10-29T04:39:32.393406,V254
AP602816,Manager Approval,2024-10-29T23:05:00.632887,V254
AP602816,Finance Approval,2024-10-30T10:44:03.988349,V254
AP602816,Vendor Master Data Review,2024-10-30T11:42:01.362647,V254
AP602816,Payment Terms Verification,2024-10-30T12:25:18.039854,V254
AP602816,GL Account Assignment,2024-10-30T13:19:33.951278,V254
AP602816,Cost Center Assignment,2024-10-30T14:01:19.615086,V254
AP602816,Payment Block Release,2024-10-30T14:20:57.033907,V254
AP602816,Payment Scheduled,2024-10-30T16:15:57.286300,V254
AP602816,Payment Executed,2024-10-30T22:01:38.030567,V254
AP602816,Payment Confirmed,2024-10-30T23:03:56.015659,V254
AP602816,Invoice Posted,2024-10-31T00:21:50.575284,V254
AP602816,Document Archived,2024-10-31T01:04:59.605404,V254
AP889586,Invoice Received,2024-10-29T04:38:01.407405,V659
AP889586,Invoice Scanned,2024-10-29T05:21:53.459902,V659
AP889586,Invoice Validation,2024-10-29T07:08:43.225767,V659
AP889586,Three-Way Match,2024-10-29T09:37:43.935039,V659
AP889586,Tax Calculation,2024-10-29T11:09:22.838139,V659
AP889586,Approval Requested,2024-10-29T11:56:45.115540,V659
AP889586,Manager Approval,2024-10-29T23:40:34.048887,V659
AP889586,Vendor Master Data Review,2024-10-30T00:54:16.966186,V659
AP889586,Payment Terms Verification,2024-10-30T01:49:16.306915,V659
AP889586,GL Account Assignment,2024-10-30T03:15:55.754399,V659
AP889586,Cost Center Assignment,2024-10-30T04:29:43.586513,V659
AP889586,Payment Block Release,2024-10-30T04:49:32.044117,V659
AP889586,Payment Scheduled,2024-10-30T07:03:12.918634,V659
AP889586,Payment Executed,2024-10-30T18:38:28.581724,V659
AP889586,Payment Confirmed,2024-10-30T19:33:38.116392,V659
AP889586,Invoice Posted,2024-10-30T20:29:06.731429,V659
AP889586,Document Archived,2024-10-30T20:41:11.773176,V659
AP663942,Invoice Received,2024-10-30T14:37:37.633275,V870
AP663942,Invoice Scanned,2024-10-30T15:02:21.701761,V870
AP663942,Invoice Validation,2024-10-30T16:15:30.553359,V870
AP663942,Three-Way Match,2024-10-30T18:47:01.273486,V870
AP663942,Quantity Variance Check,2024-10-30T19:47:11.688600,V870
AP663942,Tax Calculation,2024-10-30T20:30:07.553383,V870
AP663942,Approval Requested,2024-10-30T21:01:39.685785,V870
AP663942,Manager Approval,2024-10-31T05:37:17.093829,V870
AP663942,Vendor Master Data Review,2024-10-31T07:14:25.472981,V870
AP663942,Payment Terms Verification,2024-10-31T08:15:12.510212,V870
AP663942,GL Account Assignment,2024-10-31T09:35:39.149454,V870
AP663942,Cost Center Assignment,2024-10-31T10:57:55.329077,V870
AP663942,Payment Block Release,2024-10-31T11:28:22.523658,V870
AP663942,Payment Scheduled,2024-10-31T18:07:46.149072,V870
AP663942,Payment Executed,2024-11-01T02:25:52.470183,V870
AP663942,Payment Confirmed,2024-11-01T04:04:55.754455,V870
AP663942,Invoice Posted,2024-11-01T04:46:56.606377,V870
AP663942,Document Archived,2024-11-01T05:38:31.355653,V870
AP539074,Invoice Received,2024-11-01T04:38:11.027715,V444
AP539074,Invoice Scanned,2024-11-01T05:15:46.807758,V444
AP539074,Invoice Validation,2024-11-01T06:45:53.574788,V444
AP539074,Three-Way Match,2024-11-01T09:32:13.291261,V444
AP539074,Price Variance Check,2024-11-01T11:47:45.868746,V444
AP539074,Tax Calculation,2024-11-01T13:22:33.223126,V444
AP539074,Approval Requested,2024-11-01T14:04:25.485568,V444
AP539074,Manager Approval,2024-11-02T07:50:50.084636,V444
AP539074,Finance Approval,2024-11-02T23:10:09.146443,V444
AP539074,Vendor Master Data Review,2024-11-03T00:40:47.305457,V444
AP539074,Payment Terms Verification,2024-11-03T03:01:57.417134,V444
AP539074,GL Account Assignment,2024-11-03T04:06:10.239982,V444
AP539074,Cost Center Assignment,2024-11-03T06:00:26.687022,V444
AP539074,Payment Block Release,2024-11-03T06:44:24.979199,V444
AP539074,Payment Scheduled,2024-11-03T14:51:35.905659,V444
AP539074,Payment Executed,2024-11-04T00:09:04.556191,V444
AP539074,Payment Confirmed,2024-11-04T01:42:37.741474,V444
AP539074,Invoice Posted,2024-11-04T03:42:35.585427,V444
AP539074,Document Archived,2024-11-04T04:18:51.530124,V444
AP865929,Invoice Received,2024-11-01T14:50:34.623893,V213
AP865929,Invoice Scanned,2024-11-01T15:24:05.176983,V213
AP865929,Invoice Validation,2024-11-01T17:17:50.814841,V213
AP865929,Three-Way Match,2024-11-01T21:58:45.090313,V213
AP865929,Price Variance Check,2024-11-02T00:59:18.278055,V213
AP865929,Tax Calculation,2024-11-02T02:07:58.136144,V213
AP865929,Approval Requested,2024-11-02T02:37:27.894697,V213
AP865929,Manager Approval,2024-11-03T00:53:10.754440,V213
AP865929,Vendor Master Data Review,2024-11-03T02:15:51.662802,V213
AP865929,Payment Terms Verification,2024-11-03T02:59:50.584961,V213
AP865929,GL Account Assignment,2024-11-03T04:05:10.722464,V213
AP865929,Cost Center Assignment,2024-11-03T05:07:27.344302,V213
AP865929,Payment Block Release,2024-11-03T06:02:47.633392,V213
AP865929,Payment Scheduled,2024-11-03T09:51:19.762886,V213
AP865929,Payment Executed,2024-11-04T10:11:52.934467,V213
AP865929,Payment Confirmed,2024-11-04T12:43:43.667346,V213
AP865929,Invoice Posted,2024-11-04T14:27:12.468110,V213
AP865929,Document Archived,2024-11-04T15:33:17.722290,V213
AP878317,Invoice Received,2024-11-02T03:20:55.299733,V270
AP878317,Invoice Scanned,2024-11-02T03:54:24.451764,V270
AP878317,Invoice Validation,2024-11-02T04:58:05.105420,V270
AP878317,Approval Requested,2024-11-02T05:30:20.926449,V270
AP878317,Manager Approval,2024-11-02T18:24:07.020714,V270
AP878317,Finance Approval,2024-11-02T23:11:07.288188,V270
AP878317,Vendor Master Data Review,2024-11-02T23:41:24.913243,V270
AP878317,Payment Terms Verification,2024-11-03T00:29:54.219947,V270
AP878317,GL Account Assignment,2024-11-03T01:09:39.253812,V270
AP878317,Cost Center Assignment,2024-11-03T02:57:27.436896,V270
AP878317,Payment Block Release,2024-11-03T03:51:28.861901,V270
AP878317,Payment Scheduled,2024-11-03T09:33:36.619737,V270
AP878317,Payment Executed,2024-11-03T19:56:50.285266,V270
AP878317,Payment Confirmed,2024-11-03T21:48:21.187722,V270
AP878317,Invoice Posted,2024-11-03T22:24:27.409070,V270
AP878317,Document Archived,2024-11-03T23:10:37.748553,V270
AP661072,Invoice Received,2024-11-03T02:10:53.144456,V470
AP661072,Invoice Scanned,2024-11-03T02:58:00.957772,V470
AP661072,Invoice Validation,2024-11-03T06:41:21.375497,V470
AP661072,Approval Requested,2024-11-03T07:34:27.259820,V470
AP661072,Manager Approval,2024-11-03T13:18:47.157927,V470
AP661072,Vendor Master Data Review,2024-11-03T14:41:11.976542,V470
AP661072,Payment Terms Verification,2024-11-03T16:02:40.888125,V470
AP661072,GL Account Assignment,2024-11-03T18:26:59.103326,V470
AP661072,Cost Center Assignment,2024-11-03T20:52:27.210883,V470
AP661072,Payment Block Release,2024-11-03T21:33:41.035769,V470
AP661072,Payment Scheduled,2024-11-04T06:01:51.527621,V470
AP661072,Payment Executed,2024-11-05T08:47:30.390420,V470
AP661072,Payment Confirmed,2024-11-05T09:56:12.350002,V470
AP661072,Invoice Posted,2024-11-05T12:21:03.211138,V470
AP661072,Document Archived,2024-11-05T13:10:05.531276,V470
AP337380,Invoice Received,2024-11-03T09:44:11.158807,V706
AP337380,Invoice Scanned,2024-11-03T10:19:03.147796,V706
AP337380,Invoice Validation,2024-11-03T12:42:53.448989,V706
AP337380,Three-Way Match,2024-11-03T16:38:07.747041,V706
AP337380,Tax Calculation,2024-11-03T17:12:07.711094,V706
AP337380,Approval Requested,2024-11-03T18:01:13.878550,V706
AP337380,Manager Approval,2024-11-03T22:35:51.262098,V706
AP337380,Finance Approval,2024-11-04T04:59:36.086927,V706
AP337380,Vendor Master Data Review,2024-11-04T05:19:31.923881,V706
AP337380,Payment Terms Verification,2024-11-04T06:13:59.181705,V706
AP337380,GL Account Assignment,2024-11-04T06:43:42.068282,V706
AP337380,Cost Center Assignment,2024-11-04T08:24:41.945674,V706
AP337380,Payment Block Release,2024-11-04T08:56:43.453396,V706
AP337380,Payment Scheduled,2024-11-04T13:47:03.767715,V706
AP337380,Payment Executed,2024-11-04T17:38:58.979381,V706
AP337380,Payment Confirmed,2024-11-04T19:00:09.133422,V706
AP337380,Invoice Posted,2024-11-04T19:49:05.409208,V706
AP337380,Document Archived,2024-11-04T20:32:45.581448,V706
AP677064,Invoice Received,2024-11-04T00:39:20.528777,V756
AP677064,Invoice Scanned,2024-11-04T01:51:45.546225,V756
AP677064,Invoice Validation,2024-11-04T03:13:49.888153,V756
AP677064,Approval Requested,2024-11-04T04:31:21.270549,V756
AP677064,Manager Approval,2024-11-05T03:57:21.977379,V756
AP677064,Vendor Master Data Review,2024-11-05T05:05:08.535958,V756
AP677064,Payment Terms Verification,2024-11-05T06:41:06.119171,V756
AP677064,GL Account Assignment,2024-11-05T08:41:18.256440,V756
AP677064,Cost Center Assignment,2024-11-05T11:01:01.197731,V756
AP677064,Payment Block Release,2024-11-05T11:29:07.385826,V756
AP677064,Payment Scheduled,2024-11-05T17:53:00.383158,V756
AP677064,Payment Executed,2024-11-06T21:29:30.394250,V756
AP677064,Payment Confirmed,2024-11-06T23:35:04.185661,V756
AP677064,Invoice Posted,2024-11-07T00:49:59.561524,V756
AP677064,Document Archived,2024-11-07T01:57:21.517629,V756
AP485125,Invoice Received,2024-11-05T07:26:13.331895,V891
AP485125,Invoice Scanned,2024-11-05T07:47:53.471528,V891
AP485125,Invoice Validation,2024-11-05T10:39:57.789362,V891
AP485125,Three-Way Match,2024-11-05T13:44:31.654470,V891
AP485125,Price Variance Check,2024-11-05T14:59:58.969473,V891
AP485125,Tax Calculation,2024-11-05T16:40:02.727550,V891
AP485125,Approval Requested,2024-11-05T17:36:01.375608,V891
AP485125,Manager Approval,2024-11-06T06:30:43.812224,V891
AP485125,Vendor Master Data Review,2024-11-06T07:34:36.584897,V891
AP485125,Payment Terms Verification,2024-11-06T08:06:33.470847,V891
AP485125,GL Account Assignment,2024-11-06T09:19:17.947192,V891
AP485125,Cost Center Assignment,2024-11-06T09:51:40.618648,V891
AP485125,Payment Block Release,2024-11-06T10:43:03.619301,V891
AP485125,Payment Scheduled,2024-11-06T15:20:25.474397,V891
AP485125,Payment Executed,2024-11-07T00:44:42.631652,V891
AP485125,Payment Confirmed,2024-11-07T02:28:38.101126,V891
AP485125,Invoice Posted,2024-11-07T03:52:45.989703,V891
AP485125,Document Archived,2024-11-07T04:34:33.309084,V891
AP610297,Invoice Received,2024-11-06T09:01:04.160741,V567
AP610297,Invoice Scanned,2024-11-06T09:43:23.830564,V567
AP610297,Invoice Validation,2024-11-06T11:12:59.437412,V567
AP610297,Approval Requested,2024-11-06T11:58:18.633681,V567
AP610297,Manager Approval,2024-11-07T08:21:50.979966,V567
AP610297,Finance Approval,2024-11-08T00:40:44.207914,V567
AP610297,Vendor Master Data Review,2024-11-08T02:08:44.286606,V567
AP610297,Payment Terms Verification,2024-11-08T02:53:57.913221,V567
AP610297,GL Account Assignment,2024-11-08T05:17:02.730117,V567
AP610297,Cost Center Assignment,2024-11-08T07:10:41.408589,V567
AP610297,Payment Block Release,2024-11-08T08:02:40.745074,V567
AP610297,Payment Scheduled,2024-11-08T10:42:02.017821,V567
AP610297,Payment Executed,2024-11-08T15:43:18.141643,V567
AP610297,Payment Confirmed,2024-11-08T17:53:03.905593,V567
AP610297,Invoice Posted,2024-11-08T19:48:17.725474,V567
AP610297,Document Archived,2024-11-08T20:34:34.891650,V567
AP155407,Invoice Received,2024-11-07T19:26:36.289923,V570
AP155407,Invoice Scanned,2024-11-07T20:31:06.818783,V570
AP155407,Invoice Validation,2024-11-08T00:26:38.799154,V570
AP155407,Approval Requested,2024-11-08T01:16:40.000288,V570
AP155407,Manager Approval,2024-11-08T14:43:44.182185,V570
AP155407,Vendor Master Data Review,2024-11-08T15:49:51.830190,V570
AP155407,Payment Terms Verification,2024-11-08T16:49:00.107698,V570
AP155407,GL Account Assignment,2024-11-08T17:31:58.635772,V570
AP155407,Cost Center Assignment,2024-11-08T19:38:11.418955,V570
AP155407,Payment Block Release,2024-11-08T19:58:12.827365,V570
AP155407,Payment Scheduled,2024-11-09T02:24:40.158795,V570
AP155407,Payment Executed,2024-11-09T08:24:36.970192,V570
AP155407,Payment Confirmed,2024-11-09T09:09:58.213515,V570
AP155407,Invoice Posted,2024-11-09T11:15:41.467056,V570
AP155407,Document Archived,2024-11-09T11:53:18.827885,V570
AP932511,Invoice Received,2024-11-07T23:30:43.806003,V551
AP932511,Invoice Scanned,2024-11-07T23:43:00.850602,V551
AP932511,Invoice Validation,2024-11-08T01:07:30.822535,V551
AP932511,Approval Requested,2024-11-08T01:33:18.965055,V551
AP932511,Manager Approval,2024-11-08T05:04:34.661191,V551
AP932511,Vendor Master Data Review,2024-11-08T06:12:04.247346,V551
AP932511,Payment Terms Verification,2024-11-08T07:31:25.615009,V551
AP932511,GL Account Assignment,2024-11-08T08:38:46.761857,V551
AP932511,Cost Center Assignment,2024-11-08T10:12:26.910802,V551
AP932511,Payment Block Release,2024-11-08T10:40:43.652003,V551
AP932511,Payment Scheduled,2024-11-08T15:05:11.774273,V551
AP932511,Payment Executed,2024-11-09T09:03:57.824668,V551
AP932511,Payment Confirmed,2024-11-09T10:17:20.528906,V551
AP932511,Invoice Posted,2024-11-09T10:56:27.005950,V551
AP932511,Document Archived,2024-11-09T11:11:13.747711,V551
AP740442,Invoice Received,2024-11-08T04:10:24.052289,V512
AP740442,Invoice Scanned,2024-11-08T04:44:05.729637,V512
AP740442,Invoice Validation,2024-11-08T07:50:27.094252,V512
AP740442,Three-Way Match,2024-11-08T12:47:44.862046,V512
AP740442,Tax Calculation,2024-11-08T13:31:53.681806,V512
AP740442,Approval Requested,2024-11-08T13:59:40.711719,V512
AP740442,Manager Approval,2024-11-09T00:02:12.005653,V512
AP740442,Vendor Master Data Review,2024-11-09T02:24:55.304525,V512
AP740442,Payment Terms Verification,2024-11-09T04:18:51.658588,V512
AP740442,GL Account Assignment,2024-11-09T06:07:25.414960,V512
AP740442,Cost Center Assignment,2024-11-09T08:13:46.475078,V512
AP740442,Payment Block Release,2024-11-09T09:05:00.710718,V512
AP740442,Payment Scheduled,2024-11-09T11:12:59.125348,V512
AP740442,Payment Executed,2024-11-09T22:57:07.406937,V512
AP740442,Payment Confirmed,2024-11-10T00:02:31.531504,V512
AP740442,Invoice Posted,2024-11-10T01:02:43.237887,V512
AP740442,Document Archived,2024-11-10T01:28:57.682057,V512
AP902852,Invoice Received,2024-11-09T09:35:40.570071,V432
AP902852,Invoice Scanned,2024-11-09T10:26:44.083948,V432
AP902852,Invoice Validation,2024-11-09T13:31:36.048711,V432
AP902852,Three-Way Match,2024-11-09T16:11:41.832577,V432
AP902852,Tax Calculation,2024-11-09T16:57:43.156904,V432
AP902852,Approval Requested,2024-11-09T17:25:03.612528,V432
AP902852,Manager Approval,2024-11-10T07:23:15.471361,V432
AP902852,Vendor Master Data Review,2024-11-10T07:59:47.827287,V432
AP902852,Payment Terms Verification,2024-11-10T08:56:26.007286,V432
AP902852,GL Account Assignment,2024-11-10T10:59:22.670563,V432
AP902852,Cost Center Assignment,2024-11-10T11:36:08.573687,V432
AP902852,Payment Block Release,2024-11-10T11:56:42.195122,V432
AP902852,Payment Scheduled,2024-11-10T18:53:11.855524,V432
AP902852,Payment Executed,2024-11-10T23:22:00.509056,V432
AP902852,Payment Confirmed,2024-11-11T01:22:24.689614,V432
AP902852,Invoice Posted,2024-11-11T01:57:50.143271,V432
AP902852,Document Archived,2024-11-11T02:24:35.602786,V432
AP372241,Invoice Received,2024-11-11T09:05:01.968794,V550
AP372241,Invoice Scanned,2024-11-11T09:41:04.575379,V550
AP372241,Invoice Validation,2024-11-11T13:36:18.278163,V550
AP372241,Approval Requested,2024-11-11T14:16:33.502561,V550
AP372241,Manager Approval,2024-11-12T10:18:43.760555,V550
AP372241,Vendor Master Data Review,2024-11-12T10:50:39.059541,V550
AP372241,Payment Terms Verification,2024-11-12T11:22:24.784250,V550
AP372241,GL Account Assignment,2024-11-12T13:36:25.966557,V550
AP372241,Cost Center Assignment,2024-11-12T15:04:34.681857,V550
AP372241,Payment Block Release,2024-11-12T15:40:45.590113,V550
AP372241,Payment Scheduled,2024-11-13T01:20:14.673059,V550
AP372241,Payment Executed,2024-11-13T18:06:55.910637,V550
AP372241,Payment Confirmed,2024-11-13T18:46:58.913646,V550
AP372241,Invoice Posted,2024-11-13T21:12:28.670660,V550
AP372241,Document Archived,2024-11-13T21:47:10.851085,V550
AP896881,Invoice Received,2024-11-13T03:28:12.833347,V868
AP896881,Invoice Scanned,2024-11-13T03:52:41.293666,V868
AP896881,Invoice Validation,2024-11-13T05:33:14.134204,V868
AP896881,Three-Way Match,2024-11-13T11:01:28.726167,V868
AP896881,Price Variance Check,2024-11-13T13:37:19.201890,V868
AP896881,Tax Calculation,2024-11-13T14:20:27.660869,V868
AP896881,Approval Requested,2024-11-13T14:56:15.672897,V868
AP896881,Manager Approval,2024-11-13T23:38:35.039472,V868
AP896881,Finance Approval,2024-11-15T19:53:13.533239,V868
AP896881,Vendor Master Data Review,2024-11-15T21:43:46.013333,V868
AP896881,Payment Terms Verification,2024-11-15T23:40:49.016406,V868
AP896881,GL Account Assignment,2024-11-16T00:29:07.585203,V868
AP896881,Cost Center Assignment,2024-11-16T01:56:31.229049,V868
AP896881,Payment Block Release,2024-11-16T02:28:12.484956,V868
AP896881,Payment Scheduled,2024-11-16T09:24:20.906886,V868
AP896881,Payment Executed,2024-11-16T21:57:03.715363,V868
AP896881,Payment Confirmed,2024-11-16T22:44:05.460226,V868
AP896881,Invoice Posted,2024-11-16T23:30:08.084268,V868
AP896881,Document Archived,2024-11-17T00:44:52.390081,V868
AP997593,Invoice Received,2024-11-13T12:29:36.607648,V197
AP997593,Invoice Scanned,2024-11-13T12:52:56.715562,V197
AP997593,Invoice Validation,2024-11-13T16:18:34.466273,V197
AP997593,Three-Way Match,2024-11-13T22:28:40.079252,V197
AP997593,Tax Calculation,2024-11-13T23:50:25.583884,V197
AP997593,Approval Requested,2024-11-14T00:46:11.382019,V197
AP997593,Manager Approval,2024-11-14T07:46:54.291723,V197
AP997593,Vendor Master Data Review,2024-11-14T08:58:03.244193,V197
AP997593,Payment Terms Verification,2024-11-14T11:11:26.127872,V197
AP997593,GL Account Assignment,2024-11-14T13:38:14.978474,V197
AP997593,Cost Center Assignment,2024-11-14T15:15:04.756462,V197
AP997593,Payment Block Release,2024-11-14T15:38:39.969658,V197
AP997593,Payment Scheduled,2024-11-14T20:22:07.860454,V197
AP997593,Payment Executed,2024-11-15T21:10:16.851357,V197
AP997593,Payment Confirmed,2024-11-15T23:37:11.087444,V197
AP997593,Invoice Posted,2024-11-16T00:25:47.848599,V197
AP997593,Document Archived,2024-11-16T00:47:39.444299,V197
AP101150,Invoice Received,2024-11-14T11:49:51.046828,V555
AP101150,Invoice Scanned,2024-11-14T12:12:00.124897,V555
AP101150,Invoice Validation,2024-11-14T13:33:15.308318,V555
AP101150,Three-Way Match,2024-11-14T17:22:59.959171,V555
AP101150,Quantity Variance Check,2024-11-14T18:26:20.963311,V555
AP101150,Tax Calculation,2024-11-14T19:00:16.406754,V555
AP101150,Approval Requested,2024-11-14T19:11:46.567972,V555
AP101150,Manager Approval,2024-11-14T22:07:49.018284,V555
AP101150,Vendor Master Data Review,2024-11-14T23:06:10.749651,V555
AP101150,Payment Terms Verification,2024-11-15T00:34:25.551012,V555
AP101150,GL Account Assignment,2024-11-15T01:42:40.183444,V555
AP101150,Cost Center Assignment,2024-11-15T02:52:54.838353,V555
AP101150,Payment Block Release,2024-11-15T03:34:11.389164,V555
AP101150,Payment Scheduled,2024-11-15T09:31:16.377845,V555
AP101150,Payment Executed,2024-11-16T01:58:19.660182,V555
AP101150,Payment Confirmed,2024-11-16T03:36:55.745019,V555
AP101150,Invoice Posted,2024-11-16T05:05:37.163644,V555
AP101150,Document Archived,2024-11-16T05:33:54.248082,V555
AP638877,Invoice Received,2024-11-16T06:56:40.971832,V241
AP638877,Invoice Scanned,2024-11-16T07:20:09.606155,V241
AP638877,Invoice Validation,2024-11-16T10:57:13.630878,V241
AP638877,Approval Requested,2024-11-16T11:32:46.673021,V241
AP638877,Manager Approval,2024-11-16T20:37:00.489868,V241
AP638877,Vendor Master Data Review,2024-11-16T21:41:19.872659,V241
AP638877,Payment Terms Verification,2024-11-16T23:51:13.790150,V241
AP638877,GL Account Assignment,2024-11-17T01:37:09.891379,V241
AP638877,Cost Center Assignment,2024-11-17T03:14:49.765331,V241
AP638877,Payment Block Release,2024-11-17T03:43:32.186763,V241
AP638877,Payment Scheduled,2024-11-17T06:18:34.977550,V241
AP638877,Payment Executed,2024-11-18T14:40:52.871595,V241
AP638877,Payment Confirmed,2024-11-18T15:40:51.400920,V241
AP638877,Invoice Posted,2024-11-18T17:40:31.327506,V241
AP638877,Document Archived,2024-11-18T18:17:47.080828,V241
AP198080,Invoice Received,2024-11-16T11:07:33.001966,V527
AP198080,Invoice Scanned,2024-11-16T11:38:16.641885,V527
AP198080,Invoice Validation,2024-11-16T14:21:50.146327,V527
AP198080,Three-Way Match,2024-11-16T20:37:45.533889,V527
AP198080,Price Variance Check,2024-11-16T23:27:09.003923,V527
AP198080,Tax Calculation,2024-11-17T00:08:47.076469,V527
AP198080,Approval Requested,2024-11-17T00:36:34.666087,V527
AP198080,Manager Approval,2024-11-18T04:14:40.622028,V527
AP198080,Vendor Master Data Review,2024-11-18T05:37:10.444511,V527
AP198080,Payment Terms Verification,2024-11-18T07:28:32.227205,V527
AP198080,GL Account Assignment,2024-11-18T08:47:39.649445,V527
AP198080,Cost Center Assignment,2024-11-18T10:00:57.685031,V527
AP198080,Payment Block Release,2024-11-18T10:52:30.248531,V527
AP198080,Payment Scheduled,2024-11-18T14:32:21.273323,V527
AP198080,Payment Executed,2024-11-18T22:44:09.039988,V527
AP198080,Payment Confirmed,2024-11-19T00:09:28.197793,V527
AP198080,Invoice Posted,2024-11-19T01:35:37.390545,V527
AP198080,Document Archived,2024-11-19T02:41:33.893921,V527
AP834450,Invoice Received,2024-11-18T00:46:44.160761,V503
AP834450,Invoice Scanned,2024-11-18T01:23:49.460005,V503
AP834450,Invoice Validation,2024-11-18T03:51:54.089794,V503
AP834450,Three-Way Match,2024-11-18T09:16:58.603155,V503
AP834450,Quantity Variance Check,2024-11-18T13:05:48.513146,V503
AP834450,Tax Calculation,2024-11-18T13:55:58.023276,V503
AP834450,Approval Requested,2024-11-18T14:15:30.909512,V503
AP834450,Manager Approval,2024-11-19T02:30:12.422392,V503
AP834450,Finance Approval,2024-11-19T16:14:07.668752,V503
AP834450,Vendor Master Data Review,2024-11-19T17:12:27.008545,V503
AP834450,Payment Terms Verification,2024-11-19T18:21:10.451212,V503
AP834450,GL Account Assignment,2024-11-19T19:38:47.615308,V503
AP834450,Cost Center Assignment,2024-11-19T20:34:32.703370,V503
AP834450,Payment Block Release,2024-11-19T21:41:56.142808,V503
AP834450,Payment Scheduled,2024-11-20T03:55:29.260981,V503
AP834450,Payment Executed,2024-11-21T08:50:00.664420,V503
AP834450,Payment Confirmed,2024-11-21T10:47:14.542547,V503
AP834450,Invoice Posted,2024-11-21T12:05:46.347985,V503
AP834450,Document Archived,2024-11-21T12:59:54.069560,V503
AP351052,Invoice Received,2024-11-18T14:48:17.276357,V237
AP351052,Invoice Scanned,2024-11-18T15:22:07.189720,V237
AP351052,Invoice Validation,2024-11-18T17:38:19.848746,V237
AP351052,Three-Way Match,2024-11-18T20:27:11.557042,V237
AP351052,Tax Calculation,2024-11-18T20:55:42.151514,V237
AP351052,Approval Requested,2024-11-18T21:31:07.471440,V237
AP351052,Manager Approval,2024-11-19T05:56:53.366332,V237
AP351052,Vendor Master Data Review,2024-11-19T06:46:24.339086,V237
AP351052,Payment Terms Verification,2024-11-19T07:42:28.289321,V237
AP351052,GL Account Assignment,2024-11-19T08:49:31.626345,V237
AP351052,Cost Center Assignment,2024-11-19T10:11:26.357328,V237
AP351052,Payment Block Release,2024-11-19T10:56:08.925904,V237
AP351052,Payment Scheduled,2024-11-19T13:45:36.606961,V237
AP351052,Payment Executed,2024-11-20T00:12:27.312141,V237
AP351052,Payment Confirmed,2024-11-20T00:53:59.071723,V237
AP351052,Invoice Posted,2024-11-20T02:10:09.574560,V237
AP351052,Document Archived,2024-11-20T02:42:08.383052,V237
AP123200,Invoice Received,2024-11-18T22:28:03.715045,V648
AP123200,Invoice Scanned,2024-11-18T23:12:15.290069,V648
AP123200,Invoice Validation,2024-11-19T01:28:40.081942,V648
AP123200,Three-Way Match,2024-11-19T03:56:36.977153,V648
AP123200,Tax Calculation,2024-11-19T04:44:56.100398,V648
AP123200,Approval Requested,2024-11-19T05:08:40.018824,V648
AP123200,Manager Approval,2024-11-19T07:15:18.121845,V648
AP123200,Finance Approval,2024-11-19T20:10:39.048808,V648
AP123200,Vendor Master Data Review,2024-11-19T20:39:02.982674,V648
AP123200,Payment Terms Verification,2024-11-19T21:46:51.243636,V648
AP123200,GL Account Assignment,2024-11-19T22:30:41.010651,V648
AP123200,Cost Center Assignment,2024-11-19T23:40:38.645004,V648
AP123200,Payment Block Release,2024-11-19T23:58:37.471731,V648
AP123200,Payment Scheduled,2024-11-20T02:55:36.749615,V648
AP123200,Payment Executed,2024-11-20T13:20:52.557440,V648
AP123200,Payment Confirmed,2024-11-20T13:57:31.015289,V648
AP123200,Invoice Posted,2024-11-20T14:25:11.982860,V648
AP123200,Document Archived,2024-11-20T14:55:24.739652,V648
AP183257,Invoice Received,2024-11-19T17:14:36.711673,V477
AP183257,Invoice Scanned,2024-11-19T17:41:21.715672,V477
AP183257,Invoice Validation,2024-11-19T20:19:40.623696,V477
AP183257,Approval Requested,2024-11-19T20:38:45.395647,V477
AP183257,Manager Approval,2024-11-20T04:34:07.152022,V477
AP183257,Vendor Master Data Review,2024-11-20T05:53:20.912531,V477
AP183257,Payment Terms Verification,2024-11-20T06:33:52.410824,V477
AP183257,GL Account Assignment,2024-11-20T08:01:47.077692,V477
AP183257,Cost Center Assignment,2024-11-20T08:46:57.211818,V477
AP183257,Payment Block Release,2024-11-20T09:05:03.554818,V477
AP183257,Payment Scheduled,2024-11-20T11:02:18.573209,V477
AP183257,Payment Executed,2024-11-20T18:42:34.290476,V477
AP183257,Payment Confirmed,2024-11-20T19:15:16.783935,V477
AP183257,Invoice Posted,2024-11-20T20:41:02.219967,V477
AP183257,Document Archived,2024-11-20T20:56:23.760436,V477
AP441294,Invoice Received,2024-11-20T20:06:22.904184,V764
AP441294,Invoice Scanned,2024-11-20T20:46:45.136187,V764
AP441294,Invoice Validation,2024-11-20T22:40:33.969197,V764
AP441294,Three-Way Match,2024-11-21T01:50:04.269299,V764
AP441294,Price Variance Check,2024-11-21T03:13:21.644829,V764
AP441294,Tax Calculation,2024-11-21T04:18:59.598159,V764
AP441294,Approval Requested,2024-11-21T04:36:06.944572,V764
AP441294,Manager Approval,2024-11-21T17:00:32.200925,V764
AP441294,Finance Approval,2024-11-21T20:23:46.500762,V764
AP441294,Vendor Master Data Review,2024-11-21T21:11:28.178671,V764
AP441294,Payment Terms Verification,2024-11-21T22:06:01.223947,V764
AP441294,GL Account Assignment,2024-11-21T23:11:19.530801,V764
AP441294,Cost Center Assignment,2024-11-21T23:58:56.860490,V764
AP441294,Payment Block Release,2024-11-22T00:22:54.414642,V764
AP441294,Payment Scheduled,2024-11-22T05:54:47.560286,V764
AP441294,Payment Executed,2024-11-22T10:13:43.830274,V764
AP441294,Payment Confirmed,2024-11-22T11:19:59.613322,V764
AP441294,Invoice Posted,2024-11-22T12:42:47.297787,V764
AP441294,Document Archived,2024-11-22T13:05:44.168037,V764
AP332846,Invoice Received,2024-11-22T06:05:05.306870,V900
AP332846,Invoice Scanned,2024-11-22T06:28:33.856138,V900
AP332846,Invoice Validation,2024-11-22T09:50:23.751229,V900
AP332846,Three-Way Match,2024-11-22T14:55:38.105647,V900
AP332846,Price Variance Check,2024-11-22T18:02:44.986925,V900
AP332846,Tax Calculation,2024-11-22T20:36:04.854811,V900
AP332846,Approval Requested,2024-11-22T20:53:52.745345,V900
AP332846,Manager Approval,2024-11-23T10:13:29.816057,V900
AP332846,Vendor Master Data Review,2024-11-23T12:33:53.510812,V900
AP332846,Payment Terms Verification,2024-11-23T14:22:21.991207,V900
AP332846,GL Account Assignment,2024-11-23T16:48:45.072324,V900
AP332846,Cost Center Assignment,2024-11-23T19:09:37.583752,V900
AP332846,Payment Block Release,2024-11-23T20:15:34.811553,V900
AP332846,Payment Scheduled,2024-11-24T01:23:20.767798,V900
AP332846,Payment Executed,2024-11-24T11:52:10.317989,V900
AP332846,Payment Confirmed,2024-11-24T14:56:02.636768,V900
AP332846,Invoice Posted,2024-11-24T15:44:49.645946,V900
AP332846,Document Archived,2024-11-24T16:02:21.183390,V900
AP687426,Invoice Received,2024-11-23T12:29:30.698341,V786
AP687426,Invoice Scanned,2024-11-23T13:08:06.964330,V786
AP687426,Invoice Validation,2024-11-23T14:35:21.398512,V786
AP687426,Three-Way Match,2024-11-23T17:45:22.232765,V786
AP687426,Quantity Variance Check,2024-11-23T19:52:08.304194,V786
AP687426,Tax Calculation,2024-11-23T21:11:47.818184,V786
AP687426,Approval Requested,2024-11-23T21:51:54.393099,V786
AP687426,Manager Approval,2024-11-24T00:48:08.627783,V786
AP687426,Vendor Master Data Review,2024-11-24T01:34:53.735047,V786
AP687426,Payment Terms Verification,2024-11-24T02:03:05.837067,V786
AP687426,GL Account Assignment,2024-11-24T02:56:27.596040,V786
AP687426,Cost Center Assignment,2024-11-24T04:20:56.033070,V786
AP687426,Payment Block Release,2024-11-24T04:34:13.256347,V786
AP687426,Payment Scheduled,2024-11-24T07:53:02.050213,V786
AP687426,Payment Executed,2024-11-25T00:40:11.333508,V786
AP687426,Payment Confirmed,2024-11-25T02:02:55.901987,V786
AP687426,Invoice Posted,2024-11-25T02:34:07.136662,V786
AP687426,Document Archived,2024-11-25T02:46:45.047896,V786
AP791733,Invoice Received,2024-11-24T16:27:36.046016,V168
AP791733,Invoice Scanned,2024-11-24T16:47:49.371107,V168
AP791733,Invoice Validation,2024-11-24T18:55:22.937386,V168
AP791733,Three-Way Match,2024-11-25T00:06:10.340481,V168
AP791733,Tax Calculation,2024-11-25T01:25:46.359345,V168
AP791733,Approval Requested,2024-11-25T02:06:07.683688,V168
AP791733,Manager Approval,2024-11-25T12:54:10.256860,V168
AP791733,Finance Approval,2024-11-26T04:50:47.766668,V168
AP791733,Vendor Master Data Review,2024-11-26T05:26:18.434632,V168
AP791733,Payment Terms Verification,2024-11-26T06:11:52.223702,V168
AP791733,GL Account Assignment,2024-11-26T07:25:08.402281,V168
AP791733,Cost Center Assignment,2024-11-26T09:07:40.247206,V168
AP791733,Payment Block Release,2024-11-26T09:43:56.437874,V168
AP791733,Payment Scheduled,2024-11-26T14:39:01.257498,V168
AP791733,Payment Executed,2024-11-26T22:25:28.796787,V168
AP791733,Payment Confirmed,2024-11-26T23:31:33.878587,V168
AP791733,Invoice Posted,2024-11-27T01:03:03.400651,V168
AP791733,Document Archived,2024-11-27T01:42:48.828361,V168
AP660741,Invoice Received,2024-11-26T14:36:14.394553,V736
AP660741,Invoice Scanned,2024-11-26T15:32:04.692599,V736
AP660741,Invoice Validation,2024-11-26T18:43:26.335637,V736
AP660741,Three-Way Match,2024-11-26T21:11:14.998725,V736
AP660741,Price Variance Check,2024-11-26T23:19:00.866339,V736
AP660741,Tax Calculation,2024-11-27T01:10:27.061645,V736
AP660741,Approval Requested,2024-11-27T01:44:44.612623,V736
AP660741,Manager Approval,2024-11-27T04:02:24.936465,V736
AP660741,Finance Approval,2024-11-28T21:02:54.548640,V736
AP660741,Vendor Master Data Review,2024-11-28T22:11:54.414783,V736
AP660741,Payment Terms Verification,2024-11-28T23:26:38.136610,V736
AP660741,GL Account Assignment,2024-11-29T00:34:20.791234,V736
AP660741,Cost Center Assignment,2024-11-29T01:43:47.040251,V736
AP660741,Payment Block Release,2024-11-29T02:23:11.068852,V736
AP660741,Payment Scheduled,2024-11-29T07:27:34.043378,V736
AP660741,Payment Executed,2024-11-29T23:46:34.066700,V736
AP660741,Payment Confirmed,2024-11-30T00:41:15.289582,V736
AP660741,Invoice Posted,2024-11-30T01:15:14.853620,V736
AP660741,Document Archived,2024-11-30T01:43:27.411913,V736
AP875018,Invoice Received,2024-11-28T01:46:57.027342,V495
AP875018,Invoice Scanned,2024-11-28T02:43:54.755756,V495
AP875018,Invoice Validation,2024-11-28T05:48:40.427208,V495
AP875018,Three-Way Match,2024-11-28T10:03:52.096699,V495
AP875018,Price Variance Check,2024-11-28T12:32:36.027825,V495
AP875018,Tax Calculation,2024-11-28T13:15:57.621166,V495
AP875018,Approval Requested,2024-11-28T13:37:26.420736,V495
AP875018,Manager Approval,2024-11-28T23:53:35.500489,V495
AP875018,Vendor Master Data Review,2024-11-29T01:33:03.187726,V495
AP875018,Payment Terms Verification,2024-11-29T02:55:39.829398,V495
AP875018,GL Account Assignment,2024-11-29T04:12:08.016031,V495
AP875018,Cost Center Assignment,2024-11-29T05:15:40.804073,V495
AP875018,Payment Block Release,2024-11-29T05:46:45.251479,V495
AP875018,Payment Scheduled,2024-11-29T11:45:09.316766,V495
AP875018,Payment Executed,2024-11-29T18:04:43.729168,V495
AP875018,Payment Confirmed,2024-11-29T19:21:33.364466,V495
AP875018,Invoice Posted,2024-11-29T20:49:15.157824,V495
AP875018,Document Archived,2024-11-29T21:38:02.601343,V495
AP529830,Invoice Received,2024-11-28T23:14:24.316132,V370
AP529830,Invoice Scanned,2024-11-28T23:49:55.934577,V370
AP529830,Invoice Validation,2024-11-29T02:16:44.633516,V370
AP529830,Three-Way Match,2024-11-29T06:58:07.593528,V370
AP529830,Price Variance Check,2024-11-29T09:06:08.436948,V370
AP529830,Tax Calculation,2024-11-29T10:45:36.254504,V370
AP529830,Approval Requested,2024-11-29T11:00:24.384634,V370
AP529830,Manager Approval,2024-11-30T10:16:34.781172,V370
AP529830,Vendor Master Data Review,2024-11-30T10:43:44.645868,V370
AP529830,Payment Terms Verification,2024-11-30T12:09:44.312005,V370
AP529830,GL Account Assignment,2024-11-30T13:37:52.308563,V370
AP529830,Cost Center Assignment,2024-11-30T14:57:36.171522,V370
AP529830,Payment Block Release,2024-11-30T15:35:53.211299,V370
AP529830,Payment Scheduled,2024-11-30T17:10:17.725863,V370
AP529830,Payment Executed,2024-12-01T08:32:41.813286,V370
AP529830,Payment Confirmed,2024-12-01T09:06:59.223071,V370
AP529830,Invoice Posted,2024-12-01T09:31:54.213884,V370
AP529830,Document Archived,2024-12-01T10:12:12.757210,V370
AP449509,Invoice Received,2024-11-30T13:32:46.675783,V979
AP449509,Invoice Scanned,2024-11-30T13:59:32.534063,V979
AP449509,Invoice Validation,2024-11-30T16:37:49.794501,V979
AP449509,Three-Way Match,2024-11-30T22:39:13.062149,V979
AP449509,Price Variance Check,2024-12-01T00:19:49.540064,V979
AP449509,Tax Calculation,2024-12-01T01:43:51.377502,V979
AP449509,Approval Requested,2024-12-01T02:22:55.329494,V979
AP449509,Manager Approval,2024-12-01T06:05:42.193617,V979
AP449509,Vendor Master Data Review,2024-12-01T06:32:20.490179,V979
AP449509,Payment Terms Verification,2024-12-01T07:12:17.511018,V979
AP449509,GL Account Assignment,2024-12-01T08:21:29.542436,V979
AP449509,Cost Center Assignment,2024-12-01T09:08:13.352702,V979
AP449509,Payment Block Release,2024-12-01T09:26:17.595112,V979
AP449509,Payment Scheduled,2024-12-01T15:09:04.471272,V979
AP449509,Payment Executed,2024-12-02T08:52:45.525393,V979
AP449509,Payment Confirmed,2024-12-02T10:22:28.219974,V979
AP449509,Invoice Posted,2024-12-02T11:43:52.095789,V979
AP449509,Document Archived,2024-12-02T12:11:37.498386,V979
AP710865,Invoice Received,2024-11-30T22:26:51.889237,V151
AP710865,Invoice Scanned,2024-11-30T23:20:22.522096,V151
AP710865,Invoice Validation,2024-12-01T00:38:09.642854,V151
AP710865,Approval Requested,2024-12-01T01:17:09.649652,V151
AP710865,Manager Approval,2024-12-01T10:42:22.841532,V151
AP710865,Vendor Master Data Review,2024-12-01T12:42:03.648827,V151
AP710865,Payment Terms Verification,2024-12-01T14:14:56.387788,V151
AP710865,GL Account Assignment,2024-12-01T15:16:05.938631,V151
AP710865,Cost Center Assignment,2024-12-01T17:25:40.410115,V151
AP710865,Payment Block Release,2024-12-01T17:55:51.746944,V151
AP710865,Payment Scheduled,2024-12-01T21:25:12.631593,V151
AP710865,Payment Executed,2024-12-02T14:41:16.087056,V151
AP710865,Payment Confirmed,2024-12-02T16:37:55.843291,V151
AP710865,Invoice Posted,2024-12-02T17:40:31.416067,V151
AP710865,Document Archived,2024-12-02T18:39:40.725630,V151
AP111226,Invoice Received,2024-12-01T20:44:52.175542,V548
AP111226,Invoice Scanned,2024-12-01T21:26:54.430351,V548
AP111226,Invoice Validation,2024-12-02T00:11:05.717944,V548
AP111226,Three-Way Match,2024-12-02T02:45:40.747673,V548
AP111226,Tax Calculation,2024-12-02T03:22:16.760984,V548
AP111226,Approval Requested,2024-12-02T04:12:35.678591,V548
AP111226,Manager Approval,2024-12-02T06:22:02.189692,V548
AP111226,Vendor Master Data Review,2024-12-02T07:36:41.182475,V548
AP111226,Payment Terms Verification,2024-12-02T08:52:16.603411,V548
AP111226,GL Account Assignment,2024-12-02T10:35:50.968417,V548
AP111226,Cost Center Assignment,2024-12-02T11:03:39.477589,V548
AP111226,Payment Block Release,2024-12-02T11:26:09.989623,V548
AP111226,Payment Scheduled,2024-12-02T16:50:08.880866,V548
AP111226,Payment Executed,2024-12-03T12:11:59.173635,V548
AP111226,Payment Confirmed,2024-12-03T13:49:02.516642,V548
AP111226,Invoice Posted,2024-12-03T14:30:09.106496,V548
AP111226,Document Archived,2024-12-03T15:08:40.092712,V548
AP729900,Invoice Received,2024-12-02T10:15:56.820728,V982
AP729900,Invoice Scanned,2024-12-02T10:50:16.897565,V982
AP729900,Invoice Validation,2024-12-02T13:07:02.659120,V982
AP729900,Three-Way Match,2024-12-02T15:24:17.422778,V982
AP729900,Tax Calculation,2024-12-02T16:01:57.353734,V982
AP729900,Approval Requested,2024-12-02T16:58:45.728054,V982
AP729900,Manager Approval,2024-12-03T02:29:52.893069,V982
AP729900,Vendor Master Data Review,2024-12-03T04:17:37.430332,V982
AP729900,Payment Terms Verification,2024-12-03T04:59:00.144553,V982
AP729900,GL Account Assignment,2024-12-03T06:23:28.150799,V982
AP729900,Cost Center Assignment,2024-12-03T06:52:04.070600,V982
AP729900,Payment Block Release,2024-12-03T07:09:41.238935,V982
AP729900,Payment Scheduled,2024-12-03T09:58:54.094497,V982
AP729900,Payment Executed,2024-12-03T22:38:07.682632,V982
AP729900,Payment Confirmed,2024-12-04T00:09:58.792010,V982
AP729900,Invoice Posted,2024-12-04T01:01:07.589133,V982
AP729900,Document Archived,2024-12-04T01:21:16.388456,V982
AP208599,Invoice Received,2024-12-03T18:22:59.981545,V701
AP208599,Invoice Scanned,2024-12-03T18:40:04.611573,V701
AP208599,Invoice Validation,2024-12-03T21:17:45.527771,V701
AP208599,Three-Way Match,2024-12-03T23:20:39.587027,V701
AP208599,Price Variance Check,2024-12-04T00:24:59.445360,V701
AP208599,Tax Calculation,2024-12-04T00:58:46.389667,V701
AP208599,Approval Requested,2024-12-04T01:15:06.860213,V701
AP208599,Manager Approval,2024-12-04T09:23:35.703564,V701
AP208599,Vendor Master Data Review,2024-12-04T10:43:58.961148,V701
AP208599,Payment Terms Verification,2024-12-04T11:25:38.177754,V701
AP208599,GL Account Assignment,2024-12-04T12:38:33.891491,V701
AP208599,Cost Center Assignment,2024-12-04T13:31:12.861178,V701
AP208599,Payment Block Release,2024-12-04T13:57:18.864057,V701
AP208599,Payment Scheduled,2024-12-04T19:11:16.415100,V701
AP208599,Payment Executed,2024-12-05T07:07:00.680515,V701
AP208599,Payment Confirmed,2024-12-05T08:01:41.064409,V701
AP208599,Invoice Posted,2024-12-05T09:02:23.705627,V701
AP208599,Document Archived,2024-12-05T09:28:21.161106,V701
AP290483,Invoice Received,2024-12-04T16:38:55.921885,V506
AP290483,Invoice Scanned,2024-12-04T17:31:30.677952,V506
AP290483,Invoice Validation,2024-12-04T19:04:56.891436,V506
AP290483,Three-Way Match,2024-12-04T21:35:06.349833,V506
AP290483,Tax Calculation,2024-12-04T22:32:39.984315,V506
AP290483,Approval Requested,2024-12-04T23:02:10.641674,V506
AP290483,Manager Approval,2024-12-05T09:57:27.825657,V506
AP290483,Vendor Master Data Review,2024-12-05T11:09:48.886980,V506
AP290483,Payment Terms Verification,2024-12-05T11:42:57.113952,V506
AP290483,GL Account Assignment,2024-12-05T13:19:20.713885,V506
AP290483,Cost Center Assignment,2024-12-05T14:27:11.334901,V506
AP290483,Payment Block Release,2024-12-05T14:59:32.617752,V506
AP290483,Payment Scheduled,2024-12-05T20:56:32.114504,V506
AP290483,Payment Executed,2024-12-06T03:49:00.192424,V506
AP290483,Payment Confirmed,2024-12-06T05:04:46.796194,V506
AP290483,Invoice Posted,2024-12-06T05:39:18.951784,V506
AP290483,Document Archived,2024-12-06T05:54:33.091193,V506
AP333869,Invoice Received,2024-12-05T10:46:53.712470,V770
AP333869,Invoice Scanned,2024-12-05T11:27:52.509738,V770
AP333869,Invoice Validation,2024-12-05T14:03:22.050811,V770
AP333869,Three-Way Match,2024-12-05T16:06:23.859622,V770
AP333869,Tax Calculation,2024-12-05T16:39:41.729692,V770
AP333869,Approval Requested,2024-12-05T17:18:39.234572,V770
AP333869,Manager Approval,2024-12-06T01:02:21.879035,V770
AP333869,Vendor Master Data Review,2024-12-06T02:01:47.497899,V770
AP333869,Payment Terms Verification,2024-12-06T03:23:34.425884,V770
AP333869,GL Account Assignment,2024-12-06T04:25:30.262862,V770
AP333869,Cost Center Assignment,2024-12-06T05:33:56.581403,V770
AP333869,Payment Block Release,2024-12-06T06:23:30.955013,V770
AP333869,Payment Scheduled,2024-12-06T10:18:31.284436,V770
AP333869,Payment Executed,2024-12-07T05:46:44.929159,V770
AP333869,Payment Confirmed,2024-12-07T06:29:06.376119,V770
AP333869,Invoice Posted,2024-12-07T07:50:03.021714,V770
AP333869,Document Archived,2024-12-07T08:38:39.661563,V770
AP859400,Invoice Received,2024-12-06T02:55:13.521215,V232
AP859400,Invoice Scanned,2024-12-06T03:20:14.297754,V232
AP859400,Invoice Validation,2024-12-06T04:41:09.135147,V232
AP859400,Three-Way Match,2024-12-06T08:34:51.704836,V232
AP859400,Price Variance Check,2024-12-06T09:54:59.078088,V232
AP859400,Tax Calculation,2024-12-06T10:49:59.538374,V232
AP859400,Approval Requested,2024-12-06T11:50:32.527235,V232
AP859400,Manager Approval,2024-12-06T16:15:10.368138,V232
AP859400,Vendor Master Data Review,2024-12-06T17:03:32.591596,V232
AP859400,Payment Terms Verification,2024-12-06T18:30:46.814429,V232
AP859400,GL Account Assignment,2024-12-06T19:52:53.616326,V232
AP859400,Cost Center Assignment,2024-12-06T20:45:19.797913,V232
AP859400,Payment Block Release,2024-12-06T21:09:31.422641,V232
AP859400,Payment Scheduled,2024-12-07T04:12:49.340016,V232
AP859400,Payment Executed,2024-12-07T09:08:31.400584,V232
AP859400,Payment Confirmed,2024-12-07T09:50:07.875379,V232
AP859400,Invoice Posted,2024-12-07T10:29:31.045560,V232
AP859400,Document Archived,2024-12-07T10:48:43.341826,V232
AP676542,Invoice Received,2024-12-06T17:23:08.790511,V826
AP676542,Invoice Scanned,2024-12-06T18:48:07.421382,V826
AP676542,Invoice Validation,2024-12-06T22:50:13.824160,V826
AP676542,Three-Way Match,2024-12-07T01:40:17.927092,V826
AP676542,Quantity Variance Check,2024-12-07T03:23:41.152552,V826
AP676542,Tax Calculation,2024-12-07T04:24:47.645792,V826
AP676542,Approval Requested,2024-12-07T05:34:20.148456,V826
AP676542,Manager Approval,2024-12-08T00:58:37.509431,V826
AP676542,Vendor Master Data Review,2024-12-08T03:14:41.906335,V826
AP676542,Payment Terms Verification,2024-12-08T05:16:48.557465,V826
AP676542,GL Account Assignment,2024-12-08T06:12:44.702293,V826
AP676542,Cost Center Assignment,2024-12-08T08:46:31.536915,V826
AP676542,Payment Block Release,2024-12-08T09:23:04.878749,V826
AP676542,Payment Scheduled,2024-12-08T14:59:51.996172,V826
AP676542,Payment Executed,2024-12-08T21:14:31.441187,V826
AP676542,Payment Confirmed,2024-12-08T22:22:04.619186,V826
AP676542,Invoice Posted,2024-12-08T23:23:46.208998,V826
AP676542,Document Archived,2024-12-09T00:20:00.704445,V826
AP997726,Invoice Received,2024-12-08T13:25:06.710950,V164
AP997726,Invoice Scanned,2024-12-08T14:22:18.016036,V164
AP997726,Invoice Validation,2024-12-08T18:24:57.541938,V164
AP997726,Three-Way Match,2024-12-08T21:03:05.591958,V164
AP997726,Tax Calculation,2024-12-08T22:42:32.428464,V164
AP997726,Approval Requested,2024-12-08T23:45:51.501210,V164
AP997726,Manager Approval,2024-12-09T19:25:59.242897,V164
AP997726,Finance Approval,2024-12-10T06:27:07.348181,V164
AP997726,Vendor Master Data Review,2024-12-10T07:19:08.288034,V164
AP997726,Payment Terms Verification,2024-12-10T08:29:33.405363,V164
AP997726,GL Account Assignment,2024-12-10T09:46:39.831530,V164
AP997726,Cost Center Assignment,2024-12-10T10:54:14.402558,V164
AP997726,Payment Block Release,2024-12-10T11:13:03.696585,V164
AP997726,Payment Scheduled,2024-12-10T17:42:40.241610,V164
AP997726,Payment Executed,2024-12-11T16:29:57.157059,V164
AP997726,Payment Confirmed,2024-12-11T17:58:02.246009,V164
AP997726,Invoice Posted,2024-12-11T18:43:46.103197,V164
AP997726,Document Archived,2024-12-11T19:26:27.987684,V164
AP386081,Invoice Received,2024-12-10T11:08:32.117528,V787
AP386081,Invoice Scanned,2024-12-10T12:04:12.565549,V787
AP386081,Invoice Validation,2024-12-10T14:49:53.717369,V787
AP386081,Three-Way Match,2024-12-10T17:31:23.286120,V787
AP386081,Quantity Variance Check,2024-12-10T20:16:02.208794,V787
AP386081,Tax Calculation,2024-12-10T21:34:19.173792,V787
AP386081,Approval Requested,2024-12-10T21:51:12.197287,V787
AP386081,Manager Approval,2024-12-11T14:55:55.054627,V787
AP386081,Vendor Master Data Review,2024-12-11T16:40:28.847930,V787
AP386081,Payment Terms Verification,2024-12-11T17:45:14.990615,V787
AP386081,GL Account Assignment,2024-12-11T19:10:07.882963,V787
AP386081,Cost Center Assignment,2024-12-11T20:10:13.110701,V787
AP386081,Payment Block Release,2024-12-11T20:50:33.963547,V787
AP386081,Payment Scheduled,2024-12-12T03:20:04.110381,V787
AP386081,Payment Executed,2024-12-13T01:17:46.895776,V787
AP386081,Payment Confirmed,2024-12-13T01:47:33.981616,V787
AP386081,Invoice Posted,2024-12-13T03:17:30.695449,V787
AP386081,Document Archived,2024-12-13T03:43:50.604178,V787
AP132924,Invoice Received,2024-12-12T09:28:05.004866,V267
AP132924,Invoice Scanned,2024-12-12T09:57:44.779054,V267
AP132924,Invoice Validation,2024-12-12T10:54:23.861409,V267
AP132924,Three-Way Match,2024-12-12T15:20:06.771413,V267
AP132924,Price Variance Check,2024-12-12T16:38:00.719103,V267
AP132924,Tax Calculation,2024-12-12T17:58:58.147249,V267
AP132924,Approval Requested,2024-12-12T18:23:11.106606,V267
AP132924,Manager Approval,2024-12-13T07:24:21.311376,V267
AP132924,Vendor Master Data Review,2024-12-13T08:18:11.135725,V267
AP132924,Payment Terms Verification,2024-12-13T09:26:02.988948,V267
AP132924,GL Account Assignment,2024-12-13T09:58:17.570091,V267
AP132924,Cost Center Assignment,2024-12-13T10:43:10.509395,V267
AP132924,Payment Block Release,2024-12-13T10:57:15.725049,V267
AP132924,Payment Scheduled,2024-12-13T15:26:50.601698,V267
AP132924,Payment Executed,2024-12-14T07:40:37.827673,V267
AP132924,Payment Confirmed,2024-12-14T09:36:56.898925,V267
AP132924,Invoice Posted,2024-12-14T10:07:46.787569,V267
AP132924,Document Archived,2024-12-14T11:02:27.356546,V267
AP570627,Invoice Received,2024-12-13T17:48:43.135589,V683
AP570627,Invoice Scanned,2024-12-13T19:00:06.878785,V683
AP570627,Invoice Validation,2024-12-13T21:03:17.442634,V683
AP570627,Approval Requested,2024-12-13T21:24:00.533002,V683
AP570627,Manager Approval,2024-12-14T10:32:59.546357,V683
AP570627,Finance Approval,2024-12-15T04:06:54.450615,V683
AP570627,Vendor Master Data Review,2024-12-15T05:12:41.771773,V683
AP570627,Payment Terms Verification,2024-12-15T06:24:05.745119,V683
AP570627,GL Account Assignment,2024-12-15T07:58:47.652449,V683
AP570627,Cost Center Assignment,2024-12-15T09:55:41.039481,V683
AP570627,Payment Block Release,2024-12-15T10:38:30.092908,V683
AP570627,Payment Scheduled,2024-12-15T15:04:36.767118,V683
AP570627,Payment Executed,2024-12-16T13:04:24.246502,V683
AP570627,Payment Confirmed,2024-12-16T14:48:20.161549,V683
AP570627,Invoice Posted,2024-12-16T15:28:04.961093,V683
AP570627,Document Archived,2024-12-16T16:40:26.103349,V683
AP422230,Invoice Received,2024-12-14T10:56:25.493061,V591
AP422230,Invoice Scanned,2024-12-14T11:53:45.341563,V591
AP422230,Invoice Validation,2024-12-14T14:18:14.748006,V591
AP422230,Approval Requested,2024-12-14T15:21:15.644924,V591
AP422230,Manager Approval,2024-12-15T04:06:19.255837,V591
AP422230,Finance Approval,2024-12-16T01:07:30.130757,V591
AP422230,Vendor Master Data Review,2024-12-16T03:15:26.568583,V591
AP422230,Payment Terms Verification,2024-12-16T03:48:09.202737,V591
AP422230,GL Account Assignment,2024-12-16T04:34:58.151486,V591
AP422230,Cost Center Assignment,2024-12-16T07:06:33.514962,V591
AP422230,Payment Block Release,2024-12-16T07:58:02.545263,V591
AP422230,Payment Scheduled,2024-12-16T13:45:05.260371,V591
AP422230,Payment Executed,2024-12-17T11:50:41.578145,V591
AP422230,Payment Confirmed,2024-12-17T13:34:51.778680,V591
AP422230,Invoice Posted,2024-12-17T14:36:51.782455,V591
AP422230,Document Archived,2024-12-17T15:07:46.625020,V591
AP221274,Invoice Received,2024-12-14T18:48:07.604571,V614
AP221274,Invoice Scanned,2024-12-14T19:08:18.258290,V614
AP221274,Invoice Validation,2024-12-14T22:37:54.202192,V614
AP221274,Three-Way Match,2024-12-15T01:25:04.778726,V614
AP221274,Price Variance Check,2024-12-15T03:59:48.329905,V614
AP221274,Tax Calculation,2024-12-15T05:03:37.478990,V614
AP221274,Approval Requested,2024-12-15T05:54:43.134145,V614
AP221274,Manager Approval,2024-12-15T11:53:34.845393,V614
AP221274,Vendor Master Data Review,2024-12-15T13:02:07.303109,V614
AP221274,Payment Terms Verification,2024-12-15T14:28:03.291696,V614
AP221274,GL Account Assignment,2024-12-15T16:25:33.835359,V614
AP221274,Cost Center Assignment,2024-12-15T17:55:31.300006,V614
AP221274,Payment Block Release,2024-12-15T18:17:28.116279,V614
AP221274,Payment Scheduled,2024-12-16T02:58:09.678944,V614
AP221274,Payment Executed,2024-12-17T02:37:27.967896,V614
AP221274,Payment Confirmed,2024-12-17T03:44:23.966271,V614
AP221274,Invoice Posted,2024-12-17T05:05:59.174365,V614
AP221274,Document Archived,2024-12-17T05:30:13.771473,V614
AP967392,Invoice Received,2024-12-15T19:01:35.974704,V668
AP967392,Invoice Scanned,2024-12-15T19:24:15.642035,V668
AP967392,Invoice Validation,2024-12-15T21:30:42.935018,V668
AP967392,Approval Requested,2024-12-15T22:18:11.142349,V668
AP967392,Manager Approval,2024-12-16T09:27:01.185295,V668
AP967392,Vendor Master Data Review,2024-12-16T10:05:29.504085,V668
AP967392,Payment Terms Verification,2024-12-16T11:10:08.531815,V668
AP967392,GL Account Assignment,2024-12-16T12:44:06.454658,V668
AP967392,Cost Center Assignment,2024-12-16T13:34:15.488383,V668
AP967392,Payment Block Release,2024-12-16T13:50:50.178426,V668
AP967392,Payment Scheduled,2024-12-16T18:22:37.369836,V668
AP967392,Payment Executed,2024-12-17T17:16:28.680970,V668
AP967392,Payment Confirmed,2024-12-17T19:06:28.785187,V668
AP967392,Invoice Posted,2024-12-17T20:37:44.043665,V668
AP967392,Document Archived,2024-12-17T20:58:02.415019,V668
AP657099,Invoice Received,2024-12-16T23:30:14.230923,V339
AP657099,Invoice Scanned,2024-12-16T23:46:19.194299,V339
AP657099,Invoice Validation,2024-12-17T02:30:43.564415,V339
AP657099,Three-Way Match,2024-12-17T06:54:41.599431,V339
AP657099,Tax Calculation,2024-12-17T08:11:31.030040,V339
AP657099,Approval Requested,2024-12-17T09:16:33.168696,V339
AP657099,Manager Approval,2024-12-17T20:43:25.095364,V339
AP657099,Finance Approval,2024-12-19T14:31:30.104798,V339
AP657099,Vendor Master Data Review,2024-12-19T15:49:37.967422,V339
AP657099,Payment Terms Verification,2024-12-19T17:12:53.232259,V339
AP657099,GL Account Assignment,2024-12-19T17:54:22.158862,V339
AP657099,Cost Center Assignment,2024-12-19T18:34:22.410572,V339
AP657099,Payment Block Release,2024-12-19T19:16:08.226776,V339
AP657099,Payment Scheduled,2024-12-20T00:04:11.870686,V339
AP657099,Payment Executed,2024-12-20T12:49:27.956024,V339
AP657099,Payment Confirmed,2024-12-20T14:53:58.923407,V339
AP657099,Invoice Posted,2024-12-20T16:58:42.398278,V339
AP657099,Document Archived,2024-12-20T17:49:35.169121,V339
AP316122,Invoice Received,2024-12-17T16:09:39.784871,V535
AP316122,Invoice Scanned,2024-12-17T16:35:59.447031,V535
AP316122,Invoice Validation,2024-12-17T19:16:59.116964,V535
AP316122,Three-Way Match,2024-12-17T22:48:55.487912,V535
AP316122,Tax Calculation,2024-12-17T23:15:45.069146,V535
AP316122,Approval Requested,2024-12-18T00:03:05.503747,V535
AP316122,Manager Approval,2024-12-18T07:33:58.918036,V535
AP316122,Vendor Master Data Review,2024-12-18T08:45:05.957683,V535
AP316122,Payment Terms Verification,2024-12-18T10:06:49.800347,V535
AP316122,GL Account Assignment,2024-12-18T11:21:06.230705,V535
AP316122,Cost Center Assignment,2024-12-18T12:18:53.629832,V535
AP316122,Payment Block Release,2024-12-18T12:38:43.146634,V535
AP316122,Payment Scheduled,2024-12-18T16:33:44.146853,V535
AP316122,Payment Executed,2024-12-18T21:48:09.651006,V535
AP316122,Payment Confirmed,2024-12-18T22:54:32.717170,V535
AP316122,Invoice Posted,2024-12-18T23:57:43.498058,V535
AP316122,Document Archived,2024-12-19T00:29:24.419297,V535
AP227780,Invoice Received,2024-12-19T00:54:16.335886,V689
AP227780,Invoice Scanned,2024-12-19T01:46:05.866239,V689
AP227780,Invoice Validation,2024-12-19T04:58:47.791623,V689
AP227780,Three-Way Match,2024-12-19T07:24:52.483415,V689
AP227780,Tax Calculation,2024-12-19T07:49:22.521250,V689
AP227780,Approval Requested,2024-12-19T08:40:45.938514,V689
AP227780,Manager Approval,2024-12-19T21:27:44.662529,V689
AP227780,Vendor Master Data Review,2024-12-19T22:56:04.658624,V689
AP227780,Payment Terms Verification,2024-12-19T23:31:28.718258,V689
AP227780,GL Account Assignment,2024-12-20T01:02:27.822035,V689
AP227780,Cost Center Assignment,2024-12-20T01:56:40.738345,V689
AP227780,Payment Block Release,2024-12-20T02:14:14.638139,V689
AP227780,Payment Scheduled,2024-12-20T07:17:52.344765,V689
AP227780,Payment Executed,2024-12-20T15:26:46.580090,V689
AP227780,Payment Confirmed,2024-12-20T16:44:09.627464,V689
AP227780,Invoice Posted,2024-12-20T18:42:04.723428,V689
AP227780,Document Archived,2024-12-20T19:14:51.186885,V689
AP504576,Invoice Received,2024-12-20T00:01:28.740403,V940
AP504576,Invoice Scanned,2024-12-20T00:31:59.324706,V940
AP504576,Invoice Validation,2024-12-20T02:13:28.870551,V940
AP504576,Approval Requested,2024-12-20T02:53:22.407224,V940
AP504576,Manager Approval,2024-12-20T22:03:57.373386,V940
AP504576,Finance Approval,2024-12-21T02:02:48.421546,V940
AP504576,Vendor Master Data Review,2024-12-21T03:54:28.700647,V940
AP504576,Payment Terms Verification,2024-12-21T04:42:40.931800,V940
AP504576,GL Account Assignment,2024-12-21T05:19:38.253081,V940
AP504576,Cost Center Assignment,2024-12-21T06:57:24.684893,V940
AP504576,Payment Block Release,2024-12-21T07:48:23.088261,V940
AP504576,Payment Scheduled,2024-12-21T14:08:50.049184,V940
AP504576,Payment Executed,2024-12-22T00:57:36.903826,V940
AP504576,Payment Confirmed,2024-12-22T01:54:19.566849,V940
AP504576,Invoice Posted,2024-12-22T02:41:53.067765,V940
AP504576,Document Archived,2024-12-22T03:10:12.565426,V940
AP610243,Invoice Received,2024-12-21T00:22:30.741242,V529
AP610243,Invoice Scanned,2024-12-21T01:01:48.465798,V529
AP610243,Invoice Validation,2024-12-21T02:15:25.004754,V529
AP610243,Approval Requested,2024-12-21T02:34:12.562720,V529
AP610243,Manager Approval,2024-12-21T04:28:50.005629,V529
AP610243,Vendor Master Data Review,2024-12-21T05:20:50.318184,V529
AP610243,Payment Terms Verification,2024-12-21T06:52:16.547181,V529
AP610243,GL Account Assignment,2024-12-21T08:41:28.283666,V529
AP610243,Cost Center Assignment,2024-12-21T09:18:28.233940,V529
AP610243,Payment Block Release,2024-12-21T10:04:25.412166,V529
AP610243,Payment Scheduled,2024-12-21T16:26:37.210340,V529
AP610243,Payment Executed,2024-12-22T07:33:30.542769,V529
AP610243,Payment Confirmed,2024-12-22T08:25:54.711153,V529
AP610243,Invoice Posted,2024-12-22T09:38:01.210069,V529
AP610243,Document Archived,2024-12-22T09:58:10.669275,V529
AP225638,Invoice Received,2024-12-21T22:13:10.773100,V907
AP225638,Invoice Scanned,2024-12-21T22:42:46.581128,V907
AP225638,Invoice Validation,2024-12-22T00:36:36.129921,V907
AP225638,Three-Way Match,2024-12-22T06:27:31.597832,V907
AP225638,Quantity Variance Check,2024-12-22T07:51:10.356049,V907
AP225638,Tax Calculation,2024-12-22T08:53:47.637983,V907
AP225638,Approval Requested,2024-12-22T09:16:18.842872,V907
AP225638,Manager Approval,2024-12-22T11:20:54.935446,V907
AP225638,Finance Approval,2024-12-22T14:52:01.426635,V907
AP225638,Vendor Master Data Review,2024-12-22T16:39:52.961343,V907
AP225638,Payment Terms Verification,2024-12-22T18:04:22.825640,V907
AP225638,GL Account Assignment,2024-12-22T19:20:08.070286,V907
AP225638,Cost Center Assignment,2024-12-22T21:19:58.326110,V907
AP225638,Payment Block Release,2024-12-22T21:40:31.942242,V907
AP225638,Payment Scheduled,2024-12-23T00:30:27.643402,V907
AP225638,Payment Executed,2024-12-23T17:12:56.233762,V907
AP225638,Payment Confirmed,2024-12-23T18:02:19.642977,V907
AP225638,Invoice Posted,2024-12-23T19:35:47.128709,V907
AP225638,Document Archived,2024-12-23T20:14:59.820314,V907
AP351865,Invoice Received,2024-12-22T10:35:33.514805,V960
AP351865,Invoice Scanned,2024-12-22T11:06:55.494637,V960
AP351865,Invoice Validation,2024-12-22T13:26:38.358049,V960
AP351865,Three-Way Match,2024-12-22T16:50:12.399206,V960
AP351865,Tax Calculation,2024-12-22T17:39:54.221267,V960
AP351865,Approval Requested,2024-12-22T18:02:17.903613,V960
AP351865,Manager Approval,2024-12-22T22:09:43.029357,V960
AP351865,Vendor Master Data Review,2024-12-22T23:34:49.039349,V960
AP351865,Payment Terms Verification,2024-12-23T00:00:18.965496,V960
AP351865,GL Account Assignment,2024-12-23T00:57:00.382483,V960
AP351865,Cost Center Assignment,2024-12-23T01:55:55.188747,V960
AP351865,Payment Block Release,2024-12-23T02:16:49.875460,V960
AP351865,Payment Scheduled,2024-12-23T04:48:46.822879,V960
AP351865,Payment Executed,2024-12-23T15:20:13.027043,V960
AP351865,Payment Confirmed,2024-12-23T15:49:47.508919,V960
AP351865,Invoice Posted,2024-12-23T16:11:53.567816,V960
AP351865,Document Archived,2024-12-23T16:38:11.935552,V960
AP529150,Invoice Received,2024-12-23T21:58:55.745472,V656
AP529150,Invoice Scanned,2024-12-23T22:26:21.378653,V656
AP529150,Invoice Validation,2024-12-23T23:43:52.524647,V656
AP529150,Approval Requested,2024-12-24T00:21:46.426695,V656
AP529150,Manager Approval,2024-12-24T10:45:06.098595,V656
AP529150,Vendor Master Data Review,2024-12-24T11:11:04.747277,V656
AP529150,Payment Terms Verification,2024-12-24T11:43:27.300533,V656
AP529150,GL Account Assignment,2024-12-24T12:10:31.558612,V656
AP529150,Cost Center Assignment,2024-12-24T13:21:34.039239,V656
AP529150,Payment Block Release,2024-12-24T13:36:08.116516,V656
AP529150,Payment Scheduled,2024-12-24T20:17:14.118651,V656
AP529150,Payment Executed,2024-12-25T15:19:57.573200,V656
AP529150,Payment Confirmed,2024-12-25T16:00:25.972591,V656
AP529150,Invoice Posted,2024-12-25T16:47:04.754506,V656
AP529150,Document Archived,2024-12-25T17:04:10.778317,V656
AP407375,Invoice Received,2024-12-25T22:41:08.191730,V977
AP407375,Invoice Scanned,2024-12-25T23:11:10.931013,V977
AP407375,Invoice Validation,2024-12-26T01:33:23.742656,V977
AP407375,Three-Way Match,2024-12-26T07:14:07.294946,V977
AP407375,Tax Calculation,2024-12-26T09:58:53.082838,V977
AP407375,Approval Requested,2024-12-26T10:41:42.667810,V977
AP407375,Manager Approval,2024-12-27T01:00:50.047872,V977
AP407375,Vendor Master Data Review,2024-12-27T01:57:00.348908,V977
AP407375,Payment Terms Verification,2024-12-27T03:05:19.502856,V977
AP407375,GL Account Assignment,2024-12-27T04:24:43.079856,V977
AP407375,Cost Center Assignment,2024-12-27T06:53:35.276817,V977
AP407375,Payment Block Release,2024-12-27T07:59:42.251357,V977
AP407375,Payment Scheduled,2024-12-27T16:40:05.303383,V977
AP407375,Payment Executed,2024-12-27T23:22:42.677793,V977
AP407375,Payment Confirmed,2024-12-28T00:53:48.214304,V977
AP407375,Invoice Posted,2024-12-28T02:54:39.806394,V977
AP407375,Document Archived,2024-12-28T04:03:24.070810,V977
AP736118,Invoice Received,2024-12-26T18:28:18.555845,V921
AP736118,Invoice Scanned,2024-12-26T19:15:38.891643,V921
AP736118,Invoice Validation,2024-12-26T22:20:50.728048,V921
AP736118,Three-Way Match,2024-12-27T06:43:01.823464,V921
AP736118,Quantity Variance Check,2024-12-27T08:31:51.530637,V921
AP736118,Tax Calculation,2024-12-27T10:25:53.291766,V921
AP736118,Approval Requested,2024-12-27T11:50:06.103752,V921
AP736118,Manager Approval,2024-12-27T14:49:19.604406,V921
AP736118,Vendor Master Data Review,2024-12-27T15:38:10.540599,V921
AP736118,Payment Terms Verification,2024-12-27T17:05:18.979346,V921
AP736118,GL Account Assignment,2024-12-27T19:36:48.322041,V921
AP736118,Cost Center Assignment,2024-12-27T20:37:04.339394,V921
AP736118,Payment Block Release,2024-12-27T20:58:57.721154,V921
AP736118,Payment Scheduled,2024-12-28T01:06:27.036281,V921
AP736118,Payment Executed,2024-12-28T14:24:18.574138,V921
AP736118,Payment Confirmed,2024-12-28T15:11:29.307882,V921
AP736118,Invoice Posted,2024-12-28T16:24:32.575379,V921
AP736118,Document Archived,2024-12-28T17:10:01.551342,V921
AP615551,Invoice Received,2024-12-26T23:48:36.837599,V802
AP615551,Invoice Scanned,2024-12-27T00:27:47.968642,V802
AP615551,Invoice Validation,2024-12-27T01:39:46.098647,V802
AP615551,Three-Way Match,2024-12-27T04:53:20.671358,V802
AP615551,Price Variance Check,2024-12-27T06:56:37.003773,V802
AP615551,Tax Calculation,2024-12-27T07:24:51.136178,V802
AP615551,Approval Requested,2024-12-27T08:04:40.838428,V802
AP615551,Manager Approval,2024-12-27T11:33:38.672811,V802
AP615551,Vendor Master Data Review,2024-12-27T12:07:00.912672,V802
AP615551,Payment Terms Verification,2024-12-27T13:09:37.133103,V802
AP615551,GL Account Assignment,2024-12-27T14:27:47.696057,V802
AP615551,Cost Center Assignment,2024-12-27T16:17:52.481251,V802
AP615551,Payment Block Release,2024-12-27T16:55:53.129128,V802
AP615551,Payment Scheduled,2024-12-27T22:51:56.442569,V802
AP615551,Payment Executed,2024-12-28T13:08:16.779498,V802
AP615551,Payment Confirmed,2024-12-28T15:11:53.933598,V802
AP615551,Invoice Posted,2024-12-28T16:48:44.618281,V802
AP615551,Document Archived,2024-12-28T17:09:46.312118,V802
AP718121,Invoice Received,2024-12-27T04:09:02.354434,V627
AP718121,Invoice Scanned,2024-12-27T05:28:12.481553,V627
AP718121,Invoice Validation,2024-12-27T09:05:06.166830,V627
AP718121,Three-Way Match,2024-12-27T11:40:15.784487,V627
AP718121,Quantity Variance Check,2024-12-27T14:55:51.434897,V627
AP718121,Tax Calculation,2024-12-27T15:53:55.484492,V627
AP718121,Approval Requested,2024-12-27T16:17:06.318827,V627
AP718121,Manager Approval,2024-12-28T20:00:50.906289,V627
AP718121,Finance Approval,2024-12-29T14:54:24.475541,V627
AP718121,Vendor Master Data Review,2024-12-29T16:20:57.304025,V627
AP718121,Payment Terms Verification,2024-12-29T18:13:01.894712,V627
AP718121,GL Account Assignment,2024-12-29T20:25:14.925354,V627
AP718121,Cost Center Assignment,2024-12-29T22:05:16.281674,V627
AP718121,Payment Block Release,2024-12-29T22:52:52.798811,V627
AP718121,Payment Scheduled,2024-12-30T01:14:56.631458,V627
AP718121,Payment Executed,2024-12-31T08:46:20.059224,V627
AP718121,Payment Confirmed,2024-12-31T09:36:05.350166,V627
AP718121,Invoice Posted,2024-12-31T11:52:40.991264,V627
AP718121,Document Archived,2024-12-31T13:06:12.925636,V627
AP621017,Invoice Received,2024-12-27T08:58:22.455286,V368
AP621017,Invoice Scanned,2024-12-27T09:50:49.006914,V368
AP621017,Invoice Validation,2024-12-27T11:58:14.279423,V368
AP621017,Approval Requested,2024-12-27T12:31:10.578921,V368
AP621017,Manager Approval,2024-12-27T17:02:09.811269,V368
AP621017,Vendor Master Data Review,2024-12-27T18:17:51.075115,V368
AP621017,Payment Terms Verification,2024-12-27T18:54:46.025917,V368
AP621017,GL Account Assignment,2024-12-27T19:29:29.111734,V368
AP621017,Cost Center Assignment,2024-12-27T20:36:34.845433,V368
AP621017,Payment Block Release,2024-12-27T21:33:31.731105,V368
AP621017,Payment Scheduled,2024-12-28T00:15:57.770726,V368
AP621017,Payment Executed,2024-12-28T10:06:38.388015,V368
AP621017,Payment Confirmed,2024-12-28T10:47:35.103338,V368
AP621017,Invoice Posted,2024-12-28T11:22:20.484068,V368
AP621017,Document Archived,2024-12-28T12:16:23.942939,V368
AP757610,Invoice Received,2024-12-29T03:05:34.195153,V537
AP757610,Invoice Scanned,2024-12-29T04:04:39.207193,V537
AP757610,Invoice Validation,2024-12-29T05:05:46.930535,V537
AP757610,Three-Way Match,2024-12-29T08:36:29.522572,V537
AP757610,Tax Calculation,2024-12-29T10:18:59.181320,V537
AP757610,Approval Requested,2024-12-29T10:42:41.448925,V537
AP757610,Manager Approval,2024-12-30T03:48:33.205754,V537
AP757610,Vendor Master Data Review,2024-12-30T04:42:38.062299,V537
AP757610,Payment Terms Verification,2024-12-30T05:51:27.876900,V537
AP757610,GL Account Assignment,2024-12-30T06:22:00.301076,V537
AP757610,Cost Center Assignment,2024-12-30T07:57:26.365790,V537
AP757610,Payment Block Release,2024-12-30T08:45:58.281484,V537
AP757610,Payment Scheduled,2024-12-30T11:46:29.707018,V537
AP757610,Payment Executed,2024-12-30T17:53:15.486312,V537
AP757610,Payment Confirmed,2024-12-30T18:30:32.734811,V537
AP757610,Invoice Posted,2024-12-30T20:03:16.470479,V537
AP757610,Document Archived,2024-12-30T20:23:48.254670,V537
AP948549,Invoice Received,2024-12-29T07:26:35.880878,V496
AP948549,Invoice Scanned,2024-12-29T08:32:42.532744,V496
AP948549,Invoice Validation,2024-12-29T09:59:05.133257,V496
AP948549,Approval Requested,2024-12-29T10:51:51.663611,V496
AP948549,Manager Approval,2024-12-30T01:55:15.582362,V496
AP948549,Vendor Master Data Review,2024-12-30T02:50:55.655272,V496
AP948549,Payment Terms Verification,2024-12-30T03:27:29.301172,V496
AP948549,GL Account Assignment,2024-12-30T03:57:44.910694,V496
AP948549,Cost Center Assignment,2024-12-30T05:32:14.634767,V496
AP948549,Payment Block Release,2024-12-30T06:43:15.427239,V496
AP948549,Payment Scheduled,2024-12-30T10:14:46.368869,V496
AP948549,Payment Executed,2024-12-30T15:46:40.360594,V496
AP948549,Payment Confirmed,2024-12-30T17:26:23.402400,V496
AP948549,Invoice Posted,2024-12-30T18:07:06.594348,V496
AP948549,Document Archived,2024-12-30T19:02:16.924709,V496
AP923818,Invoice Received,2024-12-30T18:16:16.154600,V276
AP923818,Invoice Scanned,2024-12-30T18:59:26.353626,V276
AP923818,Invoice Validation,2024-12-30T20:09:44.783729,V276
AP923818,Three-Way Match,2024-12-31T00:18:56.723634,V276
AP923818,Price Variance Check,2024-12-31T01:14:48.110118,V276
AP923818,Tax Calculation,2024-12-31T02:05:26.921507,V276
AP923818,Approval Requested,2024-12-31T02:35:45.392870,V276
AP923818,Manager Approval,2024-12-31T11:42:03.203899,V276
AP923818,Finance Approval,2025-01-01T09:50:04.606129,V276
AP923818,Vendor Master Data Review,2025-01-01T10:14:46.391411,V276
AP923818,Payment Terms Verification,2025-01-01T11:29:38.449507,V276
AP923818,GL Account Assignment,2025-01-01T11:55:11.475472,V276
AP923818,Cost Center Assignment,2025-01-01T13:13:37.164425,V276
AP923818,Payment Block Release,2025-01-01T13:46:05.715012,V276
AP923818,Payment Scheduled,2025-01-01T16:01:47.690907,V276
AP923818,Payment Executed,2025-01-01T20:13:26.403036,V276
AP923818,Payment Confirmed,2025-01-01T21:15:01.259028,V276
AP923818,Invoice Posted,2025-01-01T21:52:11.389149,V276
AP923818,Document Archived,2025-01-01T22:16:58.744243,V276
AP311439,Invoice Received,2024-12-30T23:57:19.843713,V207
AP311439,Invoice Scanned,2024-12-31T00:33:16.716787,V207
AP311439,Invoice Validation,2024-12-31T02:33:29.256802,V207
AP311439,Three-Way Match,2024-12-31T05:15:26.186570,V207
AP311439,Tax Calculation,2024-12-31T05:56:21.409959,V207
AP311439,Approval Requested,2024-12-31T06:12:10.114049,V207
AP311439,Manager Approval,2024-12-31T14:34:17.145563,V207
AP311439,Vendor Master Data Review,2024-12-31T16:01:20.643521,V207
AP311439,Payment Terms Verification,2024-12-31T16:39:12.398777,V207
AP311439,GL Account Assignment,2024-12-31T18:00:08.596913,V207
AP311439,Cost Center Assignment,2024-12-31T19:01:54.309395,V207
AP311439,Payment Block Release,2024-12-31T19:25:46.024927,V207
AP311439,Payment Scheduled,2024-12-31T23:40:36.306006,V207
AP311439,Payment Executed,2025-01-01T09:35:27.435128,V207
AP311439,Payment Confirmed,2025-01-01T10:16:18.036623,V207
AP311439,Invoice Posted,2025-01-01T10:45:18.857833,V207
AP311439,Document Archived,2025-01-01T11:17:20.329672,V207
AP917249,Invoice Received,2024-12-31T22:42:46.329731,V579
AP917249,Invoice Scanned,2024-12-31T23:02:07.961925,V579
AP917249,Invoice Validation,2025-01-01T01:42:21.098085,V579
AP917249,Approval Requested,2025-01-01T02:23:20.505338,V579
AP917249,Manager Approval,2025-01-01T09:05:53.143917,V579
AP917249,Vendor Master Data Review,2025-01-01T10:28:53.458928,V579
AP917249,Payment Terms Verification,2025-01-01T12:10:02.802394,V579
AP917249,GL Account Assignment,2025-01-01T13:36:02.773162,V579
AP917249,Cost Center Assignment,2025-01-01T14:43:45.037674,V579
AP917249,Payment Block Release,2025-01-01T15:04:57.927935,V579
AP917249,Payment Scheduled,2025-01-01T21:32:37.792392,V579
AP917249,Payment Executed,2025-01-02T13:21:29.267884,V579
AP917249,Payment Confirmed,2025-01-02T14:02:21.579795,V579
AP917249,Invoice Posted,2025-01-02T14:54:55.404061,V579
AP917249,Document Archived,2025-01-02T15:23:35.704152,V579
AP927685,Invoice Received,2025-01-02T21:26:55.957848,V493
AP927685,Invoice Scanned,2025-01-02T22:05:20.133119,V493
AP927685,Invoice Validation,2025-01-02T23:02:19.559073,V493
AP927685,Three-Way Match,2025-01-03T01:42:37.602112,V493
AP927685,Quantity Variance Check,2025-01-03T03:04:15.023310,V493
AP927685,Tax Calculation,2025-01-03T03:59:30.241540,V493
AP927685,Approval Requested,2025-01-03T04:15:23.874482,V493
AP927685,Manager Approval,2025-01-03T23:12:04.013640,V493
AP927685,Vendor Master Data Review,2025-01-03T23:53:43.809607,V493
AP927685,Payment Terms Verification,2025-01-04T00:31:14.288814,V493
AP927685,GL Account Assignment,2025-01-04T02:09:31.063333,V493
AP927685,Cost Center Assignment,2025-01-04T03:25:40.207570,V493
AP927685,Payment Block Release,2025-01-04T04:05:52.716314,V493
AP927685,Payment Scheduled,2025-01-04T10:01:57.565516,V493
AP927685,Payment Executed,2025-01-05T02:56:24.066349,V493
AP927685,Payment Confirmed,2025-01-05T03:25:13.318477,V493
AP927685,Invoice Posted,2025-01-05T04:40:47.798579,V493
AP927685,Document Archived,2025-01-05T05:01:38.871664,V493
AP599406,Invoice Received,2025-01-03T06:30:11.231594,V836
AP599406,Invoice Scanned,2025-01-03T06:59:56.191097,V836
AP599406,Invoice Validation,2025-01-03T08:51:02.073235,V836
AP599406,Approval Requested,2025-01-03T09:39:05.574083,V836
AP599406,Manager Approval,2025-01-03T13:25:31.351663,V836
AP599406,Vendor Master Data Review,2025-01-03T15:04:58.935731,V836
AP599406,Payment Terms Verification,2025-01-03T16:08:52.828350,V836
AP599406,GL Account Assignment,2025-01-03T17:56:14.566035,V836
AP599406,Cost Center Assignment,2025-01-03T19:44:11.649593,V836
AP599406,Payment Block Release,2025-01-03T20:17:18.410397,V836
AP599406,Payment Scheduled,2025-01-03T23:00:16.315028,V836
AP599406,Payment Executed,2025-01-04T11:56:50.361457,V836
AP599406,Payment Confirmed,2025-01-04T12:40:27.031761,V836
AP599406,Invoice Posted,2025-01-04T13:43:14.067955,V836
AP599406,Document Archived,2025-01-04T14:08:18.584784,V836
AP584295,Invoice Received,2025-01-04T13:56:45.216394,V264
AP584295,Invoice Scanned,2025-01-04T15:01:33.674357,V264
AP584295,Invoice Validation,2025-01-04T20:50:21.677780,V264
AP584295,Three-Way Match,2025-01-05T01:11:33.459313,V264
AP584295,Price Variance Check,2025-01-05T03:12:29.974386,V264
AP584295,Tax Calculation,2025-01-05T05:28:20.586387,V264
AP584295,Approval Requested,2025-01-05T06:42:52.932231,V264
AP584295,Manager Approval,2025-01-06T17:25:59.955740,V264
AP584295,Vendor Master Data Review,2025-01-06T19:17:13.540592,V264
AP584295,Payment Terms Verification,2025-01-06T20:25:01.072655,V264
AP584295,GL Account Assignment,2025-01-06T21:25:15.440932,V264
AP584295,Cost Center Assignment,2025-01-06T23:44:53.679843,V264
AP584295,Payment Block Release,2025-01-07T00:25:57.364254,V264
AP584295,Payment Scheduled,2025-01-07T07:03:09.579619,V264
AP584295,Payment Executed,2025-01-07T22:55:18.428132,V264
AP584295,Payment Confirmed,2025-01-08T01:02:44.736929,V264
AP584295,Invoice Posted,2025-01-08T02:04:20.269205,V264
AP584295,Document Archived,2025-01-08T02:32:13.947624,V264
AP601465,Invoice Received,2025-01-05T22:59:18.710477,V169
AP601465,Invoice Scanned,2025-01-05T23:24:09.336170,V169
AP601465,Invoice Validation,2025-01-06T02:00:58.828536,V169
AP601465,Three-Way Match,2025-01-06T04:54:40.386108,V169
AP601465,Quantity Variance Check,2025-01-06T06:53:57.070095,V169
AP601465,Tax Calculation,2025-01-06T08:53:10.368669,V169
AP601465,Approval Requested,2025-01-06T09:38:06.829382,V169
AP601465,Manager Approval,2025-01-06T23:02:45.161873,V169
AP601465,Finance Approval,2025-01-07T16:47:56.224668,V169
AP601465,Vendor Master Data Review,2025-01-07T17:22:00.027906,V169
AP601465,Payment Terms Verification,2025-01-07T19:21:42.219551,V169
AP601465,GL Account Assignment,2025-01-07T20:08:07.971130,V169
AP601465,Cost Center Assignment,2025-01-07T22:03:51.145780,V169
AP601465,Payment Block Release,2025-01-07T23:08:04.023032,V169
AP601465,Payment Scheduled,2025-01-08T05:48:17.443551,V169
AP601465,Payment Executed,2025-01-08T10:54:21.778058,V169
AP601465,Payment Confirmed,2025-01-08T12:12:06.550677,V169
AP601465,Invoice Posted,2025-01-08T13:02:36.604768,V169
AP601465,Document Archived,2025-01-08T13:50:51.541524,V169
AP600020,Invoice Received,2025-01-07T12:48:34.136057,V315
AP600020,Invoice Scanned,2025-01-07T13:25:14.679324,V315
AP600020,Invoice Validation,2025-01-07T14:50:27.556219,V315
AP600020,Three-Way Match,2025-01-07T16:36:45.737712,V315
AP600020,Quantity Variance Check,2025-01-07T18:22:58.637075,V315
AP600020,Tax Calculation,2025-01-07T18:58:49.105922,V315
AP600020,Approval Requested,2025-01-07T19:13:00.762992,V315
AP600020,Manager Approval,2025-01-08T05:35:52.021949,V315
AP600020,Finance Approval,2025-01-09T07:16:43.057129,V315
AP600020,Vendor Master Data Review,2025-01-09T08:22:40.334032,V315
AP600020,Payment Terms Verification,2025-01-09T09:44:38.669710,V315
AP600020,GL Account Assignment,2025-01-09T11:03:37.286320,V315
AP600020,Cost Center Assignment,2025-01-09T12:46:06.611839,V315
AP600020,Payment Block Release,2025-01-09T13:22:05.720469,V315
AP600020,Payment Scheduled,2025-01-09T19:00:51.253650,V315
AP600020,Payment Executed,2025-01-10T05:11:07.300601,V315
AP600020,Payment Confirmed,2025-01-10T05:34:39.284609,V315
AP600020,Invoice Posted,2025-01-10T06:52:43.561549,V315
AP600020,Document Archived,2025-01-10T07:43:19.884208,V315
AP459067,Invoice Received,2025-01-07T22:49:38.907572,V801
AP459067,Invoice Scanned,2025-01-07T23:17:54.102063,V801
AP459067,Invoice Validation,2025-01-08T01:13:32.771662,V801
AP459067,Three-Way Match,2025-01-08T08:39:43.873396,V801
AP459067,Quantity Variance Check,2025-01-08T11:30:08.030979,V801
AP459067,Tax Calculation,2025-01-08T12:33:36.306983,V801
AP459067,Approval Requested,2025-01-08T13:30:17.596627,V801
AP459067,Manager Approval,2025-01-09T13:51:42.479814,V801
AP459067,Finance Approval,2025-01-10T15:15:28.730086,V801
AP459067,Vendor Master Data Review,2025-01-10T16:35:57.096356,V801
AP459067,Payment Terms Verification,2025-01-10T18:18:56.242049,V801
AP459067,GL Account Assignment,2025-01-10T19:17:28.821541,V801
AP459067,Cost Center Assignment,2025-01-10T21:08:56.763811,V801
AP459067,Payment Block Release,2025-01-10T22:04:24.813318,V801
AP459067,Payment Scheduled,2025-01-11T03:07:05.409153,V801
AP459067,Payment Executed,2025-01-11T10:10:09.716099,V801
AP459067,Payment Confirmed,2025-01-11T11:39:59.488151,V801
AP459067,Invoice Posted,2025-01-11T12:53:38.059967,V801
AP459067,Document Archived,2025-01-11T13:26:28.027080,V801
AP491784,Invoice Received,2025-01-09T00:04:17.310803,V123
AP491784,Invoice Scanned,2025-01-09T00:47:07.253203,V123
AP491784,Invoice Validation,2025-01-09T03:22:11.931396,V123
AP491784,Three-Way Match,2025-01-09T08:36:19.414351,V123
AP491784,Quantity Variance Check,2025-01-09T11:36:06.042929,V123
AP491784,Tax Calculation,2025-01-09T13:17:12.963213,V123
AP491784,Approval Requested,2025-01-09T13:38:35.292668,V123
AP491784,Manager Approval,2025-01-10T10:02:05.610815,V123
AP491784,Vendor Master Data Review,2025-01-10T11:28:07.291940,V123
AP491784,Payment Terms Verification,2025-01-10T13:35:46.916069,V123
AP491784,GL Account Assignment,2025-01-10T14:33:11.192624,V123
AP491784,Cost Center Assignment,2025-01-10T15:32:31.292660,V123
AP491784,Payment Block Release,2025-01-10T15:49:36.312458,V123
AP491784,Payment Scheduled,2025-01-10T21:53:28.285524,V123
AP491784,Payment Executed,2025-01-11T03:52:02.346503,V123
AP491784,Payment Confirmed,2025-01-11T05:51:39.043399,V123
AP491784,Invoice Posted,2025-01-11T07:13:29.050726,V123
AP491784,Document Archived,2025-01-11T08:04:24.433181,V123
AP754082,Invoice Received,2025-01-10T15:35:36.278140,V298
AP754082,Invoice Scanned,2025-01-10T15:57:56.715411,V298
AP754082,Invoice Validation,2025-01-10T18:02:58.250655,V298
AP754082,Approval Requested,2025-01-10T18:17:35.585970,V298
AP754082,Manager Approval,2025-01-11T13:07:59.958796,V298
AP754082,Finance Approval,2025-01-13T02:16:48.913562,V298
AP754082,Vendor Master Data Review,2025-01-13T02:57:16.351018,V298
AP754082,Payment Terms Verification,2025-01-13T03:52:09.131331,V298
AP754082,GL Account Assignment,2025-01-13T05:31:41.290778,V298
AP754082,Cost Center Assignment,2025-01-13T05:58:08.741998,V298
AP754082,Payment Block Release,2025-01-13T06:22:18.046797,V298
AP754082,Payment Scheduled,2025-01-13T10:48:14.576177,V298
AP754082,Payment Executed,2025-01-13T14:06:19.358209,V298
AP754082,Payment Confirmed,2025-01-13T14:46:12.383156,V298
AP754082,Invoice Posted,2025-01-13T15:51:07.349100,V298
AP754082,Document Archived,2025-01-13T16:22:52.709680,V298
AP490465,Invoice Received,2025-01-11T14:24:15.081404,V337
AP490465,Invoice Scanned,2025-01-11T15:21:25.398730,V337
AP490465,Invoice Validation,2025-01-11T19:06:02.298886,V337
AP490465,Three-Way Match,2025-01-11T23:11:39.781621,V337
AP490465,Price Variance Check,2025-01-12T00:17:45.503305,V337
AP490465,Tax Calculation,2025-01-12T01:49:22.685345,V337
AP490465,Approval Requested,2025-01-12T02:33:43.963260,V337
AP490465,Manager Approval,2025-01-12T22:48:04.158735,V337
AP490465,Finance Approval,2025-01-13T04:35:45.481652,V337
AP490465,Vendor Master Data Review,2025-01-13T05:30:55.827132,V337
AP490465,Payment Terms Verification,2025-01-13T05:56:48.499530,V337
AP490465,GL Account Assignment,2025-01-13T07:20:22.683755,V337
AP490465,Cost Center Assignment,2025-01-13T08:21:07.225817,V337
AP490465,Payment Block Release,2025-01-13T09:14:06.831850,V337
AP490465,Payment Scheduled,2025-01-13T14:30:15.625325,V337
AP490465,Payment Executed,2025-01-13T21:32:40.152359,V337
AP490465,Payment Confirmed,2025-01-13T22:22:21.569186,V337
AP490465,Invoice Posted,2025-01-13T23:20:09.443638,V337
AP490465,Document Archived,2025-01-14T00:09:11.375954,V337
AP107784,Invoice Received,2025-01-12T17:23:00.064481,V409
AP107784,Invoice Scanned,2025-01-12T17:51:20.245347,V409
AP107784,Invoice Validation,2025-01-12T21:26:12.310408,V409
AP107784,Approval Requested,2025-01-12T22:05:51.755387,V409
AP107784,Manager Approval,2025-01-13T01:51:46.581808,V409
AP107784,Vendor Master Data Review,2025-01-13T02:27:15.158709,V409
AP107784,Payment Terms Verification,2025-01-13T03:10:55.416052,V409
AP107784,GL Account Assignment,2025-01-13T04:15:42.083044,V409
AP107784,Cost Center Assignment,2025-01-13T05:06:06.824406,V409
AP107784,Payment Block Release,2025-01-13T05:39:38.642141,V409
AP107784,Payment Scheduled,2025-01-13T11:02:08.925969,V409
AP107784,Payment Executed,2025-01-13T19:26:20.010110,V409
AP107784,Payment Confirmed,2025-01-13T20:09:11.290819,V409
AP107784,Invoice Posted,2025-01-13T21:24:51.780288,V409
AP107784,Document Archived,2025-01-13T22:10:16.459272,V409
AP510821,Invoice Received,2025-01-13T10:16:54.456304,V272
AP510821,Invoice Scanned,2025-01-13T10:31:10.123670,V272
AP510821,Invoice Validation,2025-01-13T14:15:21.230275,V272
AP510821,Three-Way Match,2025-01-13T17:38:43.100270,V272
AP510821,Price Variance Check,2025-01-13T19:04:17.060554,V272
AP510821,Tax Calculation,2025-01-13T19:54:49.040998,V272
AP510821,Approval Requested,2025-01-13T20:45:41.749992,V272
AP510821,Manager Approval,2025-01-14T17:13:39.292350,V272
AP510821,Vendor Master Data Review,2025-01-14T17:54:08.730079,V272
AP510821,Payment Terms Verification,2025-01-14T19:33:16.628947,V272
AP510821,GL Account Assignment,2025-01-14T20:56:13.740687,V272
AP510821,Cost Center Assignment,2025-01-14T21:34:46.951707,V272
AP510821,Payment Block Release,2025-01-14T22:21:58.947450,V272
AP510821,Payment Scheduled,2025-01-15T02:46:17.728139,V272
AP510821,Payment Executed,2025-01-15T11:28:34.356126,V272
AP510821,Payment Confirmed,2025-01-15T12:45:30.955746,V272
AP510821,Invoice Posted,2025-01-15T14:06:17.009471,V272
AP510821,Document Archived,2025-01-15T14:43:53.099873,V272
AP720637,Invoice Received,2025-01-13T19:45:05.615322,V327
AP720637,Invoice Scanned,2025-01-13T21:07:19.063118,V327
AP720637,Invoice Validation,2025-01-13T23:31:30.673696,V327
AP720637,Three-Way Match,2025-01-14T04:34:41.702725,V327
AP720637,Tax Calculation,2025-01-14T06:18:03.022955,V327
AP720637,Approval Requested,2025-01-14T07:20:12.669724,V327
AP720637,Manager Approval,2025-01-15T02:28:37.423942,V327
AP720637,Finance Approval,2025-01-16T09:41:42.361198,V327
AP720637,Vendor Master Data Review,2025-01-16T10:36:18.452326,V327
AP720637,Payment Terms Verification,2025-01-16T12:38:48.281965,V327
AP720637,GL Account Assignment,2025-01-16T13:45:33.618085,V327
AP720637,Cost Center Assignment,2025-01-16T14:50:12.921013,V327
AP720637,Payment Block Release,2025-01-16T15:37:05.523152,V327
AP720637,Payment Scheduled,2025-01-16T20:20:56.809466,V327
AP720637,Payment Executed,2025-01-17T03:05:41.218892,V327
AP720637,Payment Confirmed,2025-01-17T04:23:54.221979,V327
AP720637,Invoice Posted,2025-01-17T05:18:32.061049,V327
AP720637,Document Archived,2025-01-17T06:04:21.773250,V327
AP826187,Invoice Received,2025-01-14T18:23:12.231813,V313
AP826187,Invoice Scanned,2025-01-14T19:42:50.595070,V313
AP826187,Invoice Validation,2025-01-14T23:46:55.706246,V313
AP826187,Approval Requested,2025-01-15T00:10:48.342087,V313
AP826187,Manager Approval,2025-01-15T05:30:49.032639,V313
AP826187,Vendor Master Data Review,2025-01-15T06:55:05.432740,V313
AP826187,Payment Terms Verification,2025-01-15T07:30:10.653136,V313
AP826187,GL Account Assignment,2025-01-15T08:46:25.141140,V313
AP826187,Cost Center Assignment,2025-01-15T10:29:37.931726,V313
AP826187,Payment Block Release,2025-01-15T11:08:03.298642,V313
AP826187,Payment Scheduled,2025-01-15T19:42:30.242494,V313
AP826187,Payment Executed,2025-01-16T14:15:22.556541,V313
AP826187,Payment Confirmed,2025-01-16T15:24:02.521807,V313
AP826187,Invoice Posted,2025-01-16T16:48:56.888125,V313
AP826187,Document Archived,2025-01-16T17:33:20.708711,V313
AP840397,Invoice Received,2025-01-15T16:23:10.478707,V372
AP840397,Invoice Scanned,2025-01-15T16:52:58.013631,V372
AP840397,Invoice Validation,2025-01-15T19:00:45.077940,V372
AP840397,Approval Requested,2025-01-15T19:18:51.503360,V372
AP840397,Manager Approval,2025-01-16T01:40:57.414135,V372
AP840397,Vendor Master Data Review,2025-01-16T02:49:21.595046,V372
AP840397,Payment Terms Verification,2025-01-16T03:37:50.681088,V372
AP840397,GL Account Assignment,2025-01-16T04:05:18.832052,V372
AP840397,Cost Center Assignment,2025-01-16T04:50:10.402526,V372
AP840397,Payment Block Release,2025-01-16T05:25:16.133996,V372
AP840397,Payment Scheduled,2025-01-16T07:34:11.873970,V372
AP840397,Payment Executed,2025-01-16T12:32:37.733492,V372
AP840397,Payment Confirmed,2025-01-16T14:00:25.102690,V372
AP840397,Invoice Posted,2025-01-16T15:41:17.847928,V372
AP840397,Document Archived,2025-01-16T16:29:18.464802,V372
AP920142,Invoice Received,2025-01-16T13:52:30.615048,V168
AP920142,Invoice Scanned,2025-01-16T14:39:12.182621,V168
AP920142,Invoice Validation,2025-01-16T18:05:53.448716,V168
AP920142,Three-Way Match,2025-01-16T22:38:30.434948,V168
AP920142,Quantity Variance Check,2025-01-17T00:06:19.464017,V168
AP920142,Tax Calculation,2025-01-17T00:42:02.830830,V168
AP920142,Approval Requested,2025-01-17T01:17:13.038199,V168
AP920142,Manager Approval,2025-01-17T13:10:18.292793,V168
AP920142,Vendor Master Data Review,2025-01-17T14:03:25.074537,V168
AP920142,Payment Terms Verification,2025-01-17T15:31:32.158282,V168
AP920142,GL Account Assignment,2025-01-17T16:17:09.984176,V168
AP920142,Cost Center Assignment,2025-01-17T17:23:38.844566,V168
AP920142,Payment Block Release,2025-01-17T18:07:17.729863,V168
AP920142,Payment Scheduled,2025-01-17T23:00:00.882279,V168
AP920142,Payment Executed,2025-01-18T14:29:08.179137,V168
AP920142,Payment Confirmed,2025-01-18T15:49:40.033675,V168
AP920142,Invoice Posted,2025-01-18T16:23:47.891740,V168
AP920142,Document Archived,2025-01-18T17:01:50.971666,V168
AP966597,Invoice Received,2025-01-17T15:19:47.227202,V147
AP966597,Invoice Scanned,2025-01-17T15:45:43.346262,V147
AP966597,Invoice Validation,2025-01-17T18:25:37.911114,V147
AP966597,Approval Requested,2025-01-17T19:24:12.343740,V147
AP966597,Manager Approval,2025-01-18T18:25:32.905794,V147
AP966597,Vendor Master Data Review,2025-01-18T20:26:30.467909,V147
AP966597,Payment Terms Verification,2025-01-18T21:36:08.710697,V147
AP966597,GL Account Assignment,2025-01-18T22:40:23.070038,V147
AP966597,Cost Center Assignment,2025-01-18T23:53:51.859297,V147
AP966597,Payment Block Release,2025-01-19T00:51:41.956882,V147
AP966597,Payment Scheduled,2025-01-19T04:46:54.733816,V147
AP966597,Payment Executed,2025-01-19T23:16:46.780691,V147
AP966597,Payment Confirmed,2025-01-20T01:18:34.893239,V147
AP966597,Invoice Posted,2025-01-20T02:44:11.497872,V147
AP966597,Document Archived,2025-01-20T03:10:16.080570,V147
AP956058,Invoice Received,2025-01-19T08:10:20.487603,V649
AP956058,Invoice Scanned,2025-01-19T08:32:58.814286,V649
AP956058,Invoice Validation,2025-01-19T09:51:06.314052,V649
AP956058,Three-Way Match,2025-01-19T13:03:59.810458,V649
AP956058,Price Variance Check,2025-01-19T14:34:16.464270,V649
AP956058,Tax Calculation,2025-01-19T15:08:08.272033,V649
AP956058,Approval Requested,2025-01-19T15:26:59.224846,V649
AP956058,Manager Approval,2025-01-20T06:14:17.962893,V649
AP956058,Vendor Master Data Review,2025-01-20T07:12:45.082489,V649
AP956058,Payment Terms Verification,2025-01-20T08:22:34.231762,V649
AP956058,GL Account Assignment,2025-01-20T08:49:51.392257,V649
AP956058,Cost Center Assignment,2025-01-20T10:13:08.659107,V649
AP956058,Payment Block Release,2025-01-20T10:38:04.369294,V649
AP956058,Payment Scheduled,2025-01-20T13:56:02.501833,V649
AP956058,Payment Executed,2025-01-21T07:22:11.884372,V649
AP956058,Payment Confirmed,2025-01-21T08:02:21.458597,V649
AP956058,Invoice Posted,2025-01-21T09:18:47.386964,V649
AP956058,Document Archived,2025-01-21T09:29:34.458435,V649
AP588540,Invoice Received,2025-01-21T02:20:44.222867,V842
AP588540,Invoice Scanned,2025-01-21T03:20:18.468623,V842
AP588540,Invoice Validation,2025-01-21T06:45:48.389595,V842
AP588540,Three-Way Match,2025-01-21T10:41:29.457471,V842
AP588540,Quantity Variance Check,2025-01-21T13:53:56.618251,V842
AP588540,Tax Calculation,2025-01-21T15:14:25.958609,V842
AP588540,Approval Requested,2025-01-21T16:03:43.183019,V842
AP588540,Manager Approval,2025-01-22T14:55:49.054216,V842
AP588540,Vendor Master Data Review,2025-01-22T15:47:30.464466,V842
AP588540,Payment Terms Verification,2025-01-22T17:21:37.761903,V842
AP588540,GL Account Assignment,2025-01-22T18:29:29.380700,V842
AP588540,Cost Center Assignment,2025-01-22T19:00:09.277458,V842
AP588540,Payment Block Release,2025-01-22T19:19:13.610012,V842
AP588540,Payment Scheduled,2025-01-23T03:02:45.212363,V842
AP588540,Payment Executed,2025-01-23T19:43:20.860748,V842
AP588540,Payment Confirmed,2025-01-23T20:40:59.570032,V842
AP588540,Invoice Posted,2025-01-23T21:44:16.445252,V842
AP588540,Document Archived,2025-01-23T22:04:47.549573,V842
AP455340,Invoice Received,2025-01-22T01:07:40.741201,V678
AP455340,Invoice Scanned,2025-01-22T01:27:53.880018,V678
AP455340,Invoice Validation,2025-01-22T05:58:05.524462,V678
AP455340,Approval Requested,2025-01-22T06:55:36.098402,V678
AP455340,Manager Approval,2025-01-23T03:40:22.214760,V678
AP455340,Finance Approval,2025-01-24T11:26:08.691038,V678
AP455340,Vendor Master Data Review,2025-01-24T12:14:17.246432,V678
AP455340,Payment Terms Verification,2025-01-24T13:48:14.586448,V678
AP455340,GL Account Assignment,2025-01-24T14:48:54.084281,V678
AP455340,Cost Center Assignment,2025-01-24T15:44:24.804100,V678
AP455340,Payment Block Release,2025-01-24T16:26:04.679606,V678
AP455340,Payment Scheduled,2025-01-25T01:51:28.752224,V678
AP455340,Payment Executed,2025-01-25T22:00:14.568833,V678
AP455340,Payment Confirmed,2025-01-26T00:00:24.630058,V678
AP455340,Invoice Posted,2025-01-26T00:41:09.825516,V678
AP455340,Document Archived,2025-01-26T01:09:21.193382,V678
AP333653,Invoice Received,2025-01-23T06:20:07.247602,V569
AP333653,Invoice Scanned,2025-01-23T06:51:52.125175,V569
AP333653,Invoice Validation,2025-01-23T10:36:01.771502,V569
AP333653,Three-Way Match,2025-01-23T16:00:10.764431,V569
AP333653,Price Variance Check,2025-01-23T18:42:10.085697,V569
AP333653,Tax Calculation,2025-01-23T21:09:17.072278,V569
AP333653,Approval Requested,2025-01-23T21:42:10.706645,V569
AP333653,Manager Approval,2025-01-24T07:47:12.872637,V569
AP333653,Vendor Master Data Review,2025-01-24T10:05:37.678678,V569
AP333653,Payment Terms Verification,2025-01-24T10:58:54.602105,V569
AP333653,GL Account Assignment,2025-01-24T12:24:30.722585,V569
AP333653,Cost Center Assignment,2025-01-24T14:40:04.766821,V569
AP333653,Payment Block Release,2025-01-24T15:47:06.913495,V569
AP333653,Payment Scheduled,2025-01-24T19:45:27.054222,V569
AP333653,Payment Executed,2025-01-25T08:09:21.418584,V569
AP333653,Payment Confirmed,2025-01-25T08:57:39.424597,V569
AP333653,Invoice Posted,2025-01-25T11:05:55.755776,V569
AP333653,Document Archived,2025-01-25T11:48:27.807827,V569
AP956263,Invoice Received,2025-01-23T13:18:56.523088,V596
AP956263,Invoice Scanned,2025-01-23T13:44:03.011409,V596
AP956263,Invoice Validation,2025-01-23T15:18:26.579747,V596
AP956263,Three-Way Match,2025-01-23T21:18:04.465121,V596
AP956263,Price Variance Check,2025-01-23T22:59:48.813532,V596
AP956263,Tax Calculation,2025-01-24T00:58:23.009322,V596
AP956263,Approval Requested,2025-01-24T01:20:26.095320,V596
AP956263,Manager Approval,2025-01-24T18:39:20.905047,V596
AP956263,Vendor Master Data Review,2025-01-24T20:26:54.366182,V596
AP956263,Payment Terms Verification,2025-01-24T22:17:34.829413,V596
AP956263,GL Account Assignment,2025-01-24T23:17:40.803907,V596
AP956263,Cost Center Assignment,2025-01-25T01:17:50.402256,V596
AP956263,Payment Block Release,2025-01-25T01:56:47.345613,V596
AP956263,Payment Scheduled,2025-01-25T07:19:41.807763,V596
AP956263,Payment Executed,2025-01-25T15:14:00.350768,V596
AP956263,Payment Confirmed,2025-01-25T16:51:17.455556,V596
AP956263,Invoice Posted,2025-01-25T17:39:54.958423,V596
AP956263,Document Archived,2025-01-25T18:37:44.192987,V596
AP110321,Invoice Received,2025-01-24T17:09:30.310153,V130
AP110321,Invoice Scanned,2025-01-24T17:47:14.184081,V130
AP110321,Invoice Validation,2025-01-24T19:47:01.237586,V130
AP110321,Approval Requested,2025-01-24T20:41:23.902949,V130
AP110321,Manager Approval,2025-01-25T08:20:14.848072,V130
AP110321,Finance Approval,2025-01-25T23:50:41.043379,V130
AP110321,Vendor Master Data Review,2025-01-26T00:27:29.909521,V130
AP110321,Payment Terms Verification,2025-01-26T01:28:13.220644,V130
AP110321,GL Account Assignment,2025-01-26T02:51:56.788040,V130
AP110321,Cost Center Assignment,2025-01-26T03:58:17.863051,V130
AP110321,Payment Block Release,2025-01-26T04:31:31.895587,V130
AP110321,Payment Scheduled,2025-01-26T09:42:24.222620,V130
AP110321,Payment Executed,2025-01-26T13:15:07.999382,V130
AP110321,Payment Confirmed,2025-01-26T13:50:17.321480,V130
AP110321,Invoice Posted,2025-01-26T14:58:25.872852,V130
AP110321,Document Archived,2025-01-26T15:44:49.051403,V130
AP685838,Invoice Received,2025-01-26T15:07:18.157440,V735
AP685838,Invoice Scanned,2025-01-26T15:54:26.961441,V735
AP685838,Invoice Validation,2025-01-26T18:12:49.306591,V735
AP685838,Approval Requested,2025-01-26T18:35:55.195720,V735
AP685838,Manager Approval,2025-01-26T21:33:54.352664,V735
AP685838,Finance Approval,2025-01-28T05:24:17.352276,V735
AP685838,Vendor Master Data Review,2025-01-28T05:52:41.784013,V735
AP685838,Payment Terms Verification,2025-01-28T07:05:53.020761,V735
AP685838,GL Account Assignment,2025-01-28T08:31:23.579869,V735
AP685838,Cost Center Assignment,2025-01-28T09:32:55.271596,V735
AP685838,Payment Block Release,2025-01-28T10:14:00.267684,V735
AP685838,Payment Scheduled,2025-01-28T12:08:36.896605,V735
AP685838,Payment Executed,2025-01-28T18:11:02.386921,V735
AP685838,Payment Confirmed,2025-01-28T18:49:32.593414,V735
AP685838,Invoice Posted,2025-01-28T19:46:20.116898,V735
AP685838,Document Archived,2025-01-28T20:26:38.982384,V735
AP795458,Invoice Received,2025-01-27T04:13:49.889149,V283
AP795458,Invoice Scanned,2025-01-27T04:52:50.635538,V283
AP795458,Invoice Validation,2025-01-27T05:44:02.321823,V283
AP795458,Three-Way Match,2025-01-27T07:35:17.270499,V283
AP795458,Price Variance Check,2025-01-27T08:35:31.545918,V283
AP795458,Tax Calculation,2025-01-27T09:18:25.726778,V283
AP795458,Approval Requested,2025-01-27T09:29:19.923272,V283
AP795458,Manager Approval,2025-01-27T20:37:46.033734,V283
AP795458,Vendor Master Data Review,2025-01-27T21:07:22.740517,V283
AP795458,Payment Terms Verification,2025-01-27T22:51:45.623991,V283
AP795458,GL Account Assignment,2025-01-27T23:45:29.782101,V283
AP795458,Cost Center Assignment,2025-01-28T01:01:03.700506,V283
AP795458,Payment Block Release,2025-01-28T01:51:47.991293,V283
AP795458,Payment Scheduled,2025-01-28T07:06:46.557787,V283
AP795458,Payment Executed,2025-01-28T23:12:38.794338,V283
AP795458,Payment Confirmed,2025-01-28T23:57:05.517214,V283
AP795458,Invoice Posted,2025-01-29T01:13:38.889765,V283
AP795458,Document Archived,2025-01-29T01:43:52.447523,V283
AP864327,Invoice Received,2025-01-27T07:06:21.852608,V854
AP864327,Invoice Scanned,2025-01-27T07:38:19.784537,V854
AP864327,Invoice Validation,2025-01-27T10:36:52.202185,V854
AP864327,Three-Way Match,2025-01-27T15:44:12.001329,V854
AP864327,Quantity Variance Check,2025-01-27T17:29:31.503015,V854
AP864327,Tax Calculation,2025-01-27T18:34:24.294650,V854
AP864327,Approval Requested,2025-01-27T19:11:20.289401,V854
AP864327,Manager Approval,2025-01-28T02:21:47.826974,V854
AP864327,Vendor Master Data Review,2025-01-28T04:05:19.393451,V854
AP864327,Payment Terms Verification,2025-01-28T05:02:07.788263,V854
AP864327,GL Account Assignment,2025-01-28T05:53:18.027537,V854
AP864327,Cost Center Assignment,2025-01-28T07:52:38.491723,V854
AP864327,Payment Block Release,2025-01-28T08:41:32.269569,V854
AP864327,Payment Scheduled,2025-01-28T14:23:43.782581,V854
AP864327,Payment Executed,2025-01-29T06:17:03.431334,V854
AP864327,Payment Confirmed,2025-01-29T07:31:30.466146,V854
AP864327,Invoice Posted,2025-01-29T08:58:39.982342,V854
AP864327,Document Archived,2025-01-29T09:36:48.165468,V854
AP348229,Invoice Received,2025-01-28T17:10:50.797967,V450
AP348229,Invoice Scanned,2025-01-28T17:33:20.374303,V450
AP348229,Invoice Validation,2025-01-28T20:23:57.241996,V450
AP348229,Three-Way Match,2025-01-28T22:21:37.691584,V450
AP348229,Quantity Variance Check,2025-01-28T23:18:17.714845,V450
AP348229,Tax Calculation,2025-01-29T00:28:05.440808,V450
AP348229,Approval Requested,2025-01-29T00:42:32.115875,V450
AP348229,Manager Approval,2025-01-29T12:21:01.420029,V450
AP348229,Vendor Master Data Review,2025-01-29T13:48:31.875286,V450
AP348229,Payment Terms Verification,2025-01-29T15:00:18.958600,V450
AP348229,GL Account Assignment,2025-01-29T16:13:48.416043,V450
AP348229,Cost Center Assignment,2025-01-29T16:42:58.127121,V450
AP348229,Payment Block Release,2025-01-29T17:02:46.369392,V450
AP348229,Payment Scheduled,2025-01-29T20:07:19.188239,V450
AP348229,Payment Executed,2025-01-30T08:20:04.154835,V450
AP348229,Payment Confirmed,2025-01-30T09:20:59.232274,V450
AP348229,Invoice Posted,2025-01-30T09:52:58.467831,V450
AP348229,Document Archived,2025-01-30T10:16:12.159052,V450
AP410657,Invoice Received,2025-01-29T17:55:37.657311,V591
AP410657,Invoice Scanned,2025-01-29T18:35:15.351084,V591
AP410657,Invoice Validation,2025-01-29T22:24:54.844538,V591
AP410657,Three-Way Match,2025-01-30T02:26:47.990890,V591
AP410657,Tax Calculation,2025-01-30T04:01:01.173398,V591
AP410657,Approval Requested,2025-01-30T04:35:55.001817,V591
AP410657,Manager Approval,2025-01-31T01:22:18.255276,V591
AP410657,Finance Approval,2025-01-31T18:43:28.099435,V591
AP410657,Vendor Master Data Review,2025-01-31T20:07:41.340770,V591
AP410657,Payment Terms Verification,2025-01-31T21:36:22.931688,V591
AP410657,GL Account Assignment,2025-01-31T22:54:37.236842,V591
AP410657,Cost Center Assignment,2025-02-01T00:00:57.967325,V591
AP410657,Payment Block Release,2025-02-01T00:21:45.031964,V591
AP410657,Payment Scheduled,2025-02-01T04:18:24.034690,V591
AP410657,Payment Executed,2025-02-01T08:22:49.589232,V591
AP410657,Payment Confirmed,2025-02-01T08:44:57.173411,V591
AP410657,Invoice Posted,2025-02-01T10:05:40.286582,V591
AP410657,Document Archived,2025-02-01T10:24:44.029809,V591
AP715138,Invoice Received,2025-01-30T20:59:06.634915,V144
AP715138,Invoice Scanned,2025-01-30T21:44:00.720917,V144
AP715138,Invoice Validation,2025-01-30T23:01:27.132447,V144
AP715138,Three-Way Match,2025-01-31T03:39:19.484759,V144
AP715138,Quantity Variance Check,2025-01-31T05:10:06.549725,V144
AP715138,Tax Calculation,2025-01-31T05:47:53.246971,V144
AP715138,Approval Requested,2025-01-31T06:07:35.615881,V144
AP715138,Manager Approval,2025-01-31T21:19:29.077619,V144
AP715138,Finance Approval,2025-02-02T11:48:36.568801,V144
AP715138,Vendor Master Data Review,2025-02-02T12:48:41.731120,V144
AP715138,Payment Terms Verification,2025-02-02T14:36:48.714027,V144
AP715138,GL Account Assignment,2025-02-02T15:11:22.216822,V144
AP715138,Cost Center Assignment,2025-02-02T16:45:02.490045,V144
AP715138,Payment Block Release,2025-02-02T17:11:25.779853,V144
AP715138,Payment Scheduled,2025-02-02T19:04:53.732457,V144
AP715138,Payment Executed,2025-02-03T08:13:34.015729,V144
AP715138,Payment Confirmed,2025-02-03T09:03:22.378435,V144
AP715138,Invoice Posted,2025-02-03T10:26:35.728486,V144
AP715138,Document Archived,2025-02-03T11:15:58.403315,V144
AP619088,Invoice Received,2025-02-01T05:56:50.558111,V153
AP619088,Invoice Scanned,2025-02-01T06:42:01.571691,V153
AP619088,Invoice Validation,2025-02-01T09:18:09.924810,V153
AP619088,Three-Way Match,2025-02-01T12:05:17.430822,V153
AP619088,Tax Calculation,2025-02-01T12:39:17.790782,V153
AP619088,Approval Requested,2025-02-01T12:50:20.886984,V153
AP619088,Manager Approval,2025-02-01T15:33:00.925858,V153
AP619088,Finance Approval,2025-02-02T05:57:33.316153,V153
AP619088,Vendor Master Data Review,2025-02-02T06:57:19.483905,V153
AP619088,Payment Terms Verification,2025-02-02T07:27:46.843077,V153
AP619088,GL Account Assignment,2025-02-02T08:18:55.059612,V153
AP619088,Cost Center Assignment,2025-02-02T08:43:08.826423,V153
AP619088,Payment Block Release,2025-02-02T08:56:21.069908,V153
AP619088,Payment Scheduled,2025-02-02T12:18:46.593708,V153
AP619088,Payment Executed,2025-02-03T08:44:44.208607,V153
AP619088,Payment Confirmed,2025-02-03T09:19:35.355557,V153
AP619088,Invoice Posted,2025-02-03T10:53:27.324440,V153
AP619088,Document Archived,2025-02-03T11:25:44.442426,V153
AP650201,Invoice Received,2025-02-03T03:19:12.420173,V752
AP650201,Invoice Scanned,2025-02-03T04:16:29.680932,V752
AP650201,Invoice Validation,2025-02-03T05:37:25.172112,V752
AP650201,Approval Requested,2025-02-03T06:08:15.536011,V752
AP650201,Manager Approval,2025-02-03T18:22:39.444735,V752
AP650201,Vendor Master Data Review,2025-02-03T19:26:40.176052,V752
AP650201,Payment Terms Verification,2025-02-03T20:32:53.143968,V752
AP650201,GL Account Assignment,2025-02-03T21:23:00.884589,V752
AP650201,Cost Center Assignment,2025-02-03T22:32:52.124641,V752
AP650201,Payment Block Release,2025-02-03T22:51:13.488179,V752
AP650201,Payment Scheduled,2025-02-04T02:57:11.650102,V752
AP650201,Payment Executed,2025-02-04T12:56:08.655858,V752
AP650201,Payment Confirmed,2025-02-04T14:34:12.871103,V752
AP650201,Invoice Posted,2025-02-04T15:45:55.200852,V752
AP650201,Document Archived,2025-02-04T16:26:38.942141,V752
AP239850,Invoice Received,2025-02-03T18:24:26.167582,V429
AP239850,Invoice Scanned,2025-02-03T19:17:49.884388,V429
AP239850,Invoice Validation,2025-02-03T22:38:18.861775,V429
AP239850,Three-Way Match,2025-02-04T02:29:53.887129,V429
AP239850,Quantity Variance Check,2025-02-04T04:23:28.527081,V429
AP239850,Tax Calculation,2025-02-04T05:09:00.801151,V429
AP239850,Approval Requested,2025-02-04T05:41:39.383932,V429
AP239850,Manager Approval,2025-02-04T17:46:13.004303,V429
AP239850,Vendor Master Data Review,2025-02-04T18:31:53.880042,V429
AP239850,Payment Terms Verification,2025-02-04T19:13:22.291908,V429
AP239850,GL Account Assignment,2025-02-04T20:07:41.045595,V429
AP239850,Cost Center Assignment,2025-02-04T20:47:33.948077,V429
AP239850,Payment Block Release,2025-02-04T21:24:02.458849,V429
AP239850,Payment Scheduled,2025-02-05T00:34:14.604981,V429
AP239850,Payment Executed,2025-02-05T16:27:24.483944,V429
AP239850,Payment Confirmed,2025-02-05T17:20:51.671066,V429
AP239850,Invoice Posted,2025-02-05T17:53:24.782718,V429
AP239850,Document Archived,2025-02-05T18:09:01.456019,V429
AP806147,Invoice Received,2025-02-04T14:46:26.958826,V258
AP806147,Invoice Scanned,2025-02-04T15:19:12.874133,V258
AP806147,Invoice Validation,2025-02-04T17:10:26.050703,V258
AP806147,Three-Way Match,2025-02-04T19:18:00.408031,V258
AP806147,Quantity Variance Check,2025-02-04T22:03:40.974881,V258
AP806147,Tax Calculation,2025-02-04T22:48:47.648768,V258
AP806147,Approval Requested,2025-02-04T23:13:28.127719,V258
AP806147,Manager Approval,2025-02-05T05:42:11.167463,V258
AP806147,Vendor Master Data Review,2025-02-05T06:31:02.582683,V258
AP806147,Payment Terms Verification,2025-02-05T07:01:55.018779,V258
AP806147,GL Account Assignment,2025-02-05T07:28:20.063652,V258
AP806147,Cost Center Assignment,2025-02-05T08:33:30.346598,V258
AP806147,Payment Block Release,2025-02-05T08:46:55.303386,V258
AP806147,Payment Scheduled,2025-02-05T13:50:53.424502,V258
AP806147,Payment Executed,2025-02-05T22:47:17.504298,V258
AP806147,Payment Confirmed,2025-02-05T23:15:35.086911,V258
AP806147,Invoice Posted,2025-02-05T23:35:58.756193,V258
AP806147,Document Archived,2025-02-05T23:54:54.907497,V258
AP523142,Invoice Received,2025-02-06T14:13:16.547199,V914
AP523142,Invoice Scanned,2025-02-06T14:53:59.589113,V914
AP523142,Invoice Validation,2025-02-06T17:45:15.925248,V914
AP523142,Three-Way Match,2025-02-06T21:01:18.437753,V914
AP523142,Tax Calculation,2025-02-06T22:51:32.118324,V914
AP523142,Approval Requested,2025-02-06T23:50:08.336149,V914
AP523142,Manager Approval,2025-02-07T04:04:09.374896,V914
AP523142,Vendor Master Data Review,2025-02-07T05:22:08.572893,V914
AP523142,Payment Terms Verification,2025-02-07T06:21:32.475599,V914
AP523142,GL Account Assignment,2025-02-07T08:04:44.193461,V914
AP523142,Cost Center Assignment,2025-02-07T10:11:52.175188,V914
AP523142,Payment Block Release,2025-02-07T10:35:04.608324,V914
AP523142,Payment Scheduled,2025-02-07T17:38:26.509717,V914
AP523142,Payment Executed,2025-02-08T00:50:16.809760,V914
AP523142,Payment Confirmed,2025-02-08T02:57:29.522045,V914
AP523142,Invoice Posted,2025-02-08T04:52:01.814096,V914
AP523142,Document Archived,2025-02-08T05:28:07.735435,V914
AP291315,Invoice Received,2025-02-07T03:12:12.029918,V801
AP291315,Invoice Scanned,2025-02-07T03:53:08.077902,V801
AP291315,Invoice Validation,2025-02-07T06:21:27.631060,V801
AP291315,Approval Requested,2025-02-07T07:07:49.159341,V801
AP291315,Manager Approval,2025-02-08T00:12:19.982477,V801
AP291315,Vendor Master Data Review,2025-02-08T01:15:21.170576,V801
AP291315,Payment Terms Verification,2025-02-08T02:59:06.933530,V801
AP291315,GL Account Assignment,2025-02-08T04:22:53.837284,V801
AP291315,Cost Center Assignment,2025-02-08T05:44:49.561303,V801
AP291315,Payment Block Release,2025-02-08T06:31:28.092833,V801
AP291315,Payment Scheduled,2025-02-08T09:38:47.277185,V801
AP291315,Payment Executed,2025-02-09T04:02:13.517265,V801
AP291315,Payment Confirmed,2025-02-09T05:10:28.007101,V801
AP291315,Invoice Posted,2025-02-09T06:38:38.574180,V801
AP291315,Document Archived,2025-02-09T07:21:55.475650,V801
AP820055,Invoice Received,2025-02-07T07:03:36.551238,V554
AP820055,Invoice Scanned,2025-02-07T07:28:58.402449,V554
AP820055,Invoice Validation,2025-02-07T08:32:34.467039,V554
AP820055,Approval Requested,2025-02-07T08:53:35.415960,V554
AP820055,Manager Approval,2025-02-08T01:45:09.789529,V554
AP820055,Vendor Master Data Review,2025-02-08T02:49:34.826986,V554
AP820055,Payment Terms Verification,2025-02-08T03:25:43.593417,V554
AP820055,GL Account Assignment,2025-02-08T05:08:43.320343,V554
AP820055,Cost Center Assignment,2025-02-08T06:03:42.374982,V554
AP820055,Payment Block Release,2025-02-08T06:57:13.853733,V554
AP820055,Payment Scheduled,2025-02-08T11:05:38.232653,V554
AP820055,Payment Executed,2025-02-09T08:07:39.140477,V554
AP820055,Payment Confirmed,2025-02-09T08:32:42.159187,V554
AP820055,Invoice Posted,2025-02-09T09:40:00.844676,V554
AP820055,Document Archived,2025-02-09T10:13:11.658904,V554
AP470042,Invoice Received,2025-02-08T15:59:42.975661,V361
AP470042,Invoice Scanned,2025-02-08T16:48:19.523185,V361
AP470042,Invoice Validation,2025-02-08T19:32:27.490069,V361
AP470042,Three-Way Match,2025-02-08T22:28:27.498381,V361
AP470042,Price Variance Check,2025-02-09T00:52:20.090327,V361
AP470042,Tax Calculation,2025-02-09T01:27:20.321967,V361
AP470042,Approval Requested,2025-02-09T02:26:53.587709,V361
AP470042,Manager Approval,2025-02-09T16:35:54.535764,V361
AP470042,Vendor Master Data Review,2025-02-09T17:11:40.702239,V361
AP470042,Payment Terms Verification,2025-02-09T18:14:47.256522,V361
AP470042,GL Account Assignment,2025-02-09T19:13:02.491669,V361
AP470042,Cost Center Assignment,2025-02-09T20:02:09.919742,V361
AP470042,Payment Block Release,2025-02-09T20:33:53.311236,V361
AP470042,Payment Scheduled,2025-02-10T04:30:53.176651,V361
AP470042,Payment Executed,2025-02-10T18:29:11.317058,V361
AP470042,Payment Confirmed,2025-02-10T20:07:55.425162,V361
AP470042,Invoice Posted,2025-02-10T21:31:42.315172,V361
AP470042,Document Archived,2025-02-10T22:12:24.341484,V361
AP381779,Invoice Received,2025-02-10T08:39:31.622670,V212
AP381779,Invoice Scanned,2025-02-10T08:53:59.019422,V212
AP381779,Invoice Validation,2025-02-10T10:40:38.349471,V212
AP381779,Three-Way Match,2025-02-10T15:03:34.915649,V212
AP381779,Quantity Variance Check,2025-02-10T18:06:49.422160,V212
AP381779,Tax Calculation,2025-02-10T19:24:38.536814,V212
AP381779,Approval Requested,2025-02-10T19:39:27.321723,V212
AP381779,Manager Approval,2025-02-11T10:59:40.398150,V212
AP381779,Vendor Master Data Review,2025-02-11T11:59:26.250615,V212
AP381779,Payment Terms Verification,2025-02-11T12:57:02.124854,V212
AP381779,GL Account Assignment,2025-02-11T13:27:23.751253,V212
AP381779,Cost Center Assignment,2025-02-11T15:23:55.128332,V212
AP381779,Payment Block Release,2025-02-11T15:51:14.012871,V212
AP381779,Payment Scheduled,2025-02-11T17:41:57.186278,V212
AP381779,Payment Executed,2025-02-11T21:44:19.756633,V212
AP381779,Payment Confirmed,2025-02-11T23:13:08.512203,V212
AP381779,Invoice Posted,2025-02-12T00:27:41.984846,V212
AP381779,Document Archived,2025-02-12T00:46:16.593287,V212
AP820094,Invoice Received,2025-02-11T11:05:19.223088,V635
AP820094,Invoice Scanned,2025-02-11T11:47:00.923874,V635
AP820094,Invoice Validation,2025-02-11T15:10:14.138968,V635
AP820094,Three-Way Match,2025-02-11T19:56:16.494042,V635
AP820094,Price Variance Check,2025-02-11T21:35:25.871524,V635
AP820094,Tax Calculation,2025-02-11T22:27:38.988349,V635
AP820094,Approval Requested,2025-02-11T23:15:29.262246,V635
AP820094,Manager Approval,2025-02-12T13:34:33.185797,V635
AP820094,Vendor Master Data Review,2025-02-12T15:11:16.671387,V635
AP820094,Payment Terms Verification,2025-02-12T15:57:39.350284,V635
AP820094,GL Account Assignment,2025-02-12T16:26:42.318283,V635
AP820094,Cost Center Assignment,2025-02-12T17:25:07.229377,V635
AP820094,Payment Block Release,2025-02-12T17:40:55.798678,V635
AP820094,Payment Scheduled,2025-02-13T02:07:17.598773,V635
AP820094,Payment Executed,2025-02-13T14:51:44.102443,V635
AP820094,Payment Confirmed,2025-02-13T16:55:42.231390,V635
AP820094,Invoice Posted,2025-02-13T18:13:37.206307,V635
AP820094,Document Archived,2025-02-13T19:15:21.868411,V635
AP251426,Invoice Received,2025-02-13T07:24:33.167882,V325
AP251426,Invoice Scanned,2025-02-13T08:01:53.391869,V325
AP251426,Invoice Validation,2025-02-13T09:13:43.447786,V325
AP251426,Approval Requested,2025-02-13T09:28:55.956968,V325
AP251426,Manager Approval,2025-02-14T02:55:16.096596,V325
AP251426,Finance Approval,2025-02-15T10:47:25.192875,V325
AP251426,Vendor Master Data Review,2025-02-15T11:19:46.678942,V325
AP251426,Payment Terms Verification,2025-02-15T12:16:06.144513,V325
AP251426,GL Account Assignment,2025-02-15T13:00:57.363181,V325
AP251426,Cost Center Assignment,2025-02-15T13:56:14.946669,V325
AP251426,Payment Block Release,2025-02-15T14:12:55.158428,V325
AP251426,Payment Scheduled,2025-02-15T18:43:20.676105,V325
AP251426,Payment Executed,2025-02-16T09:40:46.010535,V325
AP251426,Payment Confirmed,2025-02-16T10:42:00.940339,V325
AP251426,Invoice Posted,2025-02-16T11:41:06.615118,V325
AP251426,Document Archived,2025-02-16T12:17:53.715134,V325
AP630084,Invoice Received,2025-02-14T03:54:45.087648,V369
AP630084,Invoice Scanned,2025-02-14T04:08:34.291720,V369
AP630084,Invoice Validation,2025-02-14T06:10:10.924957,V369
AP630084,Three-Way Match,2025-02-14T09:12:12.462935,V369
AP630084,Price Variance Check,2025-02-14T11:37:07.144783,V369
AP630084,Tax Calculation,2025-02-14T13:33:44.426038,V369
AP630084,Approval Requested,2025-02-14T14:16:51.051922,V369
AP630084,Manager Approval,2025-02-15T06:46:32.281435,V369
AP630084,Vendor Master Data Review,2025-02-15T08:44:52.508694,V369
AP630084,Payment Terms Verification,2025-02-15T10:36:24.212575,V369
AP630084,GL Account Assignment,2025-02-15T12:00:16.757985,V369
AP630084,Cost Center Assignment,2025-02-15T13:47:51.520679,V369
AP630084,Payment Block Release,2025-02-15T14:32:18.701054,V369
AP630084,Payment Scheduled,2025-02-15T18:13:32.847637,V369
AP630084,Payment Executed,2025-02-16T01:15:07.116659,V369
AP630084,Payment Confirmed,2025-02-16T02:13:24.015552,V369
AP630084,Invoice Posted,2025-02-16T04:04:11.575255,V369
AP630084,Document Archived,2025-02-16T05:09:09.462919,V369
AP443831,Invoice Received,2025-02-14T17:18:09.898932,V571
AP443831,Invoice Scanned,2025-02-14T18:00:44.470307,V571
AP443831,Invoice Validation,2025-02-14T20:10:51.110433,V571
AP443831,Three-Way Match,2025-02-14T23:42:41.671415,V571
AP443831,Price Variance Check,2025-02-15T01:13:01.488426,V571
AP443831,Tax Calculation,2025-02-15T01:59:07.891505,V571
AP443831,Approval Requested,2025-02-15T02:18:22.974295,V571
AP443831,Manager Approval,2025-02-15T16:01:37.315303,V571
AP443831,Finance Approval,2025-02-16T00:04:33.743644,V571
AP443831,Vendor Master Data Review,2025-02-16T01:41:25.281319,V571
AP443831,Payment Terms Verification,2025-02-16T03:15:34.481412,V571
AP443831,GL Account Assignment,2025-02-16T05:15:42.733367,V571
AP443831,Cost Center Assignment,2025-02-16T05:46:09.103482,V571
AP443831,Payment Block Release,2025-02-16T06:47:26.733441,V571
AP443831,Payment Scheduled,2025-02-16T14:26:34.156151,V571
AP443831,Payment Executed,2025-02-17T13:05:46.274089,V571
AP443831,Payment Confirmed,2025-02-17T14:22:14.164591,V571
AP443831,Invoice Posted,2025-02-17T16:12:11.258250,V571
AP443831,Document Archived,2025-02-17T16:58:22.019386,V571
AP747925,Invoice Received,2025-02-15T22:42:24.196771,V557
AP747925,Invoice Scanned,2025-02-15T23:26:43.428677,V557
AP747925,Invoice Validation,2025-02-16T01:22:05.396673,V557
AP747925,Three-Way Match,2025-02-16T05:20:15.839758,V557
AP747925,Tax Calculation,2025-02-16T05:59:25.088136,V557
AP747925,Approval Requested,2025-02-16T06:59:04.699516,V557
AP747925,Manager Approval,2025-02-16T14:35:55.002312,V557
AP747925,Vendor Master Data Review,2025-02-16T16:47:26.244687,V557
AP747925,Payment Terms Verification,2025-02-16T18:35:46.683099,V557
AP747925,GL Account Assignment,2025-02-16T19:22:02.140795,V557
AP747925,Cost Center Assignment,2025-02-16T20:52:52.088743,V557
AP747925,Payment Block Release,2025-02-16T21:36:56.537198,V557
AP747925,Payment Scheduled,2025-02-17T00:22:55.407909,V557
AP747925,Payment Executed,2025-02-17T22:52:37.989982,V557
AP747925,Payment Confirmed,2025-02-18T00:40:01.499709,V557
AP747925,Invoice Posted,2025-02-18T02:14:47.600328,V557
AP747925,Document Archived,2025-02-18T03:05:42.805013,V557
AP490959,Invoice Received,2025-02-16T14:23:29.496082,V170
AP490959,Invoice Scanned,2025-02-16T14:46:22.871661,V170
AP490959,Invoice Validation,2025-02-16T18:47:47.559673,V170
AP490959,Three-Way Match,2025-02-17T00:06:13.015668,V170
AP490959,Tax Calculation,2025-02-17T01:10:01.344502,V170
AP490959,Approval Requested,2025-02-17T01:46:53.113981,V170
AP490959,Manager Approval,2025-02-17T05:23:09.531446,V170
AP490959,Finance Approval,2025-02-19T04:50:26.138820,V170
AP490959,Vendor Master Data Review,2025-02-19T05:16:11.845837,V170
AP490959,Payment Terms Verification,2025-02-19T05:50:55.304013,V170
AP490959,GL Account Assignment,2025-02-19T06:26:25.979122,V170
AP490959,Cost Center Assignment,2025-02-19T07:52:55.705482,V170
AP490959,Payment Block Release,2025-02-19T08:18:03.158893,V170
AP490959,Payment Scheduled,2025-02-19T13:27:39.572190,V170
AP490959,Payment Executed,2025-02-20T04:09:33.517220,V170
AP490959,Payment Confirmed,2025-02-20T05:43:07.161381,V170
AP490959,Invoice Posted,2025-02-20T06:56:51.541389,V170
AP490959,Document Archived,2025-02-20T07:45:51.706813,V170
AP311059,Invoice Received,2025-02-17T06:50:16.752848,V889
AP311059,Invoice Scanned,2025-02-17T07:40:24.295675,V889
AP311059,Invoice Validation,2025-02-17T08:51:37.977367,V889
AP311059,Three-Way Match,2025-02-17T13:05:04.855564,V889
AP311059,Quantity Variance Check,2025-02-17T14:23:39.119307,V889
AP311059,Tax Calculation,2025-02-17T15:43:31.154576,V889
AP311059,Approval Requested,2025-02-17T16:12:16.584063,V889
AP311059,Manager Approval,2025-02-18T00:43:25.773795,V889
AP311059,Finance Approval,2025-02-18T14:28:23.217238,V889
AP311059,Vendor Master Data Review,2025-02-18T16:23:31.088392,V889
AP311059,Payment Terms Verification,2025-02-18T17:46:01.487491,V889
AP311059,GL Account Assignment,2025-02-18T18:51:29.687726,V889
AP311059,Cost Center Assignment,2025-02-18T20:44:44.834981,V889
AP311059,Payment Block Release,2025-02-18T21:39:35.238919,V889
AP311059,Payment Scheduled,2025-02-18T23:44:06.538522,V889
AP311059,Payment Executed,2025-02-19T04:24:56.912627,V889
AP311059,Payment Confirmed,2025-02-19T05:52:32.675288,V889
AP311059,Invoice Posted,2025-02-19T07:08:10.787817,V889
AP311059,Document Archived,2025-02-19T07:38:25.959692,V889
AP422090,Invoice Received,2025-02-18T23:58:59.285643,V243
AP422090,Invoice Scanned,2025-02-19T00:41:49.680747,V243
AP422090,Invoice Validation,2025-02-19T02:49:07.197224,V243
AP422090,Three-Way Match,2025-02-19T09:23:06.432772,V243
AP422090,Quantity Variance Check,2025-02-19T12:54:31.354931,V243
AP422090,Tax Calculation,2025-02-19T14:58:56.949950,V243
AP422090,Approval Requested,2025-02-19T15:46:29.235785,V243
AP422090,Manager Approval,2025-02-19T20:49:50.458347,V243
AP422090,Finance Approval,2025-02-22T12:40:18.975865,V243
AP422090,Vendor Master Data Review,2025-02-22T13:56:31.257705,V243
AP422090,Payment Terms Verification,2025-02-22T15:51:24.468902,V243
AP422090,GL Account Assignment,2025-02-22T18:31:55.146818,V243
AP422090,Cost Center Assignment,2025-02-22T19:31:40.513520,V243
AP422090,Payment Block Release,2025-02-22T20:34:17.879631,V243
AP422090,Payment Scheduled,2025-02-23T02:54:07.793470,V243
AP422090,Payment Executed,2025-02-23T16:08:40.385462,V243
AP422090,Payment Confirmed,2025-02-23T16:59:08.921513,V243
AP422090,Invoice Posted,2025-02-23T19:03:07.347957,V243
AP422090,Document Archived,2025-02-23T19:48:34.510678,V243
AP830524,Invoice Received,2025-02-19T10:45:02.698208,V900
AP830524,Invoice Scanned,2025-02-19T11:31:09.351161,V900
AP830524,Invoice Validation,2025-02-19T14:19:33.064295,V900
AP830524,Three-Way Match,2025-02-19T17:23:35.274086,V900
AP830524,Quantity Variance Check,2025-02-19T19:15:11.587988,V900
AP830524,Tax Calculation,2025-02-19T20:28:50.048168,V900
AP830524,Approval Requested,2025-02-19T20:49:51.832679,V900
AP830524,Manager Approval,2025-02-20T03:37:44.224592,V900
AP830524,Vendor Master Data Review,2025-02-20T04:47:19.800420,V900
AP830524,Payment Terms Verification,2025-02-20T05:57:16.439146,V900
AP830524,GL Account Assignment,2025-02-20T06:41:20.911140,V900
AP830524,Cost Center Assignment,2025-02-20T08:02:15.767827,V900
AP830524,Payment Block Release,2025-02-20T08:43:19.729685,V900
AP830524,Payment Scheduled,2025-02-20T12:35:15.825294,V900
AP830524,Payment Executed,2025-02-21T08:35:23.889181,V900
AP830524,Payment Confirmed,2025-02-21T10:05:44.631652,V900
AP830524,Invoice Posted,2025-02-21T11:17:52.081588,V900
AP830524,Document Archived,2025-02-21T12:02:54.603389,V900
AP523880,Invoice Received,2025-02-20T00:16:04.436796,V134
AP523880,Invoice Scanned,2025-02-20T00:59:18.124717,V134
AP523880,Invoice Validation,2025-02-20T03:51:35.245339,V134
AP523880,Three-Way Match,2025-02-20T09:20:32.137678,V134
AP523880,Price Variance Check,2025-02-20T10:39:49.773252,V134
AP523880,Tax Calculation,2025-02-20T11:21:56.918633,V134
AP523880,Approval Requested,2025-02-20T11:38:15.141365,V134
AP523880,Manager Approval,2025-02-21T00:26:53.650181,V134
AP523880,Finance Approval,2025-02-22T17:01:10.817098,V134
AP523880,Vendor Master Data Review,2025-02-22T18:48:23.659944,V134
AP523880,Payment Terms Verification,2025-02-22T20:25:40.082303,V134
AP523880,GL Account Assignment,2025-02-22T21:33:05.902415,V134
AP523880,Cost Center Assignment,2025-02-22T22:13:38.453899,V134
AP523880,Payment Block Release,2025-02-22T22:30:54.573487,V134
AP523880,Payment Scheduled,2025-02-23T05:36:46.594671,V134
AP523880,Payment Executed,2025-02-23T11:09:23.427719,V134
AP523880,Payment Confirmed,2025-02-23T11:59:41.334333,V134
AP523880,Invoice Posted,2025-02-23T13:22:39.498547,V134
AP523880,Document Archived,2025-02-23T14:11:45.551567,V134
AP451834,Invoice Received,2025-02-20T13:28:59.450490,V952
AP451834,Invoice Scanned,2025-02-20T13:46:17.914293,V952
AP451834,Invoice Validation,2025-02-20T16:12:40.243812,V952
AP451834,Three-Way Match,2025-02-20T19:48:29.369127,V952
AP451834,Quantity Variance Check,2025-02-20T21:06:49.298809,V952
AP451834,Tax Calculation,2025-02-20T21:38:12.696658,V952
AP451834,Approval Requested,2025-02-20T22:01:12.975320,V952
AP451834,Manager Approval,2025-02-21T09:33:49.868221,V952
AP451834,Vendor Master Data Review,2025-02-21T10:19:02.128568,V952
AP451834,Payment Terms Verification,2025-02-21T11:11:25.661554,V952
AP451834,GL Account Assignment,2025-02-21T12:07:43.466763,V952
AP451834,Cost Center Assignment,2025-02-21T13:35:55.109707,V952
AP451834,Payment Block Release,2025-02-21T14:05:48.523479,V952
AP451834,Payment Scheduled,2025-02-21T16:00:21.447751,V952
AP451834,Payment Executed,2025-02-22T09:36:19.939500,V952
AP451834,Payment Confirmed,2025-02-22T10:34:04.175757,V952
AP451834,Invoice Posted,2025-02-22T11:19:31.903236,V952
AP451834,Document Archived,2025-02-22T12:01:54.241638,V952
AP402559,Invoice Received,2025-02-21T10:10:36.537666,V999
AP402559,Invoice Scanned,2025-02-21T10:58:43.276110,V999
AP402559,Invoice Validation,2025-02-21T12:28:49.309023,V999
AP402559,Three-Way Match,2025-02-21T18:02:54.710656,V999
AP402559,Price Variance Check,2025-02-21T20:33:26.158710,V999
AP402559,Tax Calculation,2025-02-21T21:27:53.876399,V999
AP402559,Approval Requested,2025-02-21T22:26:53.711743,V999
AP402559,Manager Approval,2025-02-22T11:47:18.516848,V999
AP402559,Finance Approval,2025-02-23T03:31:52.299663,V999
AP402559,Vendor Master Data Review,2025-02-23T05:28:06.136313,V999
AP402559,Payment Terms Verification,2025-02-23T06:18:10.719692,V999
AP402559,GL Account Assignment,2025-02-23T07:10:32.031147,V999
AP402559,Cost Center Assignment,2025-02-23T08:12:54.854515,V999
AP402559,Payment Block Release,2025-02-23T08:39:48.679054,V999
AP402559,Payment Scheduled,2025-02-23T11:30:42.447420,V999
AP402559,Payment Executed,2025-02-24T03:22:28.368216,V999
AP402559,Payment Confirmed,2025-02-24T05:00:25.977810,V999
AP402559,Invoice Posted,2025-02-24T06:26:33.977093,V999
AP402559,Document Archived,2025-02-24T06:56:09.358431,V999
AP787633,Invoice Received,2025-02-21T16:24:03.805986,V301
AP787633,Invoice Scanned,2025-02-21T17:00:22.342607,V301
AP787633,Invoice Validation,2025-02-21T18:23:58.719619,V301
AP787633,Approval Requested,2025-02-21T19:28:27.687651,V301
AP787633,Manager Approval,2025-02-22T14:40:00.737926,V301
AP787633,Vendor Master Data Review,2025-02-22T16:18:55.908139,V301
AP787633,Payment Terms Verification,2025-02-22T17:23:47.590686,V301
AP787633,GL Account Assignment,2025-02-22T18:02:53.345824,V301
AP787633,Cost Center Assignment,2025-02-22T19:57:33.439824,V301
AP787633,Payment Block Release,2025-02-22T20:50:04.434055,V301
AP787633,Payment Scheduled,2025-02-23T00:17:41.596950,V301
AP787633,Payment Executed,2025-02-23T19:56:20.801174,V301
AP787633,Payment Confirmed,2025-02-23T21:04:57.355494,V301
AP787633,Invoice Posted,2025-02-23T23:03:11.258830,V301
AP787633,Document Archived,2025-02-23T23:58:32.271065,V301
AP325686,Invoice Received,2025-02-23T07:43:41.253253,V504
AP325686,Invoice Scanned,2025-02-23T08:03:31.926194,V504
AP325686,Invoice Validation,2025-02-23T10:40:05.284616,V504
AP325686,Approval Requested,2025-02-23T11:13:56.345584,V504
AP325686,Manager Approval,2025-02-24T06:29:31.203476,V504
AP325686,Vendor Master Data Review,2025-02-24T07:40:07.380726,V504
AP325686,Payment Terms Verification,2025-02-24T08:13:47.275717,V504
AP325686,GL Account Assignment,2025-02-24T09:04:14.264740,V504
AP325686,Cost Center Assignment,2025-02-24T09:48:54.148219,V504
AP325686,Payment Block Release,2025-02-24T10:34:52.194974,V504
AP325686,Payment Scheduled,2025-02-24T16:18:36.965799,V504
AP325686,Payment Executed,2025-02-25T13:05:00.190042,V504
AP325686,Payment Confirmed,2025-02-25T14:12:14.994930,V504
AP325686,Invoice Posted,2025-02-25T15:57:51.867572,V504
AP325686,Document Archived,2025-02-25T16:29:07.910202,V504
AP165091,Invoice Received,2025-02-24T11:13:45.147411,V172
AP165091,Invoice Scanned,2025-02-24T11:30:15.216849,V172
AP165091,Invoice Validation,2025-02-24T12:33:31.117392,V172
AP165091,Three-Way Match,2025-02-24T17:20:35.799909,V172
AP165091,Quantity Variance Check,2025-02-24T19:25:34.741171,V172
AP165091,Tax Calculation,2025-02-24T21:01:28.246537,V172
AP165091,Approval Requested,2025-02-24T21:23:46.961843,V172
AP165091,Manager Approval,2025-02-25T21:42:18.163825,V172
AP165091,Vendor Master Data Review,2025-02-25T22:46:32.021882,V172
AP165091,Payment Terms Verification,2025-02-26T00:39:50.402678,V172
AP165091,GL Account Assignment,2025-02-26T01:30:39.313772,V172
AP165091,Cost Center Assignment,2025-02-26T02:32:16.301724,V172
AP165091,Payment Block Release,2025-02-26T02:58:08.688302,V172
AP165091,Payment Scheduled,2025-02-26T05:09:28.703622,V172
AP165091,Payment Executed,2025-02-26T10:20:23.113301,V172
AP165091,Payment Confirmed,2025-02-26T11:04:15.374683,V172
AP165091,Invoice Posted,2025-02-26T11:49:47.265475,V172
AP165091,Document Archived,2025-02-26T12:10:30.984326,V172
AP619582,Invoice Received,2025-02-24T17:01:58.166882,V218
AP619582,Invoice Scanned,2025-02-24T17:40:03.595311,V218
AP619582,Invoice Validation,2025-02-24T18:33:48.172795,V218
AP619582,Approval Requested,2025-02-24T19:09:57.891354,V218
AP619582,Manager Approval,2025-02-25T10:15:13.116083,V218
AP619582,Finance Approval,2025-02-25T17:07:09.259597,V218
AP619582,Vendor Master Data Review,2025-02-25T18:45:11.077716,V218
AP619582,Payment Terms Verification,2025-02-25T20:04:36.195668,V218
AP619582,GL Account Assignment,2025-02-25T21:45:11.789087,V218
AP619582,Cost Center Assignment,2025-02-25T23:00:49.549872,V218
AP619582,Payment Block Release,2025-02-25T23:36:33.625259,V218
AP619582,Payment Scheduled,2025-02-26T05:12:33.442959,V218
AP619582,Payment Executed,2025-02-26T19:50:13.684290,V218
AP619582,Payment Confirmed,2025-02-26T21:31:00.620360,V218
AP619582,Invoice Posted,2025-02-26T22:21:11.218721,V218
AP619582,Document Archived,2025-02-26T22:56:29.305515,V218
AP328374,Invoice Received,2025-02-24T22:38:55.374134,V439
AP328374,Invoice Scanned,2025-02-24T23:09:43.827217,V439
AP328374,Invoice Validation,2025-02-25T00:21:01.347081,V439
AP328374,Three-Way Match,2025-02-25T02:57:55.643056,V439
AP328374,Quantity Variance Check,2025-02-25T03:56:09.056464,V439
AP328374,Tax Calculation,2025-02-25T04:41:02.943292,V439
AP328374,Approval Requested,2025-02-25T05:21:34.124809,V439
AP328374,Manager Approval,2025-02-25T16:50:00.888540,V439
AP328374,Vendor Master Data Review,2025-02-25T18:08:11.050770,V439
AP328374,Payment Terms Verification,2025-02-25T19:13:06.685619,V439
AP328374,GL Account Assignment,2025-02-25T20:22:17.898639,V439
AP328374,Cost Center Assignment,2025-02-25T21:54:57.901835,V439
AP328374,Payment Block Release,2025-02-25T22:24:51.394359,V439
AP328374,Payment Scheduled,2025-02-26T00:37:35.481812,V439
AP328374,Payment Executed,2025-02-26T18:28:24.926732,V439
AP328374,Payment Confirmed,2025-02-26T19:20:57.204251,V439
AP328374,Invoice Posted,2025-02-26T20:13:43.472051,V439
AP328374,Document Archived,2025-02-26T20:34:13.598117,V439
AP187035,Invoice Received,2025-02-26T18:33:30.279601,V401
AP187035,Invoice Scanned,2025-02-26T19:20:02.438026,V401
AP187035,Invoice Validation,2025-02-26T22:37:16.930321,V401
AP187035,Three-Way Match,2025-02-27T01:03:48.914316,V401
AP187035,Tax Calculation,2025-02-27T02:30:22.386074,V401
AP187035,Approval Requested,2025-02-27T02:47:57.853315,V401
AP187035,Manager Approval,2025-02-27T15:22:59.525602,V401
AP187035,Vendor Master Data Review,2025-02-27T17:49:45.135058,V401
AP187035,Payment Terms Verification,2025-02-27T18:29:30.168803,V401
AP187035,GL Account Assignment,2025-02-27T19:19:12.853104,V401
AP187035,Cost Center Assignment,2025-02-27T20:34:54.944115,V401
AP187035,Payment Block Release,2025-02-27T21:03:21.073127,V401
AP187035,Payment Scheduled,2025-02-28T02:25:06.620564,V401
AP187035,Payment Executed,2025-02-28T19:20:40.816886,V401
AP187035,Payment Confirmed,2025-02-28T20:32:00.925292,V401
AP187035,Invoice Posted,2025-02-28T21:04:53.620977,V401
AP187035,Document Archived,2025-02-28T21:53:36.034609,V401
AP919729,Invoice Received,2025-02-27T23:56:09.733434,V204
AP919729,Invoice Scanned,2025-02-28T00:11:04.608887,V204
AP919729,Invoice Validation,2025-02-28T01:41:14.651675,V204
AP919729,Approval Requested,2025-02-28T02:20:33.096407,V204
AP919729,Manager Approval,2025-02-28T16:23:56.230896,V204
AP919729,Finance Approval,2025-03-02T01:17:20.687531,V204
AP919729,Vendor Master Data Review,2025-03-02T02:43:35.813303,V204
AP919729,Payment Terms Verification,2025-03-02T04:21:56.066525,V204
AP919729,GL Account Assignment,2025-03-02T04:57:04.918843,V204
AP919729,Cost Center Assignment,2025-03-02T06:06:08.242331,V204
AP919729,Payment Block Release,2025-03-02T06:46:10.357315,V204
AP919729,Payment Scheduled,2025-03-02T09:41:52.551925,V204
AP919729,Payment Executed,2025-03-03T00:16:48.256551,V204
AP919729,Payment Confirmed,2025-03-03T01:22:50.886600,V204
AP919729,Invoice Posted,2025-03-03T02:08:34.425548,V204
AP919729,Document Archived,2025-03-03T02:34:22.128102,V204
AP634710,Invoice Received,2025-02-28T07:51:52.176880,V790
AP634710,Invoice Scanned,2025-02-28T08:10:37.042526,V790
AP634710,Invoice Validation,2025-02-28T10:29:57.857405,V790
AP634710,Three-Way Match,2025-02-28T15:13:01.188356,V790
AP634710,Quantity Variance Check,2025-02-28T16:03:43.876180,V790
AP634710,Tax Calculation,2025-02-28T17:21:45.022370,V790
AP634710,Approval Requested,2025-02-28T17:46:17.014045,V790
AP634710,Manager Approval,2025-03-01T08:36:07.221200,V790
AP634710,Finance Approval,2025-03-02T17:08:09.205759,V790
AP634710,Vendor Master Data Review,2025-03-02T18:48:15.001633,V790
AP634710,Payment Terms Verification,2025-03-02T19:39:13.463686,V790
AP634710,GL Account Assignment,2025-03-02T20:24:35.762043,V790
AP634710,Cost Center Assignment,2025-03-02T21:52:06.409764,V790
AP634710,Payment Block Release,2025-03-02T22:29:42.646102,V790
AP634710,Payment Scheduled,2025-03-03T00:55:52.724601,V790
AP634710,Payment Executed,2025-03-03T03:46:19.394528,V790
AP634710,Payment Confirmed,2025-03-03T04:33:25.426737,V790
AP634710,Invoice Posted,2025-03-03T05:47:49.598942,V790
AP634710,Document Archived,2025-03-03T06:01:43.525008,V790
AP796130,Invoice Received,2025-03-01T05:54:16.035365,V673
AP796130,Invoice Scanned,2025-03-01T06:09:23.932661,V673
AP796130,Invoice Validation,2025-03-01T07:37:01.453148,V673
AP796130,Three-Way Match,2025-03-01T11:22:51.486162,V673
AP796130,Tax Calculation,2025-03-01T12:04:33.165210,V673
AP796130,Approval Requested,2025-03-01T12:39:25.159454,V673
AP796130,Manager Approval,2025-03-02T02:20:22.453046,V673
AP796130,Finance Approval,2025-03-02T12:58:04.058052,V673
AP796130,Vendor Master Data Review,2025-03-02T13:31:42.135569,V673
AP796130,Payment Terms Verification,2025-03-02T13:53:34.917240,V673
AP796130,GL Account Assignment,2025-03-02T14:43:48.575355,V673
AP796130,Cost Center Assignment,2025-03-02T16:11:55.166212,V673
AP796130,Payment Block Release,2025-03-02T16:40:51.370040,V673
AP796130,Payment Scheduled,2025-03-02T23:56:00.739932,V673
AP796130,Payment Executed,2025-03-03T16:53:48.074258,V673
AP796130,Payment Confirmed,2025-03-03T17:24:41.350652,V673
AP796130,Invoice Posted,2025-03-03T18:10:14.598306,V673
AP796130,Document Archived,2025-03-03T18:29:28.193440,V673
AP333036,Invoice Received,2025-03-02T15:08:29.554672,V968
AP333036,Invoice Scanned,2025-03-02T15:24:44.246393,V968
AP333036,Invoice Validation,2025-03-02T16:22:20.244125,V968
AP333036,Three-Way Match,2025-03-02T19:41:24.183950,V968
AP333036,Quantity Variance Check,2025-03-02T21:24:35.295093,V968
AP333036,Tax Calculation,2025-03-02T22:03:39.080806,V968
AP333036,Approval Requested,2025-03-02T22:19:02.664290,V968
AP333036,Manager Approval,2025-03-03T10:38:50.357605,V968
AP333036,Vendor Master Data Review,2025-03-03T11:23:31.775937,V968
AP333036,Payment Terms Verification,2025-03-03T12:18:59.261847,V968
AP333036,GL Account Assignment,2025-03-03T13:35:25.824650,V968
AP333036,Cost Center Assignment,2025-03-03T14:06:35.837017,V968
AP333036,Payment Block Release,2025-03-03T14:29:01.943325,V968
AP333036,Payment Scheduled,2025-03-03T18:10:03.645438,V968
AP333036,Payment Executed,2025-03-04T07:17:24.838443,V968
AP333036,Payment Confirmed,2025-03-04T08:15:13.098755,V968
AP333036,Invoice Posted,2025-03-04T09:24:28.172639,V968
AP333036,Document Archived,2025-03-04T09:58:36.487842,V968
AP777513,Invoice Received,2025-03-03T16:01:57.098944,V122
AP777513,Invoice Scanned,2025-03-03T16:18:40.257377,V122
AP777513,Invoice Validation,2025-03-03T18:37:35.627285,V122
AP777513,Three-Way Match,2025-03-03T22:37:04.445728,V122
AP777513,Price Variance Check,2025-03-04T01:19:59.122457,V122
AP777513,Tax Calculation,2025-03-04T02:46:07.527886,V122
AP777513,Approval Requested,2025-03-04T03:09:10.478915,V122
AP777513,Manager Approval,2025-03-05T00:34:55.256741,V122
AP777513,Finance Approval,2025-03-05T17:32:21.849751,V122
AP777513,Vendor Master Data Review,2025-03-05T18:56:33.735154,V122
AP777513,Payment Terms Verification,2025-03-05T19:30:52.476809,V122
AP777513,GL Account Assignment,2025-03-05T21:19:54.498952,V122
AP777513,Cost Center Assignment,2025-03-05T22:44:59.363946,V122
AP777513,Payment Block Release,2025-03-05T23:28:04.914561,V122
AP777513,Payment Scheduled,2025-03-06T08:11:54.193522,V122
AP777513,Payment Executed,2025-03-07T07:00:07.126209,V122
AP777513,Payment Confirmed,2025-03-07T07:56:32.195087,V122
AP777513,Invoice Posted,2025-03-07T09:20:23.735129,V122
AP777513,Document Archived,2025-03-07T09:43:21.758099,V122
AP436752,Invoice Received,2025-03-04T02:03:08.031280,V588
AP436752,Invoice Scanned,2025-03-04T02:37:32.811402,V588
AP436752,Invoice Validation,2025-03-04T03:31:27.997277,V588
AP436752,Three-Way Match,2025-03-04T07:50:25.001744,V588
AP436752,Price Variance Check,2025-03-04T09:48:36.143891,V588
AP436752,Tax Calculation,2025-03-04T10:33:50.209773,V588
AP436752,Approval Requested,2025-03-04T11:06:48.142920,V588
AP436752,Manager Approval,2025-03-04T13:48:15.341758,V588
AP436752,Vendor Master Data Review,2025-03-04T14:49:46.988322,V588
AP436752,Payment Terms Verification,2025-03-04T15:58:43.498851,V588
AP436752,GL Account Assignment,2025-03-04T16:40:57.430559,V588
AP436752,Cost Center Assignment,2025-03-04T17:03:46.152458,V588
AP436752,Payment Block Release,2025-03-04T17:32:53.639899,V588
AP436752,Payment Scheduled,2025-03-04T22:23:20.421256,V588
AP436752,Payment Executed,2025-03-05T03:53:34.168349,V588
AP436752,Payment Confirmed,2025-03-05T04:32:15.749477,V588
AP436752,Invoice Posted,2025-03-05T05:50:54.076050,V588
AP436752,Document Archived,2025-03-05T06:22:46.121919,V588
AP208298,Invoice Received,2025-03-05T02:53:39.968766,V602
AP208298,Invoice Scanned,2025-03-05T03:39:13.538891,V602
AP208298,Invoice Validation,2025-03-05T06:00:50.704110,V602
AP208298,Three-Way Match,2025-03-05T08:24:45.856095,V602
AP208298,Price Variance Check,2025-03-05T12:29:12.983711,V602
AP208298,Tax Calculation,2025-03-05T13:26:33.535811,V602
AP208298,Approval Requested,2025-03-05T14:18:36.543682,V602
AP208298,Manager Approval,2025-03-06T16:47:30.871967,V602
AP208298,Vendor Master Data Review,2025-03-06T18:44:19.562072,V602
AP208298,Payment Terms Verification,2025-03-06T20:19:52.316077,V602
AP208298,GL Account Assignment,2025-03-06T22:10:38.080270,V602
AP208298,Cost Center Assignment,2025-03-06T23:35:16.342306,V602
AP208298,Payment Block Release,2025-03-07T00:45:39.758098,V602
AP208298,Payment Scheduled,2025-03-07T05:34:42.156631,V602
AP208298,Payment Executed,2025-03-08T09:11:04.383540,V602
AP208298,Payment Confirmed,2025-03-08T11:02:52.743739,V602
AP208298,Invoice Posted,2025-03-08T11:47:48.801119,V602
AP208298,Document Archived,2025-03-08T12:16:03.281962,V602
AP215193,Invoice Received,2025-03-05T19:53:39.265384,V246
AP215193,Invoice Scanned,2025-03-05T20:13:54.313742,V246
AP215193,Invoice Validation,2025-03-05T22:48:16.881190,V246
AP215193,Three-Way Match,2025-03-06T01:27:21.245962,V246
AP215193,Quantity Variance Check,2025-03-06T03:45:47.494602,V246
AP215193,Tax Calculation,2025-03-06T05:15:19.710691,V246
AP215193,Approval Requested,2025-03-06T05:48:05.484818,V246
AP215193,Manager Approval,2025-03-07T00:53:01.487955,V246
AP215193,Vendor Master Data Review,2025-03-07T01:49:13.220600,V246
AP215193,Payment Terms Verification,2025-03-07T03:54:59.442345,V246
AP215193,GL Account Assignment,2025-03-07T05:11:47.065338,V246
AP215193,Cost Center Assignment,2025-03-07T07:19:47.469216,V246
AP215193,Payment Block Release,2025-03-07T08:11:30.684014,V246
AP215193,Payment Scheduled,2025-03-07T12:10:21.797642,V246
AP215193,Payment Executed,2025-03-07T20:43:42.311897,V246
AP215193,Payment Confirmed,2025-03-07T21:21:24.248348,V246
AP215193,Invoice Posted,2025-03-07T23:38:58.378901,V246
AP215193,Document Archived,2025-03-08T00:04:20.103424,V246
AP694947,Invoice Received,2025-03-07T07:22:01.401151,V815
AP694947,Invoice Scanned,2025-03-07T07:47:11.193110,V815
AP694947,Invoice Validation,2025-03-07T08:30:51.513794,V815
AP694947,Three-Way Match,2025-03-07T12:47:01.738752,V815
AP694947,Tax Calculation,2025-03-07T14:06:47.071816,V815
AP694947,Approval Requested,2025-03-07T14:19:07.362230,V815
AP694947,Manager Approval,2025-03-07T19:08:06.322248,V815
AP694947,Vendor Master Data Review,2025-03-07T20:44:02.576675,V815
AP694947,Payment Terms Verification,2025-03-07T21:38:42.352241,V815
AP694947,GL Account Assignment,2025-03-07T22:28:46.780402,V815
AP694947,Cost Center Assignment,2025-03-07T23:11:25.550351,V815
AP694947,Payment Block Release,2025-03-07T23:40:32.185893,V815
AP694947,Payment Scheduled,2025-03-08T04:20:52.797587,V815
AP694947,Payment Executed,2025-03-08T15:44:39.390207,V815
AP694947,Payment Confirmed,2025-03-08T17:00:07.371731,V815
AP694947,Invoice Posted,2025-03-08T18:30:14.187945,V815
AP694947,Document Archived,2025-03-08T19:22:17.810597,V815
AP488467,Invoice Received,2025-03-09T01:35:29.214257,V529
AP488467,Invoice Scanned,2025-03-09T02:21:50.848612,V529
AP488467,Invoice Validation,2025-03-09T05:07:11.792843,V529
AP488467,Three-Way Match,2025-03-09T07:27:55.936174,V529
AP488467,Quantity Variance Check,2025-03-09T09:41:25.990673,V529
AP488467,Tax Calculation,2025-03-09T10:38:41.848260,V529
AP488467,Approval Requested,2025-03-09T11:29:43.995882,V529
AP488467,Manager Approval,2025-03-10T01:59:13.241643,V529
AP488467,Vendor Master Data Review,2025-03-10T02:49:12.045944,V529
AP488467,Payment Terms Verification,2025-03-10T04:24:41.574585,V529
AP488467,GL Account Assignment,2025-03-10T05:08:31.018805,V529
AP488467,Cost Center Assignment,2025-03-10T05:53:29.305046,V529
AP488467,Payment Block Release,2025-03-10T06:45:09.981533,V529
AP488467,Payment Scheduled,2025-03-10T12:53:20.342189,V529
AP488467,Payment Executed,2025-03-10T18:59:09.703702,V529
AP488467,Payment Confirmed,2025-03-10T19:52:54.659518,V529
AP488467,Invoice Posted,2025-03-10T20:43:01.518941,V529
AP488467,Document Archived,2025-03-10T21:39:53.518381,V529
AP981637,Invoice Received,2025-03-09T18:20:01.538779,V935
AP981637,Invoice Scanned,2025-03-09T18:57:00.153710,V935
AP981637,Invoice Validation,2025-03-09T21:48:58.335435,V935
AP981637,Three-Way Match,2025-03-10T01:37:51.572435,V935
AP981637,Quantity Variance Check,2025-03-10T02:50:55.098320,V935
AP981637,Tax Calculation,2025-03-10T03:22:48.189020,V935
AP981637,Approval Requested,2025-03-10T04:10:26.758674,V935
AP981637,Manager Approval,2025-03-10T07:21:42.385657,V935
AP981637,Vendor Master Data Review,2025-03-10T08:10:28.696628,V935
AP981637,Payment Terms Verification,2025-03-10T09:16:02.977220,V935
AP981637,GL Account Assignment,2025-03-10T09:49:01.644552,V935
AP981637,Cost Center Assignment,2025-03-10T11:09:31.646896,V935
AP981637,Payment Block Release,2025-03-10T11:26:34.570909,V935
AP981637,Payment Scheduled,2025-03-10T15:46:41.589649,V935
AP981637,Payment Executed,2025-03-11T00:34:50.616484,V935
AP981637,Payment Confirmed,2025-03-11T01:19:51.981104,V935
AP981637,Invoice Posted,2025-03-11T02:38:48.916809,V935
AP981637,Document Archived,2025-03-11T02:59:59.032666,V935
AP834421,Invoice Received,2025-03-11T02:32:37.134488,V593
AP834421,Invoice Scanned,2025-03-11T02:58:16.115784,V593
AP834421,Invoice Validation,2025-03-11T04:57:16.950763,V593
AP834421,Three-Way Match,2025-03-11T09:09:35.611831,V593
AP834421,Price Variance Check,2025-03-11T10:53:51.237923,V593
AP834421,Tax Calculation,2025-03-11T11:59:18.640150,V593
AP834421,Approval Requested,2025-03-11T12:24:38.273496,V593
AP834421,Manager Approval,2025-03-11T16:56:49.956333,V593
AP834421,Vendor Master Data Review,2025-03-11T17:54:06.340372,V593
AP834421,Payment Terms Verification,2025-03-11T19:08:20.420960,V593
AP834421,GL Account Assignment,2025-03-11T19:33:51.639583,V593
AP834421,Cost Center Assignment,2025-03-11T20:19:18.431457,V593
AP834421,Payment Block Release,2025-03-11T20:48:10.230533,V593
AP834421,Payment Scheduled,2025-03-12T02:47:30.277332,V593
AP834421,Payment Executed,2025-03-12T15:09:32.496537,V593
AP834421,Payment Confirmed,2025-03-12T16:39:36.957275,V593
AP834421,Invoice Posted,2025-03-12T17:40:20.966249,V593
AP834421,Document Archived,2025-03-12T17:57:06.726656,V593
AP868069,Invoice Received,2025-03-12T04:35:36.901178,V592
AP868069,Invoice Scanned,2025-03-12T05:08:40.293170,V592
AP868069,Invoice Validation,2025-03-12T05:58:22.888993,V592
AP868069,Approval Requested,2025-03-12T06:32:49.420808,V592
AP868069,Manager Approval,2025-03-12T19:58:09.735012,V592
AP868069,Vendor Master Data Review,2025-03-12T21:25:56.519487,V592
AP868069,Payment Terms Verification,2025-03-12T22:57:34.850137,V592
AP868069,GL Account Assignment,2025-03-13T00:01:20.887780,V592
AP868069,Cost Center Assignment,2025-03-13T01:34:44.933999,V592
AP868069,Payment Block Release,2025-03-13T02:12:21.236013,V592
AP868069,Payment Scheduled,2025-03-13T05:53:50.745139,V592
AP868069,Payment Executed,2025-03-13T20:50:30.885135,V592
AP868069,Payment Confirmed,2025-03-13T21:37:46.224690,V592
AP868069,Invoice Posted,2025-03-13T22:36:13.332693,V592
AP868069,Document Archived,2025-03-13T23:08:30.859204,V592
AP964152,Invoice Received,2025-03-13T10:26:37.545540,V959
AP964152,Invoice Scanned,2025-03-13T11:09:50.778795,V959
AP964152,Invoice Validation,2025-03-13T14:33:42.588754,V959
AP964152,Three-Way Match,2025-03-13T20:04:59.000810,V959
AP964152,Tax Calculation,2025-03-13T20:59:30.247472,V959
AP964152,Approval Requested,2025-03-13T21:16:41.642318,V959
AP964152,Manager Approval,2025-03-14T03:18:23.782393,V959
AP964152,Finance Approval,2025-03-15T06:26:07.986209,V959
AP964152,Vendor Master Data Review,2025-03-15T08:10:11.385732,V959
AP964152,Payment Terms Verification,2025-03-15T08:42:11.135444,V959
AP964152,GL Account Assignment,2025-03-15T10:30:25.306863,V959
AP964152,Cost Center Assignment,2025-03-15T11:02:03.854711,V959
AP964152,Payment Block Release,2025-03-15T11:52:34.156815,V959
AP964152,Payment Scheduled,2025-03-15T19:37:35.604973,V959
AP964152,Payment Executed,2025-03-16T15:20:31.206633,V959
AP964152,Payment Confirmed,2025-03-16T16:42:40.469785,V959
AP964152,Invoice Posted,2025-03-16T18:37:35.919917,V959
AP964152,Document Archived,2025-03-16T19:17:48.811743,V959
AP845412,Invoice Received,2025-03-13T18:01:09.516104,V617
AP845412,Invoice Scanned,2025-03-13T18:26:19.003556,V617
AP845412,Invoice Validation,2025-03-13T19:11:37.306795,V617
AP845412,Approval Requested,2025-03-13T20:01:22.264849,V617
AP845412,Manager Approval,2025-03-14T04:19:24.588303,V617
AP845412,Vendor Master Data Review,2025-03-14T04:52:09.960409,V617
AP845412,Payment Terms Verification,2025-03-14T06:21:07.812484,V617
AP845412,GL Account Assignment,2025-03-14T07:42:10.082392,V617
AP845412,Cost Center Assignment,2025-03-14T08:04:00.385961,V617
AP845412,Payment Block Release,2025-03-14T08:35:06.400571,V617
AP845412,Payment Scheduled,2025-03-14T12:34:49.891225,V617
AP845412,Payment Executed,2025-03-14T20:01:49.822414,V617
AP845412,Payment Confirmed,2025-03-14T20:30:17.977960,V617
AP845412,Invoice Posted,2025-03-14T21:53:28.248373,V617
AP845412,Document Archived,2025-03-14T22:34:19.139688,V617
AP345861,Invoice Received,2025-03-13T23:31:51.525538,V427
AP345861,Invoice Scanned,2025-03-14T00:10:14.911740,V427
AP345861,Invoice Validation,2025-03-14T01:35:23.701275,V427
AP345861,Approval Requested,2025-03-14T01:51:08.294707,V427
AP345861,Manager Approval,2025-03-15T00:41:48.705730,V427
AP345861,Finance Approval,2025-03-15T22:33:46.004901,V427
AP345861,Vendor Master Data Review,2025-03-16T00:57:42.898658,V427
AP345861,Payment Terms Verification,2025-03-16T01:35:33.353166,V427
AP345861,GL Account Assignment,2025-03-16T02:35:50.048300,V427
AP345861,Cost Center Assignment,2025-03-16T03:52:05.317968,V427
AP345861,Payment Block Release,2025-03-16T04:19:20.561238,V427
AP345861,Payment Scheduled,2025-03-16T08:40:15.744077,V427
AP345861,Payment Executed,2025-03-17T02:23:50.572639,V427
AP345861,Payment Confirmed,2025-03-17T04:08:28.039065,V427
AP345861,Invoice Posted,2025-03-17T05:45:33.129468,V427
AP345861,Document Archived,2025-03-17T06:05:35.705748,V427
AP898000,Invoice Received,2025-03-15T05:31:16.837558,V685
AP898000,Invoice Scanned,2025-03-15T05:57:22.458214,V685
AP898000,Invoice Validation,2025-03-15T08:10:35.870036,V685
AP898000,Three-Way Match,2025-03-15T14:32:50.986505,V685
AP898000,Price Variance Check,2025-03-15T16:16:41.236559,V685
AP898000,Tax Calculation,2025-03-15T17:46:37.638506,V685
AP898000,Approval Requested,2025-03-15T18:27:01.408685,V685
AP898000,Manager Approval,2025-03-16T08:45:08.872757,V685
AP898000,Finance Approval,2025-03-17T18:51:20.051777,V685
AP898000,Vendor Master Data Review,2025-03-17T19:32:36.137640,V685
AP898000,Payment Terms Verification,2025-03-17T21:43:40.777524,V685
AP898000,GL Account Assignment,2025-03-17T22:19:14.902875,V685
AP898000,Cost Center Assignment,2025-03-17T23:32:21.070655,V685
AP898000,Payment Block Release,2025-03-18T00:09:56.241588,V685
AP898000,Payment Scheduled,2025-03-18T02:57:03.892901,V685
AP898000,Payment Executed,2025-03-18T12:42:32.453766,V685
AP898000,Payment Confirmed,2025-03-18T14:04:58.547705,V685
AP898000,Invoice Posted,2025-03-18T14:45:13.321416,V685
AP898000,Document Archived,2025-03-18T15:28:37.675259,V685
AP545764,Invoice Received,2025-03-17T02:03:31.426684,V542
AP545764,Invoice Scanned,2025-03-17T02:16:54.910736,V542
AP545764,Invoice Validation,2025-03-17T04:14:16.434648,V542
AP545764,Three-Way Match,2025-03-17T07:53:39.800558,V542
AP545764,Quantity Variance Check,2025-03-17T09:50:53.497509,V542
AP545764,Tax Calculation,2025-03-17T11:05:50.544214,V542
AP545764,Approval Requested,2025-03-17T11:42:55.783074,V542
AP545764,Manager Approval,2025-03-17T14:56:21.077013,V542
AP545764,Vendor Master Data Review,2025-03-17T15:46:47.009534,V542
AP545764,Payment Terms Verification,2025-03-17T16:54:06.635005,V542
AP545764,GL Account Assignment,2025-03-17T17:49:42.726549,V542
AP545764,Cost Center Assignment,2025-03-17T19:24:00.106847,V542
AP545764,Payment Block Release,2025-03-17T20:16:51.230861,V542
AP545764,Payment Scheduled,2025-03-17T23:36:16.956808,V542
AP545764,Payment Executed,2025-03-18T17:08:04.318693,V542
AP545764,Payment Confirmed,2025-03-18T18:15:55.064054,V542
AP545764,Invoice Posted,2025-03-18T18:56:09.144890,V542
AP545764,Document Archived,2025-03-18T19:36:48.072327,V542
AP219695,Invoice Received,2025-03-17T09:44:57.051029,V961
AP219695,Invoice Scanned,2025-03-17T10:36:13.231247,V961
AP219695,Invoice Validation,2025-03-17T13:21:34.547296,V961
AP219695,Three-Way Match,2025-03-17T17:33:39.577703,V961
AP219695,Tax Calculation,2025-03-17T19:06:41.531641,V961
AP219695,Approval Requested,2025-03-17T19:36:04.555528,V961
AP219695,Manager Approval,2025-03-17T21:37:41.661129,V961
AP219695,Finance Approval,2025-03-18T07:56:01.836359,V961
AP219695,Vendor Master Data Review,2025-03-18T09:07:52.345480,V961
AP219695,Payment Terms Verification,2025-03-18T10:33:33.417149,V961
AP219695,GL Account Assignment,2025-03-18T12:10:16.999900,V961
AP219695,Cost Center Assignment,2025-03-18T13:32:42.190380,V961
AP219695,Payment Block Release,2025-03-18T13:58:07.508602,V961
AP219695,Payment Scheduled,2025-03-18T16:44:10.277505,V961
AP219695,Payment Executed,2025-03-19T06:13:54.538443,V961
AP219695,Payment Confirmed,2025-03-19T08:16:02.362500,V961
AP219695,Invoice Posted,2025-03-19T08:54:15.658313,V961
AP219695,Document Archived,2025-03-19T09:29:18.222440,V961
AP481136,Invoice Received,2025-03-17T17:50:32.671134,V344
AP481136,Invoice Scanned,2025-03-17T18:54:59.699428,V344
AP481136,Invoice Validation,2025-03-17T22:50:49.588714,V344
AP481136,Approval Requested,2025-03-17T23:36:17.994560,V344
AP481136,Manager Approval,2025-03-18T21:31:15.319491,V344
AP481136,Vendor Master Data Review,2025-03-18T23:11:01.470192,V344
AP481136,Payment Terms Verification,2025-03-19T00:25:37.441497,V344
AP481136,GL Account Assignment,2025-03-19T01:23:17.196087,V344
AP481136,Cost Center Assignment,2025-03-19T02:09:36.689462,V344
AP481136,Payment Block Release,2025-03-19T02:40:50.240861,V344
AP481136,Payment Scheduled,2025-03-19T08:34:23.011851,V344
AP481136,Payment Executed,2025-03-20T03:27:49.071638,V344
AP481136,Payment Confirmed,2025-03-20T04:15:22.821871,V344
AP481136,Invoice Posted,2025-03-20T05:41:36.487323,V344
AP481136,Document Archived,2025-03-20T06:13:04.927635,V344
AP618545,Invoice Received,2025-03-18T15:20:19.436395,V321
AP618545,Invoice Scanned,2025-03-18T15:40:22.796040,V321
AP618545,Invoice Validation,2025-03-18T18:23:25.568736,V321
AP618545,Three-Way Match,2025-03-18T20:00:36.628430,V321
AP618545,Quantity Variance Check,2025-03-18T21:19:48.381291,V321
AP618545,Tax Calculation,2025-03-18T22:42:51.218793,V321
AP618545,Approval Requested,2025-03-18T23:20:32.859717,V321
AP618545,Manager Approval,2025-03-19T17:35:19.138011,V321
AP618545,Vendor Master Data Review,2025-03-19T18:24:17.130790,V321
AP618545,Payment Terms Verification,2025-03-19T19:52:24.295987,V321
AP618545,GL Account Assignment,2025-03-19T20:26:17.407955,V321
AP618545,Cost Center Assignment,2025-03-19T20:59:30.104692,V321
AP618545,Payment Block Release,2025-03-19T21:30:19.956114,V321
AP618545,Payment Scheduled,2025-03-20T00:56:36.758998,V321
AP618545,Payment Executed,2025-03-20T16:41:28.414017,V321
AP618545,Payment Confirmed,2025-03-20T17:46:57.789856,V321
AP618545,Invoice Posted,2025-03-20T18:27:38.385271,V321
AP618545,Document Archived,2025-03-20T19:08:22.958173,V321
AP689538,Invoice Received,2025-03-19T23:52:53.201545,V129
AP689538,Invoice Scanned,2025-03-20T00:27:41.763515,V129
AP689538,Invoice Validation,2025-03-20T04:20:33.854115,V129
AP689538,Three-Way Match,2025-03-20T08:38:50.269115,V129
AP689538,Tax Calculation,2025-03-20T09:19:39.080066,V129
AP689538,Approval Requested,2025-03-20T09:44:39.730566,V129
AP689538,Manager Approval,2025-03-21T10:13:11.417156,V129
AP689538,Vendor Master Data Review,2025-03-21T12:30:45.275734,V129
AP689538,Payment Terms Verification,2025-03-21T14:28:07.623383,V129
AP689538,GL Account Assignment,2025-03-21T16:40:32.417963,V129
AP689538,Cost Center Assignment,2025-03-21T17:38:42.464917,V129
AP689538,Payment Block Release,2025-03-21T18:40:49.288776,V129
AP689538,Payment Scheduled,2025-03-22T04:33:51.826762,V129
AP689538,Payment Executed,2025-03-22T20:51:10.095854,V129
AP689538,Payment Confirmed,2025-03-22T22:46:32.880235,V129
AP689538,Invoice Posted,2025-03-23T00:18:56.546674,V129
AP689538,Document Archived,2025-03-23T01:10:14.960484,V129
AP762616,Invoice Received,2025-03-20T18:30:05.888042,V874
AP762616,Invoice Scanned,2025-03-20T19:16:37.446872,V874
AP762616,Invoice Validation,2025-03-20T20:32:47.022828,V874
AP762616,Approval Requested,2025-03-20T21:05:15.473911,V874
AP762616,Manager Approval,2025-03-21T15:25:41.577172,V874
AP762616,Vendor Master Data Review,2025-03-21T17:15:07.138121,V874
AP762616,Payment Terms Verification,2025-03-21T18:21:40.389463,V874
AP762616,GL Account Assignment,2025-03-21T19:08:43.225584,V874
AP762616,Cost Center Assignment,2025-03-21T21:09:16.915272,V874
AP762616,Payment Block Release,2025-03-21T21:59:01.469875,V874
AP762616,Payment Scheduled,2025-03-22T05:15:03.551082,V874
AP762616,Payment Executed,2025-03-22T19:40:30.390634,V874
AP762616,Payment Confirmed,2025-03-22T20:49:04.104250,V874
AP762616,Invoice Posted,2025-03-22T22:13:41.592120,V874
AP762616,Document Archived,2025-03-22T22:36:40.489469,V874
AP732823,Invoice Received,2025-03-22T15:25:58.353616,V952
AP732823,Invoice Scanned,2025-03-22T16:24:42.886116,V952
AP732823,Invoice Validation,2025-03-22T18:42:50.115407,V952
AP732823,Three-Way Match,2025-03-22T22:20:24.250546,V952
AP732823,Tax Calculation,2025-03-23T00:05:59.794377,V952
AP732823,Approval Requested,2025-03-23T00:28:05.121748,V952
AP732823,Manager Approval,2025-03-23T12:59:25.532068,V952
AP732823,Finance Approval,2025-03-24T01:49:28.685412,V952
AP732823,Vendor Master Data Review,2025-03-24T02:45:40.705895,V952
AP732823,Payment Terms Verification,2025-03-24T03:49:04.669737,V952
AP732823,GL Account Assignment,2025-03-24T05:18:08.807843,V952
AP732823,Cost Center Assignment,2025-03-24T05:55:38.891264,V952
AP732823,Payment Block Release,2025-03-24T06:19:27.363409,V952
AP732823,Payment Scheduled,2025-03-24T12:31:48.641978,V952
AP732823,Payment Executed,2025-03-24T20:23:35.233630,V952
AP732823,Payment Confirmed,2025-03-24T21:22:55.450855,V952
AP732823,Invoice Posted,2025-03-24T22:11:36.099799,V952
AP732823,Document Archived,2025-03-24T22:42:35.368901,V952
AP189213,Invoice Received,2025-03-24T04:36:07.790971,V633
AP189213,Invoice Scanned,2025-03-24T05:12:20.230229,V633
AP189213,Invoice Validation,2025-03-24T09:06:57.468073,V633
AP189213,Three-Way Match,2025-03-24T14:53:44.710360,V633
AP189213,Quantity Variance Check,2025-03-24T17:00:11.780387,V633
AP189213,Tax Calculation,2025-03-24T17:27:10.949943,V633
AP189213,Approval Requested,2025-03-24T18:34:56.375799,V633
AP189213,Manager Approval,2025-03-25T06:21:09.390851,V633
AP189213,Vendor Master Data Review,2025-03-25T06:56:14.946766,V633
AP189213,Payment Terms Verification,2025-03-25T08:22:26.961746,V633
AP189213,GL Account Assignment,2025-03-25T09:56:03.380058,V633
AP189213,Cost Center Assignment,2025-03-25T11:19:33.595483,V633
AP189213,Payment Block Release,2025-03-25T11:39:21.324741,V633
AP189213,Payment Scheduled,2025-03-25T19:54:15.371852,V633
AP189213,Payment Executed,2025-03-26T13:02:09.537891,V633
AP189213,Payment Confirmed,2025-03-26T14:36:06.125274,V633
AP189213,Invoice Posted,2025-03-26T16:07:03.513952,V633
AP189213,Document Archived,2025-03-26T16:39:08.642825,V633
AP306041,Invoice Received,2025-03-25T16:11:00.959411,V157
AP306041,Invoice Scanned,2025-03-25T17:08:16.420486,V157
AP306041,Invoice Validation,2025-03-25T20:00:36.648939,V157
AP306041,Three-Way Match,2025-03-26T00:59:55.406697,V157
AP306041,Tax Calculation,2025-03-26T02:47:29.710318,V157
AP306041,Approval Requested,2025-03-26T03:09:16.418589,V157
AP306041,Manager Approval,2025-03-26T16:54:34.090700,V157
AP306041,Finance Approval,2025-03-28T10:39:38.794781,V157
AP306041,Vendor Master Data Review,2025-03-28T12:19:54.218676,V157
AP306041,Payment Terms Verification,2025-03-28T14:18:19.754923,V157
AP306041,GL Account Assignment,2025-03-28T15:05:25.545176,V157
AP306041,Cost Center Assignment,2025-03-28T17:08:38.317392,V157
AP306041,Payment Block Release,2025-03-28T17:28:27.126797,V157
AP306041,Payment Scheduled,2025-03-28T20:23:12.289299,V157
AP306041,Payment Executed,2025-03-29T15:32:48.577430,V157
AP306041,Payment Confirmed,2025-03-29T16:37:06.804098,V157
AP306041,Invoice Posted,2025-03-29T17:20:49.856788,V157
AP306041,Document Archived,2025-03-29T18:05:44.014312,V157
AP306555,Invoice Received,2025-03-26T05:50:20.490320,V801
AP306555,Invoice Scanned,2025-03-26T06:23:55.587481,V801
AP306555,Invoice Validation,2025-03-26T07:54:50.898515,V801
AP306555,Three-Way Match,2025-03-26T11:33:06.207055,V801
AP306555,Price Variance Check,2025-03-26T13:50:01.477449,V801
AP306555,Tax Calculation,2025-03-26T14:31:23.632456,V801
AP306555,Approval Requested,2025-03-26T15:02:08.475043,V801
AP306555,Manager Approval,2025-03-26T23:17:25.915675,V801
AP306555,Finance Approval,2025-03-27T06:17:29.840760,V801
AP306555,Vendor Master Data Review,2025-03-27T07:52:39.742701,V801
AP306555,Payment Terms Verification,2025-03-27T08:48:02.396346,V801
AP306555,GL Account Assignment,2025-03-27T09:44:15.194077,V801
AP306555,Cost Center Assignment,2025-03-27T11:06:21.853267,V801
AP306555,Payment Block Release,2025-03-27T11:24:33.014848,V801
AP306555,Payment Scheduled,2025-03-27T13:05:15.089655,V801
AP306555,Payment Executed,2025-03-28T05:05:20.084935,V801
AP306555,Payment Confirmed,2025-03-28T05:46:48.280584,V801
AP306555,Invoice Posted,2025-03-28T06:44:42.908848,V801
AP306555,Document Archived,2025-03-28T07:12:01.219103,V801
AP347807,Invoice Received,2025-03-27T11:23:02.068016,V549
AP347807,Invoice Scanned,2025-03-27T12:12:02.445635,V549
AP347807,Invoice Validation,2025-03-27T13:34:56.747521,V549
AP347807,Three-Way Match,2025-03-27T16:39:31.587757,V549
AP347807,Quantity Variance Check,2025-03-27T19:46:03.505449,V549
AP347807,Tax Calculation,2025-03-27T20:26:18.665295,V549
AP347807,Approval Requested,2025-03-27T20:46:44.306688,V549
AP347807,Manager Approval,2025-03-28T17:20:26.073720,V549
AP347807,Finance Approval,2025-03-30T10:38:56.728822,V549
AP347807,Vendor Master Data Review,2025-03-30T12:26:31.459540,V549
AP347807,Payment Terms Verification,2025-03-30T13:19:50.204896,V549
AP347807,GL Account Assignment,2025-03-30T14:14:06.191615,V549
AP347807,Cost Center Assignment,2025-03-30T15:19:47.384386,V549
AP347807,Payment Block Release,2025-03-30T15:50:11.391065,V549
AP347807,Payment Scheduled,2025-03-30T21:06:30.552982,V549
AP347807,Payment Executed,2025-03-31T05:06:08.713786,V549
AP347807,Payment Confirmed,2025-03-31T05:56:33.386936,V549
AP347807,Invoice Posted,2025-03-31T08:06:59.245476,V549
AP347807,Document Archived,2025-03-31T08:58:08.524979,V549
AP664813,Invoice Received,2025-03-27T14:38:16.881936,V678
AP664813,Invoice Scanned,2025-03-27T14:50:26.450837,V678
AP664813,Invoice Validation,2025-03-27T17:19:48.273056,V678
AP664813,Three-Way Match,2025-03-27T19:48:08.160963,V678
AP664813,Tax Calculation,2025-03-27T20:32:14.418677,V678
AP664813,Approval Requested,2025-03-27T20:46:09.176009,V678
AP664813,Manager Approval,2025-03-28T09:25:09.836827,V678
AP664813,Vendor Master Data Review,2025-03-28T11:03:51.545610,V678
AP664813,Payment Terms Verification,2025-03-28T11:46:12.496317,V678
AP664813,GL Account Assignment,2025-03-28T12:47:23.279293,V678
AP664813,Cost Center Assignment,2025-03-28T13:28:17.837557,V678
AP664813,Payment Block Release,2025-03-28T13:42:43.602042,V678
AP664813,Payment Scheduled,2025-03-28T16:08:34.275629,V678
AP664813,Payment Executed,2025-03-28T20:41:25.694386,V678
AP664813,Payment Confirmed,2025-03-28T21:16:11.076471,V678
AP664813,Invoice Posted,2025-03-28T22:53:53.830209,V678
AP664813,Document Archived,2025-03-28T23:25:16.174142,V678
AP645930,Invoice Received,2025-03-28T17:08:32.062080,V771
AP645930,Invoice Scanned,2025-03-28T17:52:53.860707,V771
AP645930,Invoice Validation,2025-03-28T20:23:30.480770,V771
AP645930,Three-Way Match,2025-03-29T00:04:12.573828,V771
AP645930,Quantity Variance Check,2025-03-29T01:56:20.486216,V771
AP645930,Tax Calculation,2025-03-29T03:06:51.970988,V771
AP645930,Approval Requested,2025-03-29T04:05:56.545758,V771
AP645930,Manager Approval,2025-03-29T06:06:57.692695,V771
AP645930,Finance Approval,2025-03-31T07:23:17.114717,V771
AP645930,Vendor Master Data Review,2025-03-31T08:36:34.198855,V771
AP645930,Payment Terms Verification,2025-03-31T09:59:36.942120,V771
AP645930,GL Account Assignment,2025-03-31T11:32:34.167105,V771
AP645930,Cost Center Assignment,2025-03-31T12:40:00.793716,V771
AP645930,Payment Block Release,2025-03-31T13:15:49.262199,V771
AP645930,Payment Scheduled,2025-03-31T18:08:58.424754,V771
AP645930,Payment Executed,2025-04-01T00:17:19.075439,V771
AP645930,Payment Confirmed,2025-04-01T01:48:48.085784,V771
AP645930,Invoice Posted,2025-04-01T03:22:22.960069,V771
AP645930,Document Archived,2025-04-01T04:18:38.444585,V771
AP113597,Invoice Received,2025-03-28T21:40:41.479207,V611
AP113597,Invoice Scanned,2025-03-28T22:52:58.828082,V611
AP113597,Invoice Validation,2025-03-29T01:30:23.967539,V611
AP113597,Three-Way Match,2025-03-29T09:54:59.121776,V611
AP113597,Price Variance Check,2025-03-29T12:50:51.390089,V611
AP113597,Tax Calculation,2025-03-29T14:50:11.286728,V611
AP113597,Approval Requested,2025-03-29T15:59:03.822744,V611
AP113597,Manager Approval,2025-03-30T15:03:16.027206,V611
AP113597,Vendor Master Data Review,2025-03-30T16:36:16.355636,V611
AP113597,Payment Terms Verification,2025-03-30T17:53:56.454160,V611
AP113597,GL Account Assignment,2025-03-30T20:26:53.134780,V611
AP113597,Cost Center Assignment,2025-03-30T22:25:27.976508,V611
AP113597,Payment Block Release,2025-03-30T23:49:50.105074,V611
AP113597,Payment Scheduled,2025-03-31T06:23:33.720917,V611
AP113597,Payment Executed,2025-04-01T11:06:29.314394,V611
AP113597,Payment Confirmed,2025-04-01T12:28:02.604368,V611
AP113597,Invoice Posted,2025-04-01T13:30:57.061178,V611
AP113597,Document Archived,2025-04-01T14:35:58.858055,V611
AP541420,Invoice Received,2025-03-30T18:21:31.633009,V283
AP541420,Invoice Scanned,2025-03-30T18:48:19.586497,V283
AP541420,Invoice Validation,2025-03-30T20:38:12.830557,V283
AP541420,Three-Way Match,2025-03-31T02:06:22.414285,V283
AP541420,Price Variance Check,2025-03-31T04:10:43.894355,V283
AP541420,Tax Calculation,2025-03-31T05:13:05.275655,V283
AP541420,Approval Requested,2025-03-31T05:33:39.380432,V283
AP541420,Manager Approval,2025-04-01T08:28:29.207193,V283
AP541420,Vendor Master Data Review,2025-04-01T10:49:37.326865,V283
AP541420,Payment Terms Verification,2025-04-01T12:43:10.720589,V283
AP541420,GL Account Assignment,2025-04-01T14:15:21.423375,V283
AP541420,Cost Center Assignment,2025-04-01T15:06:06.653438,V283
AP541420,Payment Block Release,2025-04-01T16:04:37.352430,V283
AP541420,Payment Scheduled,2025-04-01T19:28:36.340419,V283
AP541420,Payment Executed,2025-04-02T18:02:19.082434,V283
AP541420,Payment Confirmed,2025-04-02T19:51:06.047236,V283
AP541420,Invoice Posted,2025-04-02T20:45:28.775559,V283
AP541420,Document Archived,2025-04-02T21:35:13.322948,V283
AP226902,Invoice Received,2025-03-31T15:39:42.083622,V590
AP226902,Invoice Scanned,2025-03-31T16:15:36.425229,V590
AP226902,Invoice Validation,2025-03-31T17:25:03.691089,V590
AP226902,Approval Requested,2025-03-31T17:50:46.162454,V590
AP226902,Manager Approval,2025-04-01T12:27:15.256743,V590
AP226902,Vendor Master Data Review,2025-04-01T13:00:41.014128,V590
AP226902,Payment Terms Verification,2025-04-01T14:22:56.615439,V590
AP226902,GL Account Assignment,2025-04-01T14:54:47.942383,V590
AP226902,Cost Center Assignment,2025-04-01T16:16:21.957302,V590
AP226902,Payment Block Release,2025-04-01T17:00:36.417359,V590
AP226902,Payment Scheduled,2025-04-01T20:05:27.178996,V590
AP226902,Payment Executed,2025-04-02T10:12:15.784529,V590
AP226902,Payment Confirmed,2025-04-02T11:12:11.342255,V590
AP226902,Invoice Posted,2025-04-02T12:15:55.386819,V590
AP226902,Document Archived,2025-04-02T12:35:28.956998,V590
AP387272,Invoice Received,2025-04-01T13:13:57.564727,V108
AP387272,Invoice Scanned,2025-04-01T13:40:06.611856,V108
AP387272,Invoice Validation,2025-04-01T16:33:40.187468,V108
AP387272,Three-Way Match,2025-04-01T19:31:55.546527,V108
AP387272,Price Variance Check,2025-04-01T22:05:38.649202,V108
AP387272,Tax Calculation,2025-04-01T23:14:46.726964,V108
AP387272,Approval Requested,2025-04-01T23:36:16.208408,V108
AP387272,Manager Approval,2025-04-02T12:01:55.303573,V108
AP387272,Finance Approval,2025-04-03T05:30:11.518036,V108
AP387272,Vendor Master Data Review,2025-04-03T06:48:39.763306,V108
AP387272,Payment Terms Verification,2025-04-03T08:11:57.698722,V108
AP387272,GL Account Assignment,2025-04-03T09:05:08.876454,V108
AP387272,Cost Center Assignment,2025-04-03T09:52:30.819230,V108
AP387272,Payment Block Release,2025-04-03T10:14:22.587944,V108
AP387272,Payment Scheduled,2025-04-03T13:51:51.024637,V108
AP387272,Payment Executed,2025-04-04T08:04:34.866665,V108
AP387272,Payment Confirmed,2025-04-04T09:27:04.776540,V108
AP387272,Invoice Posted,2025-04-04T10:41:13.985280,V108
AP387272,Document Archived,2025-04-04T11:11:04.190767,V108
AP880853,Invoice Received,2025-04-01T15:21:24.305209,V292
AP880853,Invoice Scanned,2025-04-01T16:07:27.810869,V292
AP880853,Invoice Validation,2025-04-01T17:38:20.443889,V292
AP880853,Three-Way Match,2025-04-01T23:56:32.356585,V292
AP880853,Price Variance Check,2025-04-02T02:28:18.530337,V292
AP880853,Tax Calculation,2025-04-02T03:45:57.229922,V292
AP880853,Approval Requested,2025-04-02T04:06:33.747989,V292
AP880853,Manager Approval,2025-04-02T15:03:11.982301,V292
AP880853,Finance Approval,2025-04-03T06:00:55.400180,V292
AP880853,Vendor Master Data Review,2025-04-03T07:09:35.675339,V292
AP880853,Payment Terms Verification,2025-04-03T08:22:28.691860,V292
AP880853,GL Account Assignment,2025-04-03T10:04:40.649835,V292
AP880853,Cost Center Assignment,2025-04-03T12:08:50.235726,V292
AP880853,Payment Block Release,2025-04-03T13:13:02.807578,V292
AP880853,Payment Scheduled,2025-04-03T16:36:28.036147,V292
AP880853,Payment Executed,2025-04-04T13:24:35.647283,V292
AP880853,Payment Confirmed,2025-04-04T14:14:05.997234,V292
AP880853,Invoice Posted,2025-04-04T15:08:26.417836,V292
AP880853,Document Archived,2025-04-04T16:00:01.607894,V292
AP456749,Invoice Received,2025-04-01T18:06:11.183569,V380
AP456749,Invoice Scanned,2025-04-01T19:36:08.329724,V380
AP456749,Invoice Validation,2025-04-01T23:11:36.265230,V380
AP456749,Three-Way Match,2025-04-02T06:42:00.608524,V380
AP456749,Quantity Variance Check,2025-04-02T09:21:00.845214,V380
AP456749,Tax Calculation,2025-04-02T11:21:47.033290,V380
AP456749,Approval Requested,2025-04-02T12:28:22.573339,V380
AP456749,Manager Approval,2025-04-03T00:57:47.649941,V380
AP456749,Vendor Master Data Review,2025-04-03T03:09:42.677018,V380
AP456749,Payment Terms Verification,2025-04-03T05:26:11.516289,V380
AP456749,GL Account Assignment,2025-04-03T08:04:34.888672,V380
AP456749,Cost Center Assignment,2025-04-03T09:31:20.698658,V380
AP456749,Payment Block Release,2025-04-03T10:11:19.447212,V380
AP456749,Payment Scheduled,2025-04-03T16:40:29.669684,V380
AP456749,Payment Executed,2025-04-04T05:57:03.547864,V380
AP456749,Payment Confirmed,2025-04-04T07:26:54.354246,V380
AP456749,Invoice Posted,2025-04-04T09:16:23.502413,V380
AP456749,Document Archived,2025-04-04T09:54:29.923569,V380
AP642242,Invoice Received,2025-04-03T00:02:46.301251,V435
AP642242,Invoice Scanned,2025-04-03T00:37:12.338132,V435
AP642242,Invoice Validation,2025-04-03T03:50:32.418535,V435
AP642242,Approval Requested,2025-04-03T04:35:39.415344,V435
AP642242,Manager Approval,2025-04-03T07:59:12.194554,V435
AP642242,Vendor Master Data Review,2025-04-03T08:46:03.650524,V435
AP642242,Payment Terms Verification,2025-04-03T09:27:23.249467,V435
AP642242,GL Account Assignment,2025-04-03T10:09:26.673656,V435
AP642242,Cost Center Assignment,2025-04-03T10:55:51.128429,V435
AP642242,Payment Block Release,2025-04-03T11:15:53.691579,V435
AP642242,Payment Scheduled,2025-04-03T17:16:32.462396,V435
AP642242,Payment Executed,2025-04-04T04:11:13.418961,V435
AP642242,Payment Confirmed,2025-04-04T05:56:36.009907,V435
AP642242,Invoice Posted,2025-04-04T07:32:15.388276,V435
AP642242,Document Archived,2025-04-04T08:17:39.060042,V435
AP154285,Invoice Received,2025-04-04T13:25:04.626162,V787
AP154285,Invoice Scanned,2025-04-04T13:43:05.096668,V787
AP154285,Invoice Validation,2025-04-04T15:05:14.350206,V787
AP154285,Three-Way Match,2025-04-04T19:34:26.779901,V787
AP154285,Price Variance Check,2025-04-04T22:20:32.522574,V787
AP154285,Tax Calculation,2025-04-04T23:26:29.793172,V787
AP154285,Approval Requested,2025-04-04T23:51:19.045704,V787
AP154285,Manager Approval,2025-04-05T12:05:06.397251,V787
AP154285,Vendor Master Data Review,2025-04-05T12:35:35.564353,V787
AP154285,Payment Terms Verification,2025-04-05T13:26:29.398992,V787
AP154285,GL Account Assignment,2025-04-05T14:12:01.454443,V787
AP154285,Cost Center Assignment,2025-04-05T15:30:14.722763,V787
AP154285,Payment Block Release,2025-04-05T16:16:17.231341,V787
AP154285,Payment Scheduled,2025-04-05T19:43:04.008814,V787
AP154285,Payment Executed,2025-04-06T01:56:59.811656,V787
AP154285,Payment Confirmed,2025-04-06T03:04:19.006489,V787
AP154285,Invoice Posted,2025-04-06T04:53:13.302589,V787
AP154285,Document Archived,2025-04-06T05:13:21.762395,V787
AP548798,Invoice Received,2025-04-05T05:19:49.442853,V277
AP548798,Invoice Scanned,2025-04-05T06:15:59.564715,V277
AP548798,Invoice Validation,2025-04-05T07:26:28.708660,V277
AP548798,Approval Requested,2025-04-05T08:25:00.903061,V277
AP548798,Manager Approval,2025-04-05T16:13:58.814551,V277
AP548798,Vendor Master Data Review,2025-04-05T17:11:52.645131,V277
AP548798,Payment Terms Verification,2025-04-05T17:58:59.882387,V277
AP548798,GL Account Assignment,2025-04-05T19:01:11.089708,V277
AP548798,Cost Center Assignment,2025-04-05T20:10:12.308014,V277
AP548798,Payment Block Release,2025-04-05T20:52:30.517390,V277
AP548798,Payment Scheduled,2025-04-06T00:09:46.660683,V277
AP548798,Payment Executed,2025-04-06T11:06:11.742813,V277
AP548798,Payment Confirmed,2025-04-06T11:42:55.163009,V277
AP548798,Invoice Posted,2025-04-06T12:40:05.345702,V277
AP548798,Document Archived,2025-04-06T13:00:07.558750,V277
AP914697,Invoice Received,2025-04-05T21:03:02.534885,V312
AP914697,Invoice Scanned,2025-04-05T21:39:01.231235,V312
AP914697,Invoice Validation,2025-04-06T01:14:48.731533,V312
AP914697,Three-Way Match,2025-04-06T04:41:01.323910,V312
AP914697,Price Variance Check,2025-04-06T06:06:54.282540,V312
AP914697,Tax Calculation,2025-04-06T08:19:38.015413,V312
AP914697,Approval Requested,2025-04-06T08:50:11.830400,V312
AP914697,Manager Approval,2025-04-07T10:09:58.790106,V312
AP914697,Finance Approval,2025-04-08T12:33:24.996327,V312
AP914697,Vendor Master Data Review,2025-04-08T14:33:29.801448,V312
AP914697,Payment Terms Verification,2025-04-08T16:18:34.103452,V312
AP914697,GL Account Assignment,2025-04-08T18:29:53.546672,V312
AP914697,Cost Center Assignment,2025-04-08T20:18:13.008322,V312
AP914697,Payment Block Release,2025-04-08T21:04:25.001995,V312
AP914697,Payment Scheduled,2025-04-08T23:43:58.477310,V312
AP914697,Payment Executed,2025-04-09T16:32:01.632990,V312
AP914697,Payment Confirmed,2025-04-09T18:11:42.747953,V312
AP914697,Invoice Posted,2025-04-09T20:01:37.376344,V312
AP914697,Document Archived,2025-04-09T20:42:48.546385,V312
AP593233,Invoice Received,2025-04-06T18:00:02.335999,V559
AP593233,Invoice Scanned,2025-04-06T18:39:04.141464,V559
AP593233,Invoice Validation,2025-04-06T20:14:49.843784,V559
AP593233,Three-Way Match,2025-04-06T23:36:21.623670,V559
AP593233,Tax Calculation,2025-04-07T00:41:52.648056,V559
AP593233,Approval Requested,2025-04-07T00:55:00.054263,V559
AP593233,Manager Approval,2025-04-07T12:19:57.291647,V559
AP593233,Vendor Master Data Review,2025-04-07T12:49:15.445818,V559
AP593233,Payment Terms Verification,2025-04-07T14:19:15.511407,V559
AP593233,GL Account Assignment,2025-04-07T14:42:32.021586,V559
AP593233,Cost Center Assignment,2025-04-07T15:58:58.704590,V559
AP593233,Payment Block Release,2025-04-07T16:28:08.992546,V559
AP593233,Payment Scheduled,2025-04-07T21:21:44.840772,V559
AP593233,Payment Executed,2025-04-08T01:13:33.771184,V559
AP593233,Payment Confirmed,2025-04-08T02:50:32.344862,V559
AP593233,Invoice Posted,2025-04-08T03:37:26.763203,V559
AP593233,Document Archived,2025-04-08T03:59:52.514778,V559
AP456079,Invoice Received,2025-04-07T00:34:54.627102,V271
AP456079,Invoice Scanned,2025-04-07T00:54:54.304633,V271
AP456079,Invoice Validation,2025-04-07T02:33:11.475559,V271
AP456079,Approval Requested,2025-04-07T03:24:58.274454,V271
AP456079,Manager Approval,2025-04-08T00:24:17.937593,V271
AP456079,Finance Approval,2025-04-08T18:28:26.034829,V271
AP456079,Vendor Master Data Review,2025-04-08T20:19:11.488554,V271
AP456079,Payment Terms Verification,2025-04-08T21:32:14.606984,V271
AP456079,GL Account Assignment,2025-04-08T22:27:43.675128,V271
AP456079,Cost Center Assignment,2025-04-09T00:10:40.348393,V271
AP456079,Payment Block Release,2025-04-09T00:26:37.303065,V271
AP456079,Payment Scheduled,2025-04-09T05:06:53.347934,V271
AP456079,Payment Executed,2025-04-09T17:57:08.434460,V271
AP456079,Payment Confirmed,2025-04-09T20:26:25.906471,V271
AP456079,Invoice Posted,2025-04-09T21:26:21.137572,V271
AP456079,Document Archived,2025-04-09T22:07:05.046168,V271
AP705381,Invoice Received,2025-04-08T19:23:11.284057,V635
AP705381,Invoice Scanned,2025-04-08T19:42:22.822745,V635
AP705381,Invoice Validation,2025-04-09T00:06:38.606626,V635
AP705381,Approval Requested,2025-04-09T01:21:57.557175,V635
AP705381,Manager Approval,2025-04-09T17:25:52.236613,V635
AP705381,Finance Approval,2025-04-11T08:31:00.938930,V635
AP705381,Vendor Master Data Review,2025-04-11T09:31:35.369278,V635
AP705381,Payment Terms Verification,2025-04-11T10:24:40.925949,V635
AP705381,GL Account Assignment,2025-04-11T12:42:27.579476,V635
AP705381,Cost Center Assignment,2025-04-11T13:21:19.306211,V635
AP705381,Payment Block Release,2025-04-11T13:55:55.150707,V635
AP705381,Payment Scheduled,2025-04-11T18:10:57.985461,V635
AP705381,Payment Executed,2025-04-12T12:34:20.117665,V635
AP705381,Payment Confirmed,2025-04-12T15:05:26.417581,V635
AP705381,Invoice Posted,2025-04-12T17:24:08.808913,V635
AP705381,Document Archived,2025-04-12T17:43:58.535658,V635
AP191389,Invoice Received,2025-04-09T19:03:14.014842,V402
AP191389,Invoice Scanned,2025-04-09T19:28:33.029749,V402
AP191389,Invoice Validation,2025-04-09T22:49:36.173447,V402
AP191389,Three-Way Match,2025-04-10T00:14:49.772292,V402
AP191389,Price Variance Check,2025-04-10T01:02:39.465073,V402
AP191389,Tax Calculation,2025-04-10T02:29:47.515834,V402
AP191389,Approval Requested,2025-04-10T03:12:07.739809,V402
AP191389,Manager Approval,2025-04-10T10:52:47.418087,V402
AP191389,Vendor Master Data Review,2025-04-10T11:53:18.771189,V402
AP191389,Payment Terms Verification,2025-04-10T13:05:11.790752,V402
AP191389,GL Account Assignment,2025-04-10T13:56:14.796252,V402
AP191389,Cost Center Assignment,2025-04-10T14:34:49.971479,V402
AP191389,Payment Block Release,2025-04-10T15:27:10.821712,V402
AP191389,Payment Scheduled,2025-04-10T18:06:52.970938,V402
AP191389,Payment Executed,2025-04-10T22:50:25.709619,V402
AP191389,Payment Confirmed,2025-04-10T23:20:49.772894,V402
AP191389,Invoice Posted,2025-04-11T00:31:22.355003,V402
AP191389,Document Archived,2025-04-11T01:02:13.191777,V402
AP836435,Invoice Received,2025-04-10T00:31:51.855537,V844
AP836435,Invoice Scanned,2025-04-10T01:02:17.353115,V844
AP836435,Invoice Validation,2025-04-10T03:09:42.797471,V844
AP836435,Approval Requested,2025-04-10T03:33:44.340596,V844
AP836435,Manager Approval,2025-04-10T17:15:08.034814,V844
AP836435,Finance Approval,2025-04-13T02:46:06.762159,V844
AP836435,Vendor Master Data Review,2025-04-13T03:59:00.363043,V844
AP836435,Payment Terms Verification,2025-04-13T05:53:27.739293,V844
AP836435,GL Account Assignment,2025-04-13T08:09:23.283022,V844
AP836435,Cost Center Assignment,2025-04-13T09:41:04.939276,V844
AP836435,Payment Block Release,2025-04-13T10:48:32.416053,V844
AP836435,Payment Scheduled,2025-04-13T18:01:40.941872,V844
AP836435,Payment Executed,2025-04-14T12:45:07.279968,V844
AP836435,Payment Confirmed,2025-04-14T13:36:18.086248,V844
AP836435,Invoice Posted,2025-04-14T15:50:34.304768,V844
AP836435,Document Archived,2025-04-14T16:32:23.145877,V844
AP251779,Invoice Received,2025-04-11T15:02:10.826646,V724
AP251779,Invoice Scanned,2025-04-11T15:36:58.739840,V724
AP251779,Invoice Validation,2025-04-11T18:17:10.681061,V724
AP251779,Three-Way Match,2025-04-11T22:01:01.677031,V724
AP251779,Quantity Variance Check,2025-04-11T23:29:30.631083,V724
AP251779,Tax Calculation,2025-04-12T00:10:21.159227,V724
AP251779,Approval Requested,2025-04-12T00:53:02.960703,V724
AP251779,Manager Approval,2025-04-12T09:04:27.073134,V724
AP251779,Vendor Master Data Review,2025-04-12T10:15:44.282782,V724
AP251779,Payment Terms Verification,2025-04-12T11:27:03.710681,V724
AP251779,GL Account Assignment,2025-04-12T12:00:13.866271,V724
AP251779,Cost Center Assignment,2025-04-12T13:49:32.280067,V724
AP251779,Payment Block Release,2025-04-12T14:21:07.623592,V724
AP251779,Payment Scheduled,2025-04-12T16:33:21.597014,V724
AP251779,Payment Executed,2025-04-13T03:45:14.697051,V724
AP251779,Payment Confirmed,2025-04-13T04:58:24.271392,V724
AP251779,Invoice Posted,2025-04-13T06:10:49.721515,V724
AP251779,Document Archived,2025-04-13T06:59:26.091665,V724
AP508266,Invoice Received,2025-04-12T22:48:24.830341,V774
AP508266,Invoice Scanned,2025-04-13T00:05:50.891297,V774
AP508266,Invoice Validation,2025-04-13T01:22:14.645668,V774
AP508266,Approval Requested,2025-04-13T01:49:21.239811,V774
AP508266,Manager Approval,2025-04-13T17:29:11.014172,V774
AP508266,Vendor Master Data Review,2025-04-13T19:06:22.252936,V774
AP508266,Payment Terms Verification,2025-04-13T20:37:07.514562,V774
AP508266,GL Account Assignment,2025-04-13T21:56:07.609091,V774
AP508266,Cost Center Assignment,2025-04-14T00:05:44.872921,V774
AP508266,Payment Block Release,2025-04-14T01:10:31.703840,V774
AP508266,Payment Scheduled,2025-04-14T10:40:40.618403,V774
AP508266,Payment Executed,2025-04-15T07:32:13.769370,V774
AP508266,Payment Confirmed,2025-04-15T09:46:59.435735,V774
AP508266,Invoice Posted,2025-04-15T10:46:44.200588,V774
AP508266,Document Archived,2025-04-15T11:44:08.246183,V774
AP159030,Invoice Received,2025-04-14T20:04:53.408629,V939
AP159030,Invoice Scanned,2025-04-14T20:52:37.271155,V939
AP159030,Invoice Validation,2025-04-14T22:39:07.233190,V939
AP159030,Three-Way Match,2025-04-15T03:58:16.295048,V939
AP159030,Tax Calculation,2025-04-15T05:36:19.200800,V939
AP159030,Approval Requested,2025-04-15T06:01:25.917956,V939
AP159030,Manager Approval,2025-04-15T23:41:59.856944,V939
AP159030,Vendor Master Data Review,2025-04-16T01:15:43.440055,V939
AP159030,Payment Terms Verification,2025-04-16T03:05:24.555263,V939
AP159030,GL Account Assignment,2025-04-16T03:40:52.583808,V939
AP159030,Cost Center Assignment,2025-04-16T04:28:30.655642,V939
AP159030,Payment Block Release,2025-04-16T04:59:22.034902,V939
AP159030,Payment Scheduled,2025-04-16T12:24:16.775998,V939
AP159030,Payment Executed,2025-04-17T05:12:12.317587,V939
AP159030,Payment Confirmed,2025-04-17T06:13:29.553866,V939
AP159030,Invoice Posted,2025-04-17T07:19:53.569929,V939
AP159030,Document Archived,2025-04-17T07:50:25.544114,V939
AP310413,Invoice Received,2025-04-15T13:41:30.728972,V183
AP310413,Invoice Scanned,2025-04-15T14:19:06.442331,V183
AP310413,Invoice Validation,2025-04-15T17:34:36.773380,V183
AP310413,Three-Way Match,2025-04-15T20:50:24.314400,V183
AP310413,Price Variance Check,2025-04-15T22:46:41.666695,V183
AP310413,Tax Calculation,2025-04-16T00:16:17.826032,V183
AP310413,Approval Requested,2025-04-16T01:00:25.574895,V183
AP310413,Manager Approval,2025-04-16T05:05:36.348571,V183
AP310413,Finance Approval,2025-04-17T05:56:44.251227,V183
AP310413,Vendor Master Data Review,2025-04-17T06:38:40.971323,V183
AP310413,Payment Terms Verification,2025-04-17T07:30:37.211001,V183
AP310413,GL Account Assignment,2025-04-17T08:34:33.993882,V183
AP310413,Cost Center Assignment,2025-04-17T09:32:29.584668,V183
AP310413,Payment Block Release,2025-04-17T10:16:47.725979,V183
AP310413,Payment Scheduled,2025-04-17T16:05:49.669237,V183
AP310413,Payment Executed,2025-04-17T23:03:32.010966,V183
AP310413,Payment Confirmed,2025-04-17T23:34:20.573370,V183
AP310413,Invoice Posted,2025-04-18T00:21:26.345423,V183
AP310413,Document Archived,2025-04-18T00:38:03.240702,V183
AP881301,Invoice Received,2025-04-15T21:14:54.537151,V320
AP881301,Invoice Scanned,2025-04-15T21:41:11.649673,V320
AP881301,Invoice Validation,2025-04-15T23:31:58.304551,V320
AP881301,Three-Way Match,2025-04-16T00:59:50.407803,V320
AP881301,Quantity Variance Check,2025-04-16T02:18:24.608860,V320
AP881301,Tax Calculation,2025-04-16T03:03:26.474718,V320
AP881301,Approval Requested,2025-04-16T03:20:06.058733,V320
AP881301,Manager Approval,2025-04-16T11:41:35.479040,V320
AP881301,Vendor Master Data Review,2025-04-16T12:41:03.749686,V320
AP881301,Payment Terms Verification,2025-04-16T13:10:37.915066,V320
AP881301,GL Account Assignment,2025-04-16T13:54:10.921243,V320
AP881301,Cost Center Assignment,2025-04-16T14:27:47.050738,V320
AP881301,Payment Block Release,2025-04-16T14:59:28.806997,V320
AP881301,Payment Scheduled,2025-04-16T20:20:02.331353,V320
AP881301,Payment Executed,2025-04-17T05:27:14.249487,V320
AP881301,Payment Confirmed,2025-04-17T06:12:41.484731,V320
AP881301,Invoice Posted,2025-04-17T06:59:32.962138,V320
AP881301,Document Archived,2025-04-17T07:39:31.610628,V320
AP756972,Invoice Received,2025-04-17T13:00:03.814545,V799
AP756972,Invoice Scanned,2025-04-17T13:18:59.092393,V799
AP756972,Invoice Validation,2025-04-17T15:14:24.997918,V799
AP756972,Approval Requested,2025-04-17T16:11:32.236324,V799
AP756972,Manager Approval,2025-04-17T22:10:41.712527,V799
AP756972,Vendor Master Data Review,2025-04-17T23:06:56.880360,V799
AP756972,Payment Terms Verification,2025-04-18T00:54:07.042121,V799
AP756972,GL Account Assignment,2025-04-18T01:45:49.503654,V799
AP756972,Cost Center Assignment,2025-04-18T03:05:22.233255,V799
AP756972,Payment Block Release,2025-04-18T03:20:51.249342,V799
AP756972,Payment Scheduled,2025-04-18T05:27:54.630448,V799
AP756972,Payment Executed,2025-04-19T01:31:11.401774,V799
AP756972,Payment Confirmed,2025-04-19T03:30:31.735966,V799
AP756972,Invoice Posted,2025-04-19T04:40:12.688480,V799
AP756972,Document Archived,2025-04-19T05:21:39.069004,V799
AP455523,Invoice Received,2025-04-17T20:39:33.039693,V310
AP455523,Invoice Scanned,2025-04-17T21:23:12.087741,V310
AP455523,Invoice Validation,2025-04-17T23:30:27.793148,V310
AP455523,Three-Way Match,2025-04-18T03:47:16.878349,V310
AP455523,Quantity Variance Check,2025-04-18T05:52:07.665107,V310
AP455523,Tax Calculation,2025-04-18T06:21:42.543463,V310
AP455523,Approval Requested,2025-04-18T07:09:08.984854,V310
AP455523,Manager Approval,2025-04-18T15:25:05.022441,V310
AP455523,Finance Approval,2025-04-20T09:29:56.047478,V310
AP455523,Vendor Master Data Review,2025-04-20T10:19:13.082718,V310
AP455523,Payment Terms Verification,2025-04-20T11:02:17.400820,V310
AP455523,GL Account Assignment,2025-04-20T12:42:38.370505,V310
AP455523,Cost Center Assignment,2025-04-20T13:19:30.299047,V310
AP455523,Payment Block Release,2025-04-20T13:52:05.168726,V310
AP455523,Payment Scheduled,2025-04-20T18:22:38.957863,V310
AP455523,Payment Executed,2025-04-20T22:53:58.884987,V310
AP455523,Payment Confirmed,2025-04-20T23:53:24.821395,V310
AP455523,Invoice Posted,2025-04-21T00:44:19.932437,V310
AP455523,Document Archived,2025-04-21T01:07:52.011917,V310
AP239976,Invoice Received,2025-04-19T15:00:41.357268,V277
AP239976,Invoice Scanned,2025-04-19T15:22:26.672744,V277
AP239976,Invoice Validation,2025-04-19T17:05:35.707170,V277
AP239976,Three-Way Match,2025-04-19T19:34:18.625593,V277
AP239976,Price Variance Check,2025-04-19T21:23:09.376454,V277
AP239976,Tax Calculation,2025-04-19T22:04:52.832833,V277
AP239976,Approval Requested,2025-04-19T22:28:48.056604,V277
AP239976,Manager Approval,2025-04-20T15:53:31.865754,V277
AP239976,Vendor Master Data Review,2025-04-20T17:21:22.721490,V277
AP239976,Payment Terms Verification,2025-04-20T18:06:51.438379,V277
AP239976,GL Account Assignment,2025-04-20T18:36:45.650116,V277
AP239976,Cost Center Assignment,2025-04-20T20:10:41.210209,V277
AP239976,Payment Block Release,2025-04-20T20:33:20.404220,V277
AP239976,Payment Scheduled,2025-04-20T23:45:09.222381,V277
AP239976,Payment Executed,2025-04-21T15:57:58.479633,V277
AP239976,Payment Confirmed,2025-04-21T16:17:27.547408,V277
AP239976,Invoice Posted,2025-04-21T17:12:15.277699,V277
AP239976,Document Archived,2025-04-21T17:41:26.350515,V277
AP855356,Invoice Received,2025-04-21T03:44:31.207519,V928
AP855356,Invoice Scanned,2025-04-21T04:03:52.805490,V928
AP855356,Invoice Validation,2025-04-21T05:42:52.221749,V928
AP855356,Approval Requested,2025-04-21T06:17:05.590351,V928
AP855356,Manager Approval,2025-04-21T15:30:00.084267,V928
AP855356,Finance Approval,2025-04-22T20:53:54.169262,V928
AP855356,Vendor Master Data Review,2025-04-22T22:08:37.223708,V928
AP855356,Payment Terms Verification,2025-04-23T00:05:45.074425,V928
AP855356,GL Account Assignment,2025-04-23T00:37:22.531106,V928
AP855356,Cost Center Assignment,2025-04-23T02:08:09.932114,V928
AP855356,Payment Block Release,2025-04-23T02:43:58.160259,V928
AP855356,Payment Scheduled,2025-04-23T06:53:14.365496,V928
AP855356,Payment Executed,2025-04-23T22:08:22.381947,V928
AP855356,Payment Confirmed,2025-04-23T23:39:37.731630,V928
AP855356,Invoice Posted,2025-04-24T01:35:48.758259,V928
AP855356,Document Archived,2025-04-24T02:05:35.131990,V928
AP351818,Invoice Received,2025-04-23T04:15:31.831383,V476
AP351818,Invoice Scanned,2025-04-23T04:56:31.051025,V476
AP351818,Invoice Validation,2025-04-23T06:37:32.336803,V476
AP351818,Three-Way Match,2025-04-23T13:54:44.141794,V476
AP351818,Price Variance Check,2025-04-23T15:37:18.665016,V476
AP351818,Tax Calculation,2025-04-23T16:10:44.763488,V476
AP351818,Approval Requested,2025-04-23T17:00:12.472508,V476
AP351818,Manager Approval,2025-04-24T15:49:15.680327,V476
AP351818,Finance Approval,2025-04-25T19:49:15.680392,V476
AP351818,Vendor Master Data Review,2025-04-25T21:26:37.718535,V476
AP351818,Payment Terms Verification,2025-04-25T23:01:02.631324,V476
AP351818,GL Account Assignment,2025-04-26T00:52:56.727296,V476
AP351818,Cost Center Assignment,2025-04-26T03:00:47.879750,V476
AP351818,Payment Block Release,2025-04-26T03:16:03.406398,V476
AP351818,Payment Scheduled,2025-04-26T11:46:58.904636,V476
AP351818,Payment Executed,2025-04-27T02:14:34.528701,V476
AP351818,Payment Confirmed,2025-04-27T03:17:50.634347,V476
AP351818,Invoice Posted,2025-04-27T05:09:20.527193,V476
AP351818,Document Archived,2025-04-27T05:56:10.385084,V476
AP916215,Invoice Received,2025-04-24T02:23:08.676178,V919
AP916215,Invoice Scanned,2025-04-24T03:00:35.500443,V919
AP916215,Invoice Validation,2025-04-24T04:05:09.857463,V919
AP916215,Three-Way Match,2025-04-24T07:12:26.037712,V919
AP916215,Price Variance Check,2025-04-24T09:09:35.271558,V919
AP916215,Tax Calculation,2025-04-24T10:34:56.456916,V919
AP916215,Approval Requested,2025-04-24T11:14:03.452671,V919
AP916215,Manager Approval,2025-04-25T13:59:13.276604,V919
AP916215,Vendor Master Data Review,2025-04-25T15:42:31.479551,V919
AP916215,Payment Terms Verification,2025-04-25T16:52:04.164965,V919
AP916215,GL Account Assignment,2025-04-25T17:55:40.552484,V919
AP916215,Cost Center Assignment,2025-04-25T18:45:24.288528,V919
AP916215,Payment Block Release,2025-04-25T19:08:34.078158,V919
AP916215,Payment Scheduled,2025-04-26T02:26:07.530430,V919
AP916215,Payment Executed,2025-04-26T23:14:24.916103,V919
AP916215,Payment Confirmed,2025-04-27T00:17:30.931086,V919
AP916215,Invoice Posted,2025-04-27T00:47:06.755348,V919
AP916215,Document Archived,2025-04-27T01:29:20.496194,V919
AP978183,Invoice Received,2025-04-25T05:45:38.470898,V839
AP978183,Invoice Scanned,2025-04-25T06:31:15.831090,V839
AP978183,Invoice Validation,2025-04-25T07:42:11.924159,V839
AP978183,Three-Way Match,2025-04-25T09:27:19.882497,V839
AP978183,Quantity Variance Check,2025-04-25T10:47:24.764739,V839
AP978183,Tax Calculation,2025-04-25T11:17:05.237194,V839
AP978183,Approval Requested,2025-04-25T11:37:02.572520,V839
AP978183,Manager Approval,2025-04-25T17:56:27.749727,V839
AP978183,Vendor Master Data Review,2025-04-25T18:56:31.545511,V839
AP978183,Payment Terms Verification,2025-04-25T19:31:40.933381,V839
AP978183,GL Account Assignment,2025-04-25T21:00:36.330103,V839
AP978183,Cost Center Assignment,2025-04-25T22:28:12.756147,V839
AP978183,Payment Block Release,2025-04-25T23:14:04.928062,V839
AP978183,Payment Scheduled,2025-04-26T05:36:28.748577,V839
AP978183,Payment Executed,2025-04-26T20:11:17.281517,V839
AP978183,Payment Confirmed,2025-04-26T20:45:39.932305,V839
AP978183,Invoice Posted,2025-04-26T21:39:22.833181,V839
AP978183,Document Archived,2025-04-26T22:21:38.414152,V839
AP269696,Invoice Received,2025-04-25T18:53:59.697339,V496
AP269696,Invoice Scanned,2025-04-25T19:16:42.032205,V496
AP269696,Invoice Validation,2025-04-25T21:18:25.439222,V496
AP269696,Three-Way Match,2025-04-26T01:54:39.117624,V496
AP269696,Price Variance Check,2025-04-26T03:53:47.842736,V496
AP269696,Tax Calculation,2025-04-26T05:25:43.240673,V496
AP269696,Approval Requested,2025-04-26T06:11:35.139684,V496
AP269696,Manager Approval,2025-04-26T11:28:45.600954,V496
AP269696,Vendor Master Data Review,2025-04-26T13:22:51.545668,V496
AP269696,Payment Terms Verification,2025-04-26T14:31:12.291652,V496
AP269696,GL Account Assignment,2025-04-26T16:08:12.474993,V496
AP269696,Cost Center Assignment,2025-04-26T17:07:05.764601,V496
AP269696,Payment Block Release,2025-04-26T17:32:30.545770,V496
AP269696,Payment Scheduled,2025-04-26T19:45:50.993996,V496
AP269696,Payment Executed,2025-04-27T10:35:19.636435,V496
AP269696,Payment Confirmed,2025-04-27T11:18:18.036561,V496
AP269696,Invoice Posted,2025-04-27T12:04:56.504866,V496
AP269696,Document Archived,2025-04-27T12:37:43.607273,V496
AP484657,Invoice Received,2025-04-27T06:53:27.406969,V911
AP484657,Invoice Scanned,2025-04-27T07:44:07.933370,V911
AP484657,Invoice Validation,2025-04-27T09:36:47.244338,V911
AP484657,Three-Way Match,2025-04-27T13:02:17.696770,V911
AP484657,Quantity Variance Check,2025-04-27T14:09:39.051558,V911
AP484657,Tax Calculation,2025-04-27T15:51:42.824595,V911
AP484657,Approval Requested,2025-04-27T16:25:35.165511,V911
AP484657,Manager Approval,2025-04-27T23:43:54.829653,V911
AP484657,Vendor Master Data Review,2025-04-28T00:11:53.597099,V911
AP484657,Payment Terms Verification,2025-04-28T00:50:20.781784,V911
AP484657,GL Account Assignment,2025-04-28T02:30:53.004528,V911
AP484657,Cost Center Assignment,2025-04-28T03:30:56.231345,V911
AP484657,Payment Block Release,2025-04-28T04:18:58.287601,V911
AP484657,Payment Scheduled,2025-04-28T08:02:56.170994,V911
AP484657,Payment Executed,2025-04-28T21:05:13.556478,V911
AP484657,Payment Confirmed,2025-04-28T23:00:53.793285,V911
AP484657,Invoice Posted,2025-04-29T00:01:59.416381,V911
AP484657,Document Archived,2025-04-29T00:52:50.843471,V911
AP105046,Invoice Received,2025-04-27T15:16:19.280053,V437
AP105046,Invoice Scanned,2025-04-27T15:51:42.071959,V437
AP105046,Invoice Validation,2025-04-27T18:10:53.577183,V437
AP105046,Three-Way Match,2025-04-27T22:35:55.519992,V437
AP105046,Quantity Variance Check,2025-04-28T02:03:26.469669,V437
AP105046,Tax Calculation,2025-04-28T03:18:44.084687,V437
AP105046,Approval Requested,2025-04-28T03:49:32.517684,V437
AP105046,Manager Approval,2025-04-29T11:37:02.351423,V437
AP105046,Vendor Master Data Review,2025-04-29T13:15:45.430179,V437
AP105046,Payment Terms Verification,2025-04-29T15:43:14.894953,V437
AP105046,GL Account Assignment,2025-04-29T16:43:33.119110,V437
AP105046,Cost Center Assignment,2025-04-29T18:28:36.543809,V437
AP105046,Payment Block Release,2025-04-29T19:27:17.959622,V437
AP105046,Payment Scheduled,2025-04-30T03:19:15.778080,V437
AP105046,Payment Executed,2025-04-30T19:10:44.960906,V437
AP105046,Payment Confirmed,2025-04-30T20:24:41.630209,V437
AP105046,Invoice Posted,2025-04-30T21:51:38.454319,V437
AP105046,Document Archived,2025-04-30T23:08:21.037979,V437
AP998048,Invoice Received,2025-04-28T19:23:10.954850,V449
AP998048,Invoice Scanned,2025-04-28T20:20:15.900601,V449
AP998048,Invoice Validation,2025-04-28T22:54:46.415393,V449
AP998048,Approval Requested,2025-04-28T23:54:00.037527,V449
AP998048,Manager Approval,2025-04-29T05:06:17.278000,V449
AP998048,Vendor Master Data Review,2025-04-29T06:26:36.208421,V449
AP998048,Payment Terms Verification,2025-04-29T07:40:27.811361,V449
AP998048,GL Account Assignment,2025-04-29T09:06:41.434023,V449
AP998048,Cost Center Assignment,2025-04-29T09:56:42.894267,V449
AP998048,Payment Block Release,2025-04-29T10:28:29.816023,V449
AP998048,Payment Scheduled,2025-04-29T18:31:36.836745,V449
AP998048,Payment Executed,2025-04-30T12:03:32.039221,V449
AP998048,Payment Confirmed,2025-04-30T13:30:58.666623,V449
AP998048,Invoice Posted,2025-04-30T15:31:51.318091,V449
AP998048,Document Archived,2025-04-30T16:30:36.351009,V449
AP329096,Invoice Received,2025-04-30T16:07:14.913445,V631
AP329096,Invoice Scanned,2025-04-30T16:25:32.160430,V631
AP329096,Invoice Validation,2025-04-30T18:42:25.388903,V631
AP329096,Three-Way Match,2025-04-30T22:58:42.958773,V631
AP329096,Price Variance Check,2025-05-01T01:23:09.076760,V631
AP329096,Tax Calculation,2025-05-01T02:12:34.393007,V631
AP329096,Approval Requested,2025-05-01T03:06:08.569438,V631
AP329096,Manager Approval,2025-05-01T17:04:03.645176,V631
AP329096,Vendor Master Data Review,2025-05-01T19:01:36.359772,V631
AP329096,Payment Terms Verification,2025-05-01T20:18:53.031248,V631
AP329096,GL Account Assignment,2025-05-01T21:56:28.512616,V631
AP329096,Cost Center Assignment,2025-05-01T23:13:27.973958,V631
AP329096,Payment Block Release,2025-05-01T23:40:46.470027,V631
AP329096,Payment Scheduled,2025-05-02T01:39:39.326178,V631
AP329096,Payment Executed,2025-05-02T22:00:15.860826,V631
AP329096,Payment Confirmed,2025-05-02T23:53:49.500385,V631
AP329096,Invoice Posted,2025-05-03T01:57:55.927621,V631
AP329096,Document Archived,2025-05-03T02:51:31.490230,V631
AP460489,Invoice Received,2025-05-01T04:57:39.318012,V770
AP460489,Invoice Scanned,2025-05-01T05:41:10.459096,V770
AP460489,Invoice Validation,2025-05-01T07:12:54.161729,V770
AP460489,Three-Way Match,2025-05-01T11:59:43.832347,V770
AP460489,Tax Calculation,2025-05-01T13:56:38.166263,V770
AP460489,Approval Requested,2025-05-01T14:55:14.635917,V770
AP460489,Manager Approval,2025-05-02T12:26:38.402298,V770
AP460489,Finance Approval,2025-05-04T22:57:31.973854,V770
AP460489,Vendor Master Data Review,2025-05-05T00:11:38.812376,V770
AP460489,Payment Terms Verification,2025-05-05T01:19:52.466471,V770
AP460489,GL Account Assignment,2025-05-05T03:13:52.419176,V770
AP460489,Cost Center Assignment,2025-05-05T04:50:01.310817,V770
AP460489,Payment Block Release,2025-05-05T05:32:16.662909,V770
AP460489,Payment Scheduled,2025-05-05T15:40:39.263297,V770
AP460489,Payment Executed,2025-05-06T11:20:58.046431,V770
AP460489,Payment Confirmed,2025-05-06T12:50:14.902831,V770
AP460489,Invoice Posted,2025-05-06T14:50:34.515860,V770
AP460489,Document Archived,2025-05-06T15:12:27.732183,V770
AP441865,Invoice Received,2025-05-03T00:28:29.941063,V673
AP441865,Invoice Scanned,2025-05-03T00:59:23.702917,V673
AP441865,Invoice Validation,2025-05-03T03:31:37.335495,V673
AP441865,Approval Requested,2025-05-03T03:50:03.110121,V673
AP441865,Manager Approval,2025-05-03T19:31:27.412761,V673
AP441865,Finance Approval,2025-05-04T02:47:42.195345,V673
AP441865,Vendor Master Data Review,2025-05-04T03:37:15.212953,V673
AP441865,Payment Terms Verification,2025-05-04T05:00:41.930551,V673
AP441865,GL Account Assignment,2025-05-04T05:24:01.790905,V673
AP441865,Cost Center Assignment,2025-05-04T05:58:13.842527,V673
AP441865,Payment Block Release,2025-05-04T06:08:24.383383,V673
AP441865,Payment Scheduled,2025-05-04T08:20:29.753844,V673
AP441865,Payment Executed,2025-05-04T13:04:10.412801,V673
AP441865,Payment Confirmed,2025-05-04T13:38:41.159898,V673
AP441865,Invoice Posted,2025-05-04T14:09:47.446374,V673
AP441865,Document Archived,2025-05-04T14:30:23.755144,V673
AP790538,Invoice Received,2025-05-03T21:40:12.261407,V985
AP790538,Invoice Scanned,2025-05-03T22:11:23.982517,V985
AP790538,Invoice Validation,2025-05-04T00:48:35.499157,V985
AP790538,Three-Way Match,2025-05-04T03:58:35.415165,V985
AP790538,Quantity Variance Check,2025-05-04T05:24:52.944965,V985
AP790538,Tax Calculation,2025-05-04T07:18:56.824160,V985
AP790538,Approval Requested,2025-05-04T08:16:31.594702,V985
AP790538,Manager Approval,2025-05-05T12:03:00.332334,V985
AP790538,Finance Approval,2025-05-06T18:32:16.150153,V985
AP790538,Vendor Master Data Review,2025-05-06T19:14:22.342282,V985
AP790538,Payment Terms Verification,2025-05-06T20:32:45.867718,V985
AP790538,GL Account Assignment,2025-05-06T21:04:22.461299,V985
AP790538,Cost Center Assignment,2025-05-06T22:24:23.048406,V985
AP790538,Payment Block Release,2025-05-06T22:54:34.498188,V985
AP790538,Payment Scheduled,2025-05-07T04:37:04.909635,V985
AP790538,Payment Executed,2025-05-07T19:21:08.262134,V985
AP790538,Payment Confirmed,2025-05-07T21:08:23.408560,V985
AP790538,Invoice Posted,2025-05-07T23:43:16.782875,V985
AP790538,Document Archived,2025-05-07T23:58:30.003673,V985
AP689667,Invoice Received,2025-05-04T03:11:00.375881,V258
AP689667,Invoice Scanned,2025-05-04T03:28:20.669607,V258
AP689667,Invoice Validation,2025-05-04T06:39:59.259378,V258
AP689667,Three-Way Match,2025-05-04T11:25:43.684423,V258
AP689667,Quantity Variance Check,2025-05-04T13:05:51.842641,V258
AP689667,Tax Calculation,2025-05-04T14:19:22.787263,V258
AP689667,Approval Requested,2025-05-04T15:09:52.889331,V258
AP689667,Manager Approval,2025-05-05T09:34:26.672492,V258
AP689667,Vendor Master Data Review,2025-05-05T10:05:39.551588,V258
AP689667,Payment Terms Verification,2025-05-05T11:33:33.676922,V258
AP689667,GL Account Assignment,2025-05-05T12:35:07.183317,V258
AP689667,Cost Center Assignment,2025-05-05T13:49:57.580496,V258
AP689667,Payment Block Release,2025-05-05T14:21:45.031093,V258
AP689667,Payment Scheduled,2025-05-05T17:46:35.156145,V258
AP689667,Payment Executed,2025-05-05T23:00:50.972586,V258
AP689667,Payment Confirmed,2025-05-05T23:27:34.602087,V258
AP689667,Invoice Posted,2025-05-06T01:12:54.489770,V258
AP689667,Document Archived,2025-05-06T01:44:01.155117,V258
