CaseId,ActivityName,ActivityTime,Resource,Role,OrderType,OrderValue,Currency,Priority,PaymentTerms,VendorID,VendorName,VendorCategory,VendorRating,PreferredVendor,RequesterID,Department,CostCenter,ApprovalLevel,InvoiceNumber,InvoiceDate,InvoiceAmount,InvoiceStatus,PaymentMethod,PaymentStatus,PaymentDate,DiscountApplied
PO334053,Place Order,2025-05-04 14:00:00,Tom Anderson,Requester,Standard,1225.07,USD,Medium,Net60,V5506,Service Specialists,Services,3.1,True,EMP4811,Finance,CC127,1,INV-356787,2025-04-30,1232.57,Paid,Credit Card,Completed,2025-05-04,17.96
PO334053,Receive Order,2025-05-05 08:26:38,Michael Brown,Buyer,Standard,1225.07,USD,Medium,Net60,V5506,Service Specialists,Services,3.1,True,EMP4811,Finance,CC127,1,INV-356787,2025-04-30,1232.57,Paid,Credit Card,Completed,2025-05-04,17.96
PO334053,Process Order,2025-05-05 08:43:11,Robert Taylor,Buyer,Standard,1225.07,USD,Medium,Net60,V5506,Service Specialists,Services,3.1,True,EMP4811,Finance,CC127,1,INV-356787,2025-04-30,1232.57,Paid,Credit Card,Completed,2025-05-04,17.96
PO334053,Receive Invoice,2025-05-05 09:41:20,Payment Gateway,System,Standard,1225.07,USD,Medium,Net60,V5506,Service Specialists,Services,3.1,True,EMP4811,Finance,CC127,1,INV-356787,2025-04-30,1232.57,Paid,Credit Card,Completed,2025-05-04,17.96
PO334053,Review Invoice,2025-05-05 09:46:30,James White,Ap Clerk,Standard,1225.07,USD,Medium,Net60,V5506,Service Specialists,Services,3.1,True,EMP4811,Finance,CC127,1,INV-356787,2025-04-30,1232.57,Paid,Credit Card,Completed,2025-05-04,17.96
PO334053,Create Payment,2025-05-05 10:36:58,James White,Ap Clerk,Standard,1225.07,USD,Medium,Net60,V5506,Service Specialists,Services,3.1,True,EMP4811,Finance,CC127,1,INV-356787,2025-04-30,1232.57,Paid,Credit Card,Completed,2025-05-04,17.96
PO334053,Authorize Payment,2025-05-05 11:11:08,VP Chen,Approver,Standard,1225.07,USD,Medium,Net60,V5506,Service Specialists,Services,3.1,True,EMP4811,Finance,CC127,1,INV-356787,2025-04-30,1232.57,Paid,Credit Card,Completed,2025-05-04,17.96
PO334053,Update Customer Balance,2025-05-05 11:44:49,Invoice System,System,Standard,1225.07,USD,Medium,Net60,V5506,Service Specialists,Services,3.1,True,EMP4811,Finance,CC127,1,INV-356787,2025-04-30,1232.57,Paid,Credit Card,Completed,2025-05-04,17.96
PO334053,Verify Successful Payment,2025-05-05 11:50:43,ERP System,System,Standard,1225.07,USD,Medium,Net60,V5506,Service Specialists,Services,3.1,True,EMP4811,Finance,CC127,1,INV-356787,2025-04-30,1232.57,Paid,Credit Card,Completed,2025-05-04,17.96
PO301629,Place Order,2025-05-04 14:00:00,Ahmed Al-Rashid,Requester,Express,8968.18,USD,Low,Net30,V6925,Global Tech Solutions,Software,4.7,False,EMP5554,Finance,CC954,1,INV-705397,2025-05-02,8846.96,Paid,Bank Transfer,Completed,2025-05-04,0.0
PO301629,Receive Order,2025-05-05 08:32:25,Michael Brown,Buyer,Express,8968.18,USD,Low,Net30,V6925,Global Tech Solutions,Software,4.7,False,EMP5554,Finance,CC954,1,INV-705397,2025-05-02,8846.96,Paid,Bank Transfer,Completed,2025-05-04,0.0
PO301629,Process Order,2025-05-05 08:48:04,Robert Taylor,Buyer,Express,8968.18,USD,Low,Net30,V6925,Global Tech Solutions,Software,4.7,False,EMP5554,Finance,CC954,1,INV-705397,2025-05-02,8846.96,Paid,Bank Transfer,Completed,2025-05-04,0.0
PO301629,Receive Invoice,2025-05-05 09:53:34,ERP System,System,Express,8968.18,USD,Low,Net30,V6925,Global Tech Solutions,Software,4.7,False,EMP5554,Finance,CC954,1,INV-705397,2025-05-02,8846.96,Paid,Bank Transfer,Completed,2025-05-04,0.0
PO301629,Review Invoice,2025-05-05 09:59:29,Paul Martinez,Ap Clerk,Express,8968.18,USD,Low,Net30,V6925,Global Tech Solutions,Software,4.7,False,EMP5554,Finance,CC954,1,INV-705397,2025-05-02,8846.96,Paid,Bank Transfer,Completed,2025-05-04,0.0
PO301629,Create Payment,2025-05-05 11:09:41,Susan Clark,Ap Clerk,Express,8968.18,USD,Low,Net30,V6925,Global Tech Solutions,Software,4.7,False,EMP5554,Finance,CC954,1,INV-705397,2025-05-02,8846.96,Paid,Bank Transfer,Completed,2025-05-04,0.0
PO301629,Authorize Payment,2025-05-05 11:41:54,Director Johnson,Approver,Express,8968.18,USD,Low,Net30,V6925,Global Tech Solutions,Software,4.7,False,EMP5554,Finance,CC954,1,INV-705397,2025-05-02,8846.96,Paid,Bank Transfer,Completed,2025-05-04,0.0
PO301629,Update Customer Balance,2025-05-05 12:08:39,ERP System,System,Express,8968.18,USD,Low,Net30,V6925,Global Tech Solutions,Software,4.7,False,EMP5554,Finance,CC954,1,INV-705397,2025-05-02,8846.96,Paid,Bank Transfer,Completed,2025-05-04,0.0
PO301629,Verify Successful Payment,2025-05-05 12:15:23,Payment Gateway,System,Express,8968.18,USD,Low,Net30,V6925,Global Tech Solutions,Software,4.7,False,EMP5554,Finance,CC954,1,INV-705397,2025-05-02,8846.96,Paid,Bank Transfer,Completed,2025-05-04,0.0
PO623481,Place Order,2025-05-04 14:00:00,Maria Garcia,Requester,Standard,7460.51,CAD,Medium,Net30,V4483,Industrial Materials Co,Materials,4.1,False,EMP7543,HR,CC241,1,INV-787277,2025-05-03,7467.62,Paid,Bank Transfer,Completed,2025-05-04,0.0
PO623481,Receive Order,2025-05-05 08:25:50,Robert Taylor,Buyer,Standard,7460.51,CAD,Medium,Net30,V4483,Industrial Materials Co,Materials,4.1,False,EMP7543,HR,CC241,1,INV-787277,2025-05-03,7467.62,Paid,Bank Transfer,Completed,2025-05-04,0.0
PO623481,Process Order,2025-05-05 08:41:55,Carlos Rodriguez,Buyer,Standard,7460.51,CAD,Medium,Net30,V4483,Industrial Materials Co,Materials,4.1,False,EMP7543,HR,CC241,1,INV-787277,2025-05-03,7467.62,Paid,Bank Transfer,Completed,2025-05-04,0.0
PO623481,Receive Invoice,2025-05-05 09:39:04,Payment Gateway,System,Standard,7460.51,CAD,Medium,Net30,V4483,Industrial Materials Co,Materials,4.1,False,EMP7543,HR,CC241,1,INV-787277,2025-05-03,7467.62,Paid,Bank Transfer,Completed,2025-05-04,0.0
PO623481,Review Invoice,2025-05-05 09:45:08,Susan Clark,Ap Clerk,Standard,7460.51,CAD,Medium,Net30,V4483,Industrial Materials Co,Materials,4.1,False,EMP7543,HR,CC241,1,INV-787277,2025-05-03,7467.62,Paid,Bank Transfer,Completed,2025-05-04,0.0
PO623481,Create Payment,2025-05-05 10:49:28,Paul Martinez,Ap Clerk,Standard,7460.51,CAD,Medium,Net30,V4483,Industrial Materials Co,Materials,4.1,False,EMP7543,HR,CC241,1,INV-787277,2025-05-03,7467.62,Paid,Bank Transfer,Completed,2025-05-04,0.0
PO623481,Authorize Payment,2025-05-05 11:24:05,VP Chen,Approver,Standard,7460.51,CAD,Medium,Net30,V4483,Industrial Materials Co,Materials,4.1,False,EMP7543,HR,CC241,1,INV-787277,2025-05-03,7467.62,Paid,Bank Transfer,Completed,2025-05-04,0.0
PO623481,Update Customer Balance,2025-05-05 11:57:18,Payment Gateway,System,Standard,7460.51,CAD,Medium,Net30,V4483,Industrial Materials Co,Materials,4.1,False,EMP7543,HR,CC241,1,INV-787277,2025-05-03,7467.62,Paid,Bank Transfer,Completed,2025-05-04,0.0
PO623481,Verify Successful Payment,2025-05-05 12:02:22,Payment Gateway,System,Standard,7460.51,CAD,Medium,Net30,V4483,Industrial Materials Co,Materials,4.1,False,EMP7543,HR,CC241,1,INV-787277,2025-05-03,7467.62,Paid,Bank Transfer,Completed,2025-05-04,0.0
PO287330,Place Order,2025-05-04 14:00:00,Maria Garcia,Requester,Standard,33704.75,USD,Medium,Net15,V9201,Equipment Express,Materials,3.3,True,EMP9837,Sales,CC643,2,INV-898975,2025-05-02,35115.27,Paid,Bank Transfer,Completed,2025-05-04,0.0
PO287330,Receive Order,2025-05-05 08:35:08,Emily Davis,Buyer,Standard,33704.75,USD,Medium,Net15,V9201,Equipment Express,Materials,3.3,True,EMP9837,Sales,CC643,2,INV-898975,2025-05-02,35115.27,Paid,Bank Transfer,Completed,2025-05-04,0.0
PO287330,Process Order,2025-05-05 08:48:35,Robert Taylor,Buyer,Standard,33704.75,USD,Medium,Net15,V9201,Equipment Express,Materials,3.3,True,EMP9837,Sales,CC643,2,INV-898975,2025-05-02,35115.27,Paid,Bank Transfer,Completed,2025-05-04,0.0
PO287330,Receive Invoice,2025-05-05 09:50:12,ERP System,System,Standard,33704.75,USD,Medium,Net15,V9201,Equipment Express,Materials,3.3,True,EMP9837,Sales,CC643,2,INV-898975,2025-05-02,35115.27,Paid,Bank Transfer,Completed,2025-05-04,0.0
PO287330,Review Invoice,2025-05-05 09:55:12,Susan Clark,Ap Clerk,Standard,33704.75,USD,Medium,Net15,V9201,Equipment Express,Materials,3.3,True,EMP9837,Sales,CC643,2,INV-898975,2025-05-02,35115.27,Paid,Bank Transfer,Completed,2025-05-04,0.0
PO287330,Create Payment,2025-05-05 11:06:40,Susan Clark,Ap Clerk,Standard,33704.75,USD,Medium,Net15,V9201,Equipment Express,Materials,3.3,True,EMP9837,Sales,CC643,2,INV-898975,2025-05-02,35115.27,Paid,Bank Transfer,Completed,2025-05-04,0.0
PO287330,Authorize Payment,2025-05-05 11:32:13,CFO Anderson,Approver,Standard,33704.75,USD,Medium,Net15,V9201,Equipment Express,Materials,3.3,True,EMP9837,Sales,CC643,2,INV-898975,2025-05-02,35115.27,Paid,Bank Transfer,Completed,2025-05-04,0.0
PO287330,Update Customer Balance,2025-05-05 12:07:34,ERP System,System,Standard,33704.75,USD,Medium,Net15,V9201,Equipment Express,Materials,3.3,True,EMP9837,Sales,CC643,2,INV-898975,2025-05-02,35115.27,Paid,Bank Transfer,Completed,2025-05-04,0.0
PO287330,Verify Successful Payment,2025-05-05 12:13:01,Invoice System,System,Standard,33704.75,USD,Medium,Net15,V9201,Equipment Express,Materials,3.3,True,EMP9837,Sales,CC643,2,INV-898975,2025-05-02,35115.27,Paid,Bank Transfer,Completed,2025-05-04,0.0
PO804314,Place Order,2025-05-04 14:00:00,Lisa Johnson,Requester,Standard,72087.4,USD,Medium,Net30,V6107,Industrial Materials Co,Equipment,3.0,True,EMP4608,Operations,CC824,2,INV-518373,2025-04-28,73032.49,Paid,Bank Transfer,Completed,2025-05-04,0.0
PO804314,Receive Order,2025-05-05 08:24:51,Robert Taylor,Buyer,Standard,72087.4,USD,Medium,Net30,V6107,Industrial Materials Co,Equipment,3.0,True,EMP4608,Operations,CC824,2,INV-518373,2025-04-28,73032.49,Paid,Bank Transfer,Completed,2025-05-04,0.0
PO804314,Process Order,2025-05-05 08:40:51,Robert Taylor,Buyer,Standard,72087.4,USD,Medium,Net30,V6107,Industrial Materials Co,Equipment,3.0,True,EMP4608,Operations,CC824,2,INV-518373,2025-04-28,73032.49,Paid,Bank Transfer,Completed,2025-05-04,0.0
PO804314,Receive Invoice,2025-05-05 09:32:02,Invoice System,System,Standard,72087.4,USD,Medium,Net30,V6107,Industrial Materials Co,Equipment,3.0,True,EMP4608,Operations,CC824,2,INV-518373,2025-04-28,73032.49,Paid,Bank Transfer,Completed,2025-05-04,0.0
PO804314,Review Invoice,2025-05-05 09:38:13,Paul Martinez,Ap Clerk,Standard,72087.4,USD,Medium,Net30,V6107,Industrial Materials Co,Equipment,3.0,True,EMP4608,Operations,CC824,2,INV-518373,2025-04-28,73032.49,Paid,Bank Transfer,Completed,2025-05-04,0.0
PO804314,Create Payment,2025-05-05 10:37:34,Susan Clark,Ap Clerk,Standard,72087.4,USD,Medium,Net30,V6107,Industrial Materials Co,Equipment,3.0,True,EMP4608,Operations,CC824,2,INV-518373,2025-04-28,73032.49,Paid,Bank Transfer,Completed,2025-05-04,0.0
PO804314,Authorize Payment,2025-05-05 11:02:44,CFO Anderson,Approver,Standard,72087.4,USD,Medium,Net30,V6107,Industrial Materials Co,Equipment,3.0,True,EMP4608,Operations,CC824,2,INV-518373,2025-04-28,73032.49,Paid,Bank Transfer,Completed,2025-05-04,0.0
PO804314,Update Customer Balance,2025-05-05 11:30:59,Payment Gateway,System,Standard,72087.4,USD,Medium,Net30,V6107,Industrial Materials Co,Equipment,3.0,True,EMP4608,Operations,CC824,2,INV-518373,2025-04-28,73032.49,Paid,Bank Transfer,Completed,2025-05-04,0.0
PO804314,Verify Successful Payment,2025-05-05 11:36:54,Invoice System,System,Standard,72087.4,USD,Medium,Net30,V6107,Industrial Materials Co,Equipment,3.0,True,EMP4608,Operations,CC824,2,INV-518373,2025-04-28,73032.49,Paid,Bank Transfer,Completed,2025-05-04,0.0
PO214576,Place Order,2025-05-04 14:00:00,John Smith,Requester,Standard,408.19,USD,Medium,Net30,V6559,Office Depot Pro,Services,4.7,True,EMP8260,Facilities,CC976,1,INV-939482,2025-04-29,410.24,Paid,Bank Transfer,Completed,2025-05-04,6.4
PO214576,Receive Order,2025-05-05 08:35:37,Jennifer Lee,Buyer,Standard,408.19,USD,Medium,Net30,V6559,Office Depot Pro,Services,4.7,True,EMP8260,Facilities,CC976,1,INV-939482,2025-04-29,410.24,Paid,Bank Transfer,Completed,2025-05-04,6.4
PO214576,Process Order,2025-05-05 08:48:37,Jennifer Lee,Buyer,Standard,408.19,USD,Medium,Net30,V6559,Office Depot Pro,Services,4.7,True,EMP8260,Facilities,CC976,1,INV-939482,2025-04-29,410.24,Paid,Bank Transfer,Completed,2025-05-04,6.4
PO214576,Receive Invoice,2025-05-05 09:57:22,ERP System,System,Standard,408.19,USD,Medium,Net30,V6559,Office Depot Pro,Services,4.7,True,EMP8260,Facilities,CC976,1,INV-939482,2025-04-29,410.24,Paid,Bank Transfer,Completed,2025-05-04,6.4
PO214576,Review Invoice,2025-05-05 10:02:34,Paul Martinez,Ap Clerk,Standard,408.19,USD,Medium,Net30,V6559,Office Depot Pro,Services,4.7,True,EMP8260,Facilities,CC976,1,INV-939482,2025-04-29,410.24,Paid,Bank Transfer,Completed,2025-05-04,6.4
PO214576,Create Payment,2025-05-05 10:59:56,James White,Ap Clerk,Standard,408.19,USD,Medium,Net30,V6559,Office Depot Pro,Services,4.7,True,EMP8260,Facilities,CC976,1,INV-939482,2025-04-29,410.24,Paid,Bank Transfer,Completed,2025-05-04,6.4
PO214576,Authorize Payment,2025-05-05 11:27:21,CFO Anderson,Approver,Standard,408.19,USD,Medium,Net30,V6559,Office Depot Pro,Services,4.7,True,EMP8260,Facilities,CC976,1,INV-939482,2025-04-29,410.24,Paid,Bank Transfer,Completed,2025-05-04,6.4
PO214576,Update Customer Balance,2025-05-05 11:53:13,Payment Gateway,System,Standard,408.19,USD,Medium,Net30,V6559,Office Depot Pro,Services,4.7,True,EMP8260,Facilities,CC976,1,INV-939482,2025-04-29,410.24,Paid,Bank Transfer,Completed,2025-05-04,6.4
PO214576,Verify Successful Payment,2025-05-05 11:58:32,ERP System,System,Standard,408.19,USD,Medium,Net30,V6559,Office Depot Pro,Services,4.7,True,EMP8260,Facilities,CC976,1,INV-939482,2025-04-29,410.24,Paid,Bank Transfer,Completed,2025-05-04,6.4
PO159642,Place Order,2025-05-04 14:00:00,Ahmed Al-Rashid,Requester,Contract,481.54,USD,Low,Net60,V9701,Material World Inc,Software,3.8,True,EMP1651,Marketing,CC529,1,INV-265080,2025-05-02,489.12,Paid,Bank Transfer,Completed,2025-05-04,0.0
PO159642,Receive Order,2025-05-05 08:26:27,Jennifer Lee,Buyer,Contract,481.54,USD,Low,Net60,V9701,Material World Inc,Software,3.8,True,EMP1651,Marketing,CC529,1,INV-265080,2025-05-02,489.12,Paid,Bank Transfer,Completed,2025-05-04,0.0
PO159642,Process Order,2025-05-05 08:40:02,Robert Taylor,Buyer,Contract,481.54,USD,Low,Net60,V9701,Material World Inc,Software,3.8,True,EMP1651,Marketing,CC529,1,INV-265080,2025-05-02,489.12,Paid,Bank Transfer,Completed,2025-05-04,0.0
PO159642,Receive Invoice,2025-05-05 09:43:32,Payment Gateway,System,Contract,481.54,USD,Low,Net60,V9701,Material World Inc,Software,3.8,True,EMP1651,Marketing,CC529,1,INV-265080,2025-05-02,489.12,Paid,Bank Transfer,Completed,2025-05-04,0.0
PO159642,Review Invoice,2025-05-05 09:49:05,Susan Clark,Ap Clerk,Contract,481.54,USD,Low,Net60,V9701,Material World Inc,Software,3.8,True,EMP1651,Marketing,CC529,1,INV-265080,2025-05-02,489.12,Paid,Bank Transfer,Completed,2025-05-04,0.0
PO159642,Create Payment,2025-05-05 10:37:19,Michelle Kim,Ap Clerk,Contract,481.54,USD,Low,Net60,V9701,Material World Inc,Software,3.8,True,EMP1651,Marketing,CC529,1,INV-265080,2025-05-02,489.12,Paid,Bank Transfer,Completed,2025-05-04,0.0
PO159642,Authorize Payment,2025-05-05 11:13:16,Director Johnson,Approver,Contract,481.54,USD,Low,Net60,V9701,Material World Inc,Software,3.8,True,EMP1651,Marketing,CC529,1,INV-265080,2025-05-02,489.12,Paid,Bank Transfer,Completed,2025-05-04,0.0
PO159642,Update Customer Balance,2025-05-05 11:43:43,Invoice System,System,Contract,481.54,USD,Low,Net60,V9701,Material World Inc,Software,3.8,True,EMP1651,Marketing,CC529,1,INV-265080,2025-05-02,489.12,Paid,Bank Transfer,Completed,2025-05-04,0.0
PO159642,Verify Successful Payment,2025-05-05 11:49:09,Payment Gateway,System,Contract,481.54,USD,Low,Net60,V9701,Material World Inc,Software,3.8,True,EMP1651,Marketing,CC529,1,INV-265080,2025-05-02,489.12,Paid,Bank Transfer,Completed,2025-05-04,0.0
PO946305,Place Order,2025-05-04 14:00:00,Lisa Johnson,Requester,Standard,834.57,USD,High,Net30,V5956,Material World Inc,Equipment,4.8,False,EMP2891,Facilities,CC860,1,INV-741390,2025-05-03,839.01,Paid,Bank Transfer,Completed,2025-05-04,36.85
PO946305,Receive Order,2025-05-05 08:26:26,Emily Davis,Buyer,Standard,834.57,USD,High,Net30,V5956,Material World Inc,Equipment,4.8,False,EMP2891,Facilities,CC860,1,INV-741390,2025-05-03,839.01,Paid,Bank Transfer,Completed,2025-05-04,36.85
PO946305,Process Order,2025-05-05 08:41:28,Robert Taylor,Buyer,Standard,834.57,USD,High,Net30,V5956,Material World Inc,Equipment,4.8,False,EMP2891,Facilities,CC860,1,INV-741390,2025-05-03,839.01,Paid,Bank Transfer,Completed,2025-05-04,36.85
PO946305,Receive Invoice,2025-05-05 09:51:16,ERP System,System,Standard,834.57,USD,High,Net30,V5956,Material World Inc,Equipment,4.8,False,EMP2891,Facilities,CC860,1,INV-741390,2025-05-03,839.01,Paid,Bank Transfer,Completed,2025-05-04,36.85
PO946305,Review Invoice,2025-05-05 09:56:17,James White,Ap Clerk,Standard,834.57,USD,High,Net30,V5956,Material World Inc,Equipment,4.8,False,EMP2891,Facilities,CC860,1,INV-741390,2025-05-03,839.01,Paid,Bank Transfer,Completed,2025-05-04,36.85
PO946305,Create Payment,2025-05-05 10:45:21,Susan Clark,Ap Clerk,Standard,834.57,USD,High,Net30,V5956,Material World Inc,Equipment,4.8,False,EMP2891,Facilities,CC860,1,INV-741390,2025-05-03,839.01,Paid,Bank Transfer,Completed,2025-05-04,36.85
PO946305,Authorize Payment,2025-05-05 11:16:59,VP Chen,Approver,Standard,834.57,USD,High,Net30,V5956,Material World Inc,Equipment,4.8,False,EMP2891,Facilities,CC860,1,INV-741390,2025-05-03,839.01,Paid,Bank Transfer,Completed,2025-05-04,36.85
PO946305,Update Customer Balance,2025-05-05 11:42:56,Payment Gateway,System,Standard,834.57,USD,High,Net30,V5956,Material World Inc,Equipment,4.8,False,EMP2891,Facilities,CC860,1,INV-741390,2025-05-03,839.01,Paid,Bank Transfer,Completed,2025-05-04,36.85
PO946305,Verify Successful Payment,2025-05-05 11:49:03,Payment Gateway,System,Standard,834.57,USD,High,Net30,V5956,Material World Inc,Equipment,4.8,False,EMP2891,Facilities,CC860,1,INV-741390,2025-05-03,839.01,Paid,Bank Transfer,Completed,2025-05-04,36.85
PO679364,Place Order,2025-05-04 14:00:00,David Chen,Requester,Standard,59102.58,USD,Medium,Immediate,V7049,Acme Supplies Inc,Software,3.4,True,EMP2684,HR,CC673,2,INV-710805,2025-04-30,61372.92,Paid,Bank Transfer,Completed,2025-05-04,0.0
PO679364,Receive Order,2025-05-05 08:35:06,Robert Taylor,Buyer,Standard,59102.58,USD,Medium,Immediate,V7049,Acme Supplies Inc,Software,3.4,True,EMP2684,HR,CC673,2,INV-710805,2025-04-30,61372.92,Paid,Bank Transfer,Completed,2025-05-04,0.0
PO679364,Process Order,2025-05-05 08:48:05,Jennifer Lee,Buyer,Standard,59102.58,USD,Medium,Immediate,V7049,Acme Supplies Inc,Software,3.4,True,EMP2684,HR,CC673,2,INV-710805,2025-04-30,61372.92,Paid,Bank Transfer,Completed,2025-05-04,0.0
PO679364,Receive Invoice,2025-05-05 09:57:14,ERP System,System,Standard,59102.58,USD,Medium,Immediate,V7049,Acme Supplies Inc,Software,3.4,True,EMP2684,HR,CC673,2,INV-710805,2025-04-30,61372.92,Paid,Bank Transfer,Completed,2025-05-04,0.0
PO679364,Review Invoice,2025-05-05 10:02:28,James White,Ap Clerk,Standard,59102.58,USD,Medium,Immediate,V7049,Acme Supplies Inc,Software,3.4,True,EMP2684,HR,CC673,2,INV-710805,2025-04-30,61372.92,Paid,Bank Transfer,Completed,2025-05-04,0.0
PO679364,Create Payment,2025-05-05 11:09:43,Susan Clark,Ap Clerk,Standard,59102.58,USD,Medium,Immediate,V7049,Acme Supplies Inc,Software,3.4,True,EMP2684,HR,CC673,2,INV-710805,2025-04-30,61372.92,Paid,Bank Transfer,Completed,2025-05-04,0.0
PO679364,Authorize Payment,2025-05-05 11:36:55,Director Johnson,Approver,Standard,59102.58,USD,Medium,Immediate,V7049,Acme Supplies Inc,Software,3.4,True,EMP2684,HR,CC673,2,INV-710805,2025-04-30,61372.92,Paid,Bank Transfer,Completed,2025-05-04,0.0
PO679364,Update Customer Balance,2025-05-05 12:05:30,ERP System,System,Standard,59102.58,USD,Medium,Immediate,V7049,Acme Supplies Inc,Software,3.4,True,EMP2684,HR,CC673,2,INV-710805,2025-04-30,61372.92,Paid,Bank Transfer,Completed,2025-05-04,0.0
PO679364,Verify Successful Payment,2025-05-05 12:12:22,ERP System,System,Standard,59102.58,USD,Medium,Immediate,V7049,Acme Supplies Inc,Software,3.4,True,EMP2684,HR,CC673,2,INV-710805,2025-04-30,61372.92,Paid,Bank Transfer,Completed,2025-05-04,0.0
PO792094,Place Order,2025-05-04 14:00:00,Maria Garcia,Requester,Standard,88418.2,USD,High,Net90,V4652,Office Depot Pro,Services,4.0,False,EMP1452,Operations,CC367,2,INV-124813,2025-04-28,85576.15,Paid,Check,Completed,2025-05-04,0.0
PO792094,Receive Order,2025-05-05 08:31:09,Robert Taylor,Buyer,Standard,88418.2,USD,High,Net90,V4652,Office Depot Pro,Services,4.0,False,EMP1452,Operations,CC367,2,INV-124813,2025-04-28,85576.15,Paid,Check,Completed,2025-05-04,0.0
PO792094,Process Order,2025-05-05 08:47:52,Anna Schmidt,Buyer,Standard,88418.2,USD,High,Net90,V4652,Office Depot Pro,Services,4.0,False,EMP1452,Operations,CC367,2,INV-124813,2025-04-28,85576.15,Paid,Check,Completed,2025-05-04,0.0
PO792094,Receive Invoice,2025-05-05 09:38:39,Invoice System,System,Standard,88418.2,USD,High,Net90,V4652,Office Depot Pro,Services,4.0,False,EMP1452,Operations,CC367,2,INV-124813,2025-04-28,85576.15,Paid,Check,Completed,2025-05-04,0.0
PO792094,Review Invoice,2025-05-05 09:43:54,Paul Martinez,Ap Clerk,Standard,88418.2,USD,High,Net90,V4652,Office Depot Pro,Services,4.0,False,EMP1452,Operations,CC367,2,INV-124813,2025-04-28,85576.15,Paid,Check,Completed,2025-05-04,0.0
PO792094,Create Payment,2025-05-05 10:42:22,Michelle Kim,Ap Clerk,Standard,88418.2,USD,High,Net90,V4652,Office Depot Pro,Services,4.0,False,EMP1452,Operations,CC367,2,INV-124813,2025-04-28,85576.15,Paid,Check,Completed,2025-05-04,0.0
PO792094,Authorize Payment,2025-05-05 11:14:37,Manager Williams,Approver,Standard,88418.2,USD,High,Net90,V4652,Office Depot Pro,Services,4.0,False,EMP1452,Operations,CC367,2,INV-124813,2025-04-28,85576.15,Paid,Check,Completed,2025-05-04,0.0
PO792094,Update Customer Balance,2025-05-05 11:42:59,ERP System,System,Standard,88418.2,USD,High,Net90,V4652,Office Depot Pro,Services,4.0,False,EMP1452,Operations,CC367,2,INV-124813,2025-04-28,85576.15,Paid,Check,Completed,2025-05-04,0.0
PO792094,Verify Successful Payment,2025-05-05 11:50:03,Payment Gateway,System,Standard,88418.2,USD,High,Net90,V4652,Office Depot Pro,Services,4.0,False,EMP1452,Operations,CC367,2,INV-124813,2025-04-28,85576.15,Paid,Check,Completed,2025-05-04,0.0
PO528231,Place Order,2025-05-04 14:00:00,Lisa Johnson,Requester,Standard,37028.7,EUR,Medium,Net30,V6067,Material World Inc,Maintenance,4.4,True,EMP5930,HR,CC953,2,INV-799287,2025-04-29,35178.77,Paid,Bank Transfer,Completed,2025-05-04,0.0
PO528231,Receive Order,2025-05-05 08:29:34,Jennifer Lee,Buyer,Standard,37028.7,EUR,Medium,Net30,V6067,Material World Inc,Maintenance,4.4,True,EMP5930,HR,CC953,2,INV-799287,2025-04-29,35178.77,Paid,Bank Transfer,Completed,2025-05-04,0.0
PO528231,Process Order,2025-05-05 08:44:38,Jennifer Lee,Buyer,Standard,37028.7,EUR,Medium,Net30,V6067,Material World Inc,Maintenance,4.4,True,EMP5930,HR,CC953,2,INV-799287,2025-04-29,35178.77,Paid,Bank Transfer,Completed,2025-05-04,0.0
PO528231,Receive Invoice,2025-05-05 09:48:27,Payment Gateway,System,Standard,37028.7,EUR,Medium,Net30,V6067,Material World Inc,Maintenance,4.4,True,EMP5930,HR,CC953,2,INV-799287,2025-04-29,35178.77,Paid,Bank Transfer,Completed,2025-05-04,0.0
PO528231,Review Invoice,2025-05-05 09:54:29,James White,Ap Clerk,Standard,37028.7,EUR,Medium,Net30,V6067,Material World Inc,Maintenance,4.4,True,EMP5930,HR,CC953,2,INV-799287,2025-04-29,35178.77,Paid,Bank Transfer,Completed,2025-05-04,0.0
PO528231,Create Payment,2025-05-05 10:44:44,Susan Clark,Ap Clerk,Standard,37028.7,EUR,Medium,Net30,V6067,Material World Inc,Maintenance,4.4,True,EMP5930,HR,CC953,2,INV-799287,2025-04-29,35178.77,Paid,Bank Transfer,Completed,2025-05-04,0.0
PO528231,Authorize Payment,2025-05-05 11:16:48,Manager Williams,Approver,Standard,37028.7,EUR,Medium,Net30,V6067,Material World Inc,Maintenance,4.4,True,EMP5930,HR,CC953,2,INV-799287,2025-04-29,35178.77,Paid,Bank Transfer,Completed,2025-05-04,0.0
PO528231,Update Customer Balance,2025-05-05 11:50:29,ERP System,System,Standard,37028.7,EUR,Medium,Net30,V6067,Material World Inc,Maintenance,4.4,True,EMP5930,HR,CC953,2,INV-799287,2025-04-29,35178.77,Paid,Bank Transfer,Completed,2025-05-04,0.0
PO528231,Verify Successful Payment,2025-05-05 11:55:20,ERP System,System,Standard,37028.7,EUR,Medium,Net30,V6067,Material World Inc,Maintenance,4.4,True,EMP5930,HR,CC953,2,INV-799287,2025-04-29,35178.77,Paid,Bank Transfer,Completed,2025-05-04,0.0
PO830180,Place Order,2025-05-04 14:00:00,Lisa Johnson,Requester,Standard,419.88,USD,Low,Net60,V4185,Global Tech Solutions,Software,3.4,False,EMP1822,Marketing,CC968,1,INV-853240,2025-05-03,403.98,Paid,Bank Transfer,Completed,2025-05-04,0.0
PO830180,Receive Order,2025-05-05 08:35:24,Anna Schmidt,Buyer,Standard,419.88,USD,Low,Net60,V4185,Global Tech Solutions,Software,3.4,False,EMP1822,Marketing,CC968,1,INV-853240,2025-05-03,403.98,Paid,Bank Transfer,Completed,2025-05-04,0.0
PO830180,Process Order,2025-05-05 08:52:17,Carlos Rodriguez,Buyer,Standard,419.88,USD,Low,Net60,V4185,Global Tech Solutions,Software,3.4,False,EMP1822,Marketing,CC968,1,INV-853240,2025-05-03,403.98,Paid,Bank Transfer,Completed,2025-05-04,0.0
PO830180,Receive Invoice,2025-05-05 10:00:13,Invoice System,System,Standard,419.88,USD,Low,Net60,V4185,Global Tech Solutions,Software,3.4,False,EMP1822,Marketing,CC968,1,INV-853240,2025-05-03,403.98,Paid,Bank Transfer,Completed,2025-05-04,0.0
PO830180,Review Invoice,2025-05-05 10:06:05,Paul Martinez,Ap Clerk,Standard,419.88,USD,Low,Net60,V4185,Global Tech Solutions,Software,3.4,False,EMP1822,Marketing,CC968,1,INV-853240,2025-05-03,403.98,Paid,Bank Transfer,Completed,2025-05-04,0.0
PO830180,Create Payment,2025-05-05 11:14:46,Susan Clark,Ap Clerk,Standard,419.88,USD,Low,Net60,V4185,Global Tech Solutions,Software,3.4,False,EMP1822,Marketing,CC968,1,INV-853240,2025-05-03,403.98,Paid,Bank Transfer,Completed,2025-05-04,0.0
PO830180,Authorize Payment,2025-05-05 11:48:50,VP Chen,Approver,Standard,419.88,USD,Low,Net60,V4185,Global Tech Solutions,Software,3.4,False,EMP1822,Marketing,CC968,1,INV-853240,2025-05-03,403.98,Paid,Bank Transfer,Completed,2025-05-04,0.0
PO830180,Update Customer Balance,2025-05-05 12:22:02,Invoice System,System,Standard,419.88,USD,Low,Net60,V4185,Global Tech Solutions,Software,3.4,False,EMP1822,Marketing,CC968,1,INV-853240,2025-05-03,403.98,Paid,Bank Transfer,Completed,2025-05-04,0.0
PO830180,Verify Successful Payment,2025-05-05 12:28:00,ERP System,System,Standard,419.88,USD,Low,Net60,V4185,Global Tech Solutions,Software,3.4,False,EMP1822,Marketing,CC968,1,INV-853240,2025-05-03,403.98,Paid,Bank Transfer,Completed,2025-05-04,0.0
PO245095,Place Order,2025-05-04 14:00:00,John Smith,Requester,Standard,342.15,USD,Low,Net30,V9849,Maintenance Masters,Services,4.1,False,EMP2020,IT,CC530,1,INV-184491,2025-04-27,338.37,Paid,Credit Card,Completed,2025-05-04,0.0
PO245095,Receive Order,2025-05-05 08:34:16,Carlos Rodriguez,Buyer,Standard,342.15,USD,Low,Net30,V9849,Maintenance Masters,Services,4.1,False,EMP2020,IT,CC530,1,INV-184491,2025-04-27,338.37,Paid,Credit Card,Completed,2025-05-04,0.0
PO245095,Process Order,2025-05-05 08:49:08,Emily Davis,Buyer,Standard,342.15,USD,Low,Net30,V9849,Maintenance Masters,Services,4.1,False,EMP2020,IT,CC530,1,INV-184491,2025-04-27,338.37,Paid,Credit Card,Completed,2025-05-04,0.0
PO245095,Receive Invoice,2025-05-05 09:55:13,Payment Gateway,System,Standard,342.15,USD,Low,Net30,V9849,Maintenance Masters,Services,4.1,False,EMP2020,IT,CC530,1,INV-184491,2025-04-27,338.37,Paid,Credit Card,Completed,2025-05-04,0.0
PO245095,Review Invoice,2025-05-05 10:01:19,Michelle Kim,Ap Clerk,Standard,342.15,USD,Low,Net30,V9849,Maintenance Masters,Services,4.1,False,EMP2020,IT,CC530,1,INV-184491,2025-04-27,338.37,Paid,Credit Card,Completed,2025-05-04,0.0
PO245095,Create Payment,2025-05-05 11:10:51,James White,Ap Clerk,Standard,342.15,USD,Low,Net30,V9849,Maintenance Masters,Services,4.1,False,EMP2020,IT,CC530,1,INV-184491,2025-04-27,338.37,Paid,Credit Card,Completed,2025-05-04,0.0
PO245095,Authorize Payment,2025-05-05 11:40:05,Director Johnson,Approver,Standard,342.15,USD,Low,Net30,V9849,Maintenance Masters,Services,4.1,False,EMP2020,IT,CC530,1,INV-184491,2025-04-27,338.37,Paid,Credit Card,Completed,2025-05-04,0.0
PO245095,Update Customer Balance,2025-05-05 12:08:45,Invoice System,System,Standard,342.15,USD,Low,Net30,V9849,Maintenance Masters,Services,4.1,False,EMP2020,IT,CC530,1,INV-184491,2025-04-27,338.37,Paid,Credit Card,Completed,2025-05-04,0.0
PO245095,Verify Successful Payment,2025-05-05 12:15:11,Payment Gateway,System,Standard,342.15,USD,Low,Net30,V9849,Maintenance Masters,Services,4.1,False,EMP2020,IT,CC530,1,INV-184491,2025-04-27,338.37,Paid,Credit Card,Completed,2025-05-04,0.0
PO720644,Place Order,2025-05-04 14:00:00,Tom Anderson,Requester,Standard,625.41,USD,Medium,Net30,V1441,Software Innovators,Equipment,3.5,False,EMP4467,Finance,CC445,1,INV-513160,2025-04-30,641.75,Paid,Bank Transfer,Completed,2025-05-04,0.0
PO720644,Receive Order,2025-05-05 08:27:01,Robert Taylor,Buyer,Standard,625.41,USD,Medium,Net30,V1441,Software Innovators,Equipment,3.5,False,EMP4467,Finance,CC445,1,INV-513160,2025-04-30,641.75,Paid,Bank Transfer,Completed,2025-05-04,0.0
PO720644,Process Order,2025-05-05 08:39:08,Emily Davis,Buyer,Standard,625.41,USD,Medium,Net30,V1441,Software Innovators,Equipment,3.5,False,EMP4467,Finance,CC445,1,INV-513160,2025-04-30,641.75,Paid,Bank Transfer,Completed,2025-05-04,0.0
PO720644,Receive Invoice,2025-05-05 09:32:31,ERP System,System,Standard,625.41,USD,Medium,Net30,V1441,Software Innovators,Equipment,3.5,False,EMP4467,Finance,CC445,1,INV-513160,2025-04-30,641.75,Paid,Bank Transfer,Completed,2025-05-04,0.0
PO720644,Review Invoice,2025-05-05 09:39:11,Susan Clark,Ap Clerk,Standard,625.41,USD,Medium,Net30,V1441,Software Innovators,Equipment,3.5,False,EMP4467,Finance,CC445,1,INV-513160,2025-04-30,641.75,Paid,Bank Transfer,Completed,2025-05-04,0.0
PO720644,Create Payment,2025-05-05 10:49:59,Paul Martinez,Ap Clerk,Standard,625.41,USD,Medium,Net30,V1441,Software Innovators,Equipment,3.5,False,EMP4467,Finance,CC445,1,INV-513160,2025-04-30,641.75,Paid,Bank Transfer,Completed,2025-05-04,0.0
PO720644,Authorize Payment,2025-05-05 11:14:14,Manager Williams,Approver,Standard,625.41,USD,Medium,Net30,V1441,Software Innovators,Equipment,3.5,False,EMP4467,Finance,CC445,1,INV-513160,2025-04-30,641.75,Paid,Bank Transfer,Completed,2025-05-04,0.0
PO720644,Update Customer Balance,2025-05-05 11:41:05,Payment Gateway,System,Standard,625.41,USD,Medium,Net30,V1441,Software Innovators,Equipment,3.5,False,EMP4467,Finance,CC445,1,INV-513160,2025-04-30,641.75,Paid,Bank Transfer,Completed,2025-05-04,0.0
PO720644,Verify Successful Payment,2025-05-05 11:47:30,Invoice System,System,Standard,625.41,USD,Medium,Net30,V1441,Software Innovators,Equipment,3.5,False,EMP4467,Finance,CC445,1,INV-513160,2025-04-30,641.75,Paid,Bank Transfer,Completed,2025-05-04,0.0
PO959099,Place Order,2025-05-04 14:00:00,Ahmed Al-Rashid,Requester,Standard,25100.86,USD,Medium,Immediate,V2876,Service Specialists,Materials,4.9,False,EMP4249,Operations,CC807,2,INV-915573,2025-04-30,25930.62,Paid,Bank Transfer,Completed,2025-05-04,654.81
PO959099,Receive Order,2025-05-05 08:34:12,Michael Brown,Buyer,Standard,25100.86,USD,Medium,Immediate,V2876,Service Specialists,Materials,4.9,False,EMP4249,Operations,CC807,2,INV-915573,2025-04-30,25930.62,Paid,Bank Transfer,Completed,2025-05-04,654.81
PO959099,Process Order,2025-05-05 08:50:58,Michael Brown,Buyer,Standard,25100.86,USD,Medium,Immediate,V2876,Service Specialists,Materials,4.9,False,EMP4249,Operations,CC807,2,INV-915573,2025-04-30,25930.62,Paid,Bank Transfer,Completed,2025-05-04,654.81
PO959099,Receive Invoice,2025-05-05 09:47:18,Payment Gateway,System,Standard,25100.86,USD,Medium,Immediate,V2876,Service Specialists,Materials,4.9,False,EMP4249,Operations,CC807,2,INV-915573,2025-04-30,25930.62,Paid,Bank Transfer,Completed,2025-05-04,654.81
PO959099,Review Invoice,2025-05-05 09:53:42,Paul Martinez,Ap Clerk,Standard,25100.86,USD,Medium,Immediate,V2876,Service Specialists,Materials,4.9,False,EMP4249,Operations,CC807,2,INV-915573,2025-04-30,25930.62,Paid,Bank Transfer,Completed,2025-05-04,654.81
PO959099,Create Payment,2025-05-05 10:57:14,Paul Martinez,Ap Clerk,Standard,25100.86,USD,Medium,Immediate,V2876,Service Specialists,Materials,4.9,False,EMP4249,Operations,CC807,2,INV-915573,2025-04-30,25930.62,Paid,Bank Transfer,Completed,2025-05-04,654.81
PO959099,Authorize Payment,2025-05-05 11:26:16,CFO Anderson,Approver,Standard,25100.86,USD,Medium,Immediate,V2876,Service Specialists,Materials,4.9,False,EMP4249,Operations,CC807,2,INV-915573,2025-04-30,25930.62,Paid,Bank Transfer,Completed,2025-05-04,654.81
PO959099,Update Customer Balance,2025-05-05 11:51:32,Payment Gateway,System,Standard,25100.86,USD,Medium,Immediate,V2876,Service Specialists,Materials,4.9,False,EMP4249,Operations,CC807,2,INV-915573,2025-04-30,25930.62,Paid,Bank Transfer,Completed,2025-05-04,654.81
PO959099,Verify Successful Payment,2025-05-05 11:57:52,Payment Gateway,System,Standard,25100.86,USD,Medium,Immediate,V2876,Service Specialists,Materials,4.9,False,EMP4249,Operations,CC807,2,INV-915573,2025-04-30,25930.62,Paid,Bank Transfer,Completed,2025-05-04,654.81
PO606983,Place Order,2025-05-04 14:00:00,Lisa Johnson,Requester,Standard,6542.6,GBP,Medium,Net30,V9817,Industrial Materials Co,Software,3.2,False,EMP4995,Facilities,CC683,1,INV-912270,2025-04-30,6614.79,Paid,Bank Transfer,Completed,2025-05-04,0.0
PO606983,Receive Order,2025-05-05 08:26:10,Robert Taylor,Buyer,Standard,6542.6,GBP,Medium,Net30,V9817,Industrial Materials Co,Software,3.2,False,EMP4995,Facilities,CC683,1,INV-912270,2025-04-30,6614.79,Paid,Bank Transfer,Completed,2025-05-04,0.0
PO606983,Process Order,2025-05-05 08:42:58,Robert Taylor,Buyer,Standard,6542.6,GBP,Medium,Net30,V9817,Industrial Materials Co,Software,3.2,False,EMP4995,Facilities,CC683,1,INV-912270,2025-04-30,6614.79,Paid,Bank Transfer,Completed,2025-05-04,0.0
PO606983,Receive Invoice,2025-05-05 09:52:05,Invoice System,System,Standard,6542.6,GBP,Medium,Net30,V9817,Industrial Materials Co,Software,3.2,False,EMP4995,Facilities,CC683,1,INV-912270,2025-04-30,6614.79,Paid,Bank Transfer,Completed,2025-05-04,0.0
PO606983,Review Invoice,2025-05-05 09:59:00,Michelle Kim,Ap Clerk,Standard,6542.6,GBP,Medium,Net30,V9817,Industrial Materials Co,Software,3.2,False,EMP4995,Facilities,CC683,1,INV-912270,2025-04-30,6614.79,Paid,Bank Transfer,Completed,2025-05-04,0.0
PO606983,Create Payment,2025-05-05 11:09:45,Paul Martinez,Ap Clerk,Standard,6542.6,GBP,Medium,Net30,V9817,Industrial Materials Co,Software,3.2,False,EMP4995,Facilities,CC683,1,INV-912270,2025-04-30,6614.79,Paid,Bank Transfer,Completed,2025-05-04,0.0
PO606983,Authorize Payment,2025-05-05 11:42:24,CFO Anderson,Approver,Standard,6542.6,GBP,Medium,Net30,V9817,Industrial Materials Co,Software,3.2,False,EMP4995,Facilities,CC683,1,INV-912270,2025-04-30,6614.79,Paid,Bank Transfer,Completed,2025-05-04,0.0
PO606983,Update Customer Balance,2025-05-05 12:13:03,ERP System,System,Standard,6542.6,GBP,Medium,Net30,V9817,Industrial Materials Co,Software,3.2,False,EMP4995,Facilities,CC683,1,INV-912270,2025-04-30,6614.79,Paid,Bank Transfer,Completed,2025-05-04,0.0
PO606983,Verify Successful Payment,2025-05-05 12:19:31,Invoice System,System,Standard,6542.6,GBP,Medium,Net30,V9817,Industrial Materials Co,Software,3.2,False,EMP4995,Facilities,CC683,1,INV-912270,2025-04-30,6614.79,Paid,Bank Transfer,Completed,2025-05-04,0.0
PO796212,Place Order,2025-05-04 14:00:00,David Chen,Requester,Standard,229.16,USD,Medium,Net30,V4986,Digital Solutions Ltd,Materials,3.7,False,EMP5438,IT,CC336,1,INV-421080,2025-04-28,220.47,Paid,Bank Transfer,Completed,2025-05-04,0.0
PO796212,Receive Order,2025-05-05 08:26:17,Emily Davis,Buyer,Standard,229.16,USD,Medium,Net30,V4986,Digital Solutions Ltd,Materials,3.7,False,EMP5438,IT,CC336,1,INV-421080,2025-04-28,220.47,Paid,Bank Transfer,Completed,2025-05-04,0.0
PO796212,Process Order,2025-05-05 08:42:38,Anna Schmidt,Buyer,Standard,229.16,USD,Medium,Net30,V4986,Digital Solutions Ltd,Materials,3.7,False,EMP5438,IT,CC336,1,INV-421080,2025-04-28,220.47,Paid,Bank Transfer,Completed,2025-05-04,0.0
PO796212,Receive Invoice,2025-05-05 09:44:58,ERP System,System,Standard,229.16,USD,Medium,Net30,V4986,Digital Solutions Ltd,Materials,3.7,False,EMP5438,IT,CC336,1,INV-421080,2025-04-28,220.47,Paid,Bank Transfer,Completed,2025-05-04,0.0
PO796212,Review Invoice,2025-05-05 09:51:46,Paul Martinez,Ap Clerk,Standard,229.16,USD,Medium,Net30,V4986,Digital Solutions Ltd,Materials,3.7,False,EMP5438,IT,CC336,1,INV-421080,2025-04-28,220.47,Paid,Bank Transfer,Completed,2025-05-04,0.0
PO796212,Create Payment,2025-05-05 10:48:25,Michelle Kim,Ap Clerk,Standard,229.16,USD,Medium,Net30,V4986,Digital Solutions Ltd,Materials,3.7,False,EMP5438,IT,CC336,1,INV-421080,2025-04-28,220.47,Paid,Bank Transfer,Completed,2025-05-04,0.0
PO796212,Authorize Payment,2025-05-05 11:18:50,VP Chen,Approver,Standard,229.16,USD,Medium,Net30,V4986,Digital Solutions Ltd,Materials,3.7,False,EMP5438,IT,CC336,1,INV-421080,2025-04-28,220.47,Paid,Bank Transfer,Completed,2025-05-04,0.0
PO796212,Update Customer Balance,2025-05-05 11:43:23,ERP System,System,Standard,229.16,USD,Medium,Net30,V4986,Digital Solutions Ltd,Materials,3.7,False,EMP5438,IT,CC336,1,INV-421080,2025-04-28,220.47,Paid,Bank Transfer,Completed,2025-05-04,0.0
PO796212,Verify Successful Payment,2025-05-05 11:49:30,Invoice System,System,Standard,229.16,USD,Medium,Net30,V4986,Digital Solutions Ltd,Materials,3.7,False,EMP5438,IT,CC336,1,INV-421080,2025-04-28,220.47,Paid,Bank Transfer,Completed,2025-05-04,0.0
PO601968,Place Order,2025-05-04 14:00:00,Ahmed Al-Rashid,Requester,Standard,8853.6,USD,Low,Immediate,V5658,Software Innovators,Equipment,3.1,False,EMP2213,Marketing,CC802,1,INV-592198,2025-05-01,8458.38,Paid,Bank Transfer,Completed,2025-05-04,0.0
PO601968,Receive Order,2025-05-05 08:25:01,Robert Taylor,Buyer,Standard,8853.6,USD,Low,Immediate,V5658,Software Innovators,Equipment,3.1,False,EMP2213,Marketing,CC802,1,INV-592198,2025-05-01,8458.38,Paid,Bank Transfer,Completed,2025-05-04,0.0
PO601968,Process Order,2025-05-05 08:40:22,Anna Schmidt,Buyer,Standard,8853.6,USD,Low,Immediate,V5658,Software Innovators,Equipment,3.1,False,EMP2213,Marketing,CC802,1,INV-592198,2025-05-01,8458.38,Paid,Bank Transfer,Completed,2025-05-04,0.0
PO601968,Receive Invoice,2025-05-05 09:47:20,ERP System,System,Standard,8853.6,USD,Low,Immediate,V5658,Software Innovators,Equipment,3.1,False,EMP2213,Marketing,CC802,1,INV-592198,2025-05-01,8458.38,Paid,Bank Transfer,Completed,2025-05-04,0.0
PO601968,Review Invoice,2025-05-05 09:54:00,James White,Ap Clerk,Standard,8853.6,USD,Low,Immediate,V5658,Software Innovators,Equipment,3.1,False,EMP2213,Marketing,CC802,1,INV-592198,2025-05-01,8458.38,Paid,Bank Transfer,Completed,2025-05-04,0.0
PO601968,Create Payment,2025-05-05 10:49:08,James White,Ap Clerk,Standard,8853.6,USD,Low,Immediate,V5658,Software Innovators,Equipment,3.1,False,EMP2213,Marketing,CC802,1,INV-592198,2025-05-01,8458.38,Paid,Bank Transfer,Completed,2025-05-04,0.0
PO601968,Authorize Payment,2025-05-05 11:16:48,Director Johnson,Approver,Standard,8853.6,USD,Low,Immediate,V5658,Software Innovators,Equipment,3.1,False,EMP2213,Marketing,CC802,1,INV-592198,2025-05-01,8458.38,Paid,Bank Transfer,Completed,2025-05-04,0.0
PO601968,Update Customer Balance,2025-05-05 11:48:07,Invoice System,System,Standard,8853.6,USD,Low,Immediate,V5658,Software Innovators,Equipment,3.1,False,EMP2213,Marketing,CC802,1,INV-592198,2025-05-01,8458.38,Paid,Bank Transfer,Completed,2025-05-04,0.0
PO601968,Verify Successful Payment,2025-05-05 11:53:09,ERP System,System,Standard,8853.6,USD,Low,Immediate,V5658,Software Innovators,Equipment,3.1,False,EMP2213,Marketing,CC802,1,INV-592198,2025-05-01,8458.38,Paid,Bank Transfer,Completed,2025-05-04,0.0
PO102805,Place Order,2025-05-04 14:00:00,Sarah Wilson,Requester,Standard,181.9,EUR,Medium,Net30,V2229,Office Depot Pro,Materials,4.4,False,EMP2166,Engineering,CC370,1,INV-264136,2025-04-30,187.14,Paid,Credit Card,Completed,2025-05-04,0.0
PO102805,Receive Order,2025-05-05 08:29:06,Jennifer Lee,Buyer,Standard,181.9,EUR,Medium,Net30,V2229,Office Depot Pro,Materials,4.4,False,EMP2166,Engineering,CC370,1,INV-264136,2025-04-30,187.14,Paid,Credit Card,Completed,2025-05-04,0.0
PO102805,Process Order,2025-05-05 08:46:33,Michael Brown,Buyer,Standard,181.9,EUR,Medium,Net30,V2229,Office Depot Pro,Materials,4.4,False,EMP2166,Engineering,CC370,1,INV-264136,2025-04-30,187.14,Paid,Credit Card,Completed,2025-05-04,0.0
PO102805,Receive Invoice,2025-05-05 09:35:59,Payment Gateway,System,Standard,181.9,EUR,Medium,Net30,V2229,Office Depot Pro,Materials,4.4,False,EMP2166,Engineering,CC370,1,INV-264136,2025-04-30,187.14,Paid,Credit Card,Completed,2025-05-04,0.0
PO102805,Review Invoice,2025-05-05 09:42:12,James White,Ap Clerk,Standard,181.9,EUR,Medium,Net30,V2229,Office Depot Pro,Materials,4.4,False,EMP2166,Engineering,CC370,1,INV-264136,2025-04-30,187.14,Paid,Credit Card,Completed,2025-05-04,0.0
PO102805,Create Payment,2025-05-05 10:40:45,James White,Ap Clerk,Standard,181.9,EUR,Medium,Net30,V2229,Office Depot Pro,Materials,4.4,False,EMP2166,Engineering,CC370,1,INV-264136,2025-04-30,187.14,Paid,Credit Card,Completed,2025-05-04,0.0
PO102805,Authorize Payment,2025-05-05 11:13:08,VP Chen,Approver,Standard,181.9,EUR,Medium,Net30,V2229,Office Depot Pro,Materials,4.4,False,EMP2166,Engineering,CC370,1,INV-264136,2025-04-30,187.14,Paid,Credit Card,Completed,2025-05-04,0.0
PO102805,Update Customer Balance,2025-05-05 11:43:09,Payment Gateway,System,Standard,181.9,EUR,Medium,Net30,V2229,Office Depot Pro,Materials,4.4,False,EMP2166,Engineering,CC370,1,INV-264136,2025-04-30,187.14,Paid,Credit Card,Completed,2025-05-04,0.0
PO102805,Verify Successful Payment,2025-05-05 11:49:00,Invoice System,System,Standard,181.9,EUR,Medium,Net30,V2229,Office Depot Pro,Materials,4.4,False,EMP2166,Engineering,CC370,1,INV-264136,2025-04-30,187.14,Paid,Credit Card,Completed,2025-05-04,0.0
PO976566,Place Order,2025-05-04 14:00:00,Priya Patel,Requester,Blanket,1232.76,USD,Low,Net15,V4750,Office Depot Pro,Materials,4.5,True,EMP8708,Finance,CC552,1,INV-807053,2025-04-29,1284.05,Paid,Bank Transfer,Completed,2025-05-04,0.0
PO976566,Receive Order,2025-05-05 08:35:37,Carlos Rodriguez,Buyer,Blanket,1232.76,USD,Low,Net15,V4750,Office Depot Pro,Materials,4.5,True,EMP8708,Finance,CC552,1,INV-807053,2025-04-29,1284.05,Paid,Bank Transfer,Completed,2025-05-04,0.0
PO976566,Process Order,2025-05-05 08:49:37,Jennifer Lee,Buyer,Blanket,1232.76,USD,Low,Net15,V4750,Office Depot Pro,Materials,4.5,True,EMP8708,Finance,CC552,1,INV-807053,2025-04-29,1284.05,Paid,Bank Transfer,Completed,2025-05-04,0.0
PO976566,Receive Invoice,2025-05-05 09:45:32,Invoice System,System,Blanket,1232.76,USD,Low,Net15,V4750,Office Depot Pro,Materials,4.5,True,EMP8708,Finance,CC552,1,INV-807053,2025-04-29,1284.05,Paid,Bank Transfer,Completed,2025-05-04,0.0
PO976566,Review Invoice,2025-05-05 09:51:31,James White,Ap Clerk,Blanket,1232.76,USD,Low,Net15,V4750,Office Depot Pro,Materials,4.5,True,EMP8708,Finance,CC552,1,INV-807053,2025-04-29,1284.05,Paid,Bank Transfer,Completed,2025-05-04,0.0
PO976566,Create Payment,2025-05-05 10:59:03,James White,Ap Clerk,Blanket,1232.76,USD,Low,Net15,V4750,Office Depot Pro,Materials,4.5,True,EMP8708,Finance,CC552,1,INV-807053,2025-04-29,1284.05,Paid,Bank Transfer,Completed,2025-05-04,0.0
PO976566,Authorize Payment,2025-05-05 11:24:06,VP Chen,Approver,Blanket,1232.76,USD,Low,Net15,V4750,Office Depot Pro,Materials,4.5,True,EMP8708,Finance,CC552,1,INV-807053,2025-04-29,1284.05,Paid,Bank Transfer,Completed,2025-05-04,0.0
PO976566,Update Customer Balance,2025-05-05 11:51:59,Payment Gateway,System,Blanket,1232.76,USD,Low,Net15,V4750,Office Depot Pro,Materials,4.5,True,EMP8708,Finance,CC552,1,INV-807053,2025-04-29,1284.05,Paid,Bank Transfer,Completed,2025-05-04,0.0
PO976566,Verify Successful Payment,2025-05-05 11:58:52,ERP System,System,Blanket,1232.76,USD,Low,Net15,V4750,Office Depot Pro,Materials,4.5,True,EMP8708,Finance,CC552,1,INV-807053,2025-04-29,1284.05,Paid,Bank Transfer,Completed,2025-05-04,0.0
PO563513,Place Order,2025-05-04 14:00:00,Maria Garcia,Requester,Express,522.74,USD,Medium,Immediate,V9167,Software Innovators,Software,4.0,True,EMP4920,Engineering,CC418,1,INV-755788,2025-04-27,525.4,Paid,Bank Transfer,Completed,2025-05-04,0.0
PO563513,Receive Order,2025-05-05 08:29:32,Robert Taylor,Buyer,Express,522.74,USD,Medium,Immediate,V9167,Software Innovators,Software,4.0,True,EMP4920,Engineering,CC418,1,INV-755788,2025-04-27,525.4,Paid,Bank Transfer,Completed,2025-05-04,0.0
PO563513,Process Order,2025-05-05 08:46:31,Emily Davis,Buyer,Express,522.74,USD,Medium,Immediate,V9167,Software Innovators,Software,4.0,True,EMP4920,Engineering,CC418,1,INV-755788,2025-04-27,525.4,Paid,Bank Transfer,Completed,2025-05-04,0.0
PO563513,Receive Invoice,2025-05-05 09:46:44,Payment Gateway,System,Express,522.74,USD,Medium,Immediate,V9167,Software Innovators,Software,4.0,True,EMP4920,Engineering,CC418,1,INV-755788,2025-04-27,525.4,Paid,Bank Transfer,Completed,2025-05-04,0.0
PO563513,Review Invoice,2025-05-05 09:52:32,James White,Ap Clerk,Express,522.74,USD,Medium,Immediate,V9167,Software Innovators,Software,4.0,True,EMP4920,Engineering,CC418,1,INV-755788,2025-04-27,525.4,Paid,Bank Transfer,Completed,2025-05-04,0.0
PO563513,Create Payment,2025-05-05 10:46:23,James White,Ap Clerk,Express,522.74,USD,Medium,Immediate,V9167,Software Innovators,Software,4.0,True,EMP4920,Engineering,CC418,1,INV-755788,2025-04-27,525.4,Paid,Bank Transfer,Completed,2025-05-04,0.0
PO563513,Authorize Payment,2025-05-05 11:12:40,Manager Williams,Approver,Express,522.74,USD,Medium,Immediate,V9167,Software Innovators,Software,4.0,True,EMP4920,Engineering,CC418,1,INV-755788,2025-04-27,525.4,Paid,Bank Transfer,Completed,2025-05-04,0.0
PO563513,Update Customer Balance,2025-05-05 11:47:02,Payment Gateway,System,Express,522.74,USD,Medium,Immediate,V9167,Software Innovators,Software,4.0,True,EMP4920,Engineering,CC418,1,INV-755788,2025-04-27,525.4,Paid,Bank Transfer,Completed,2025-05-04,0.0
PO563513,Verify Successful Payment,2025-05-05 11:53:41,Payment Gateway,System,Express,522.74,USD,Medium,Immediate,V9167,Software Innovators,Software,4.0,True,EMP4920,Engineering,CC418,1,INV-755788,2025-04-27,525.4,Paid,Bank Transfer,Completed,2025-05-04,0.0
PO715448,Place Order,2025-05-04 14:00:00,Sarah Wilson,Requester,Standard,35455.23,EUR,High,Net30,V5891,Software Innovators,Services,4.1,False,EMP8460,Sales,CC990,2,INV-978157,2025-05-02,34351.34,Paid,Credit Card,Completed,2025-05-04,0.0
PO715448,Receive Order,2025-05-05 08:34:16,Emily Davis,Buyer,Standard,35455.23,EUR,High,Net30,V5891,Software Innovators,Services,4.1,False,EMP8460,Sales,CC990,2,INV-978157,2025-05-02,34351.34,Paid,Credit Card,Completed,2025-05-04,0.0
PO715448,Process Order,2025-05-05 08:50:44,Carlos Rodriguez,Buyer,Standard,35455.23,EUR,High,Net30,V5891,Software Innovators,Services,4.1,False,EMP8460,Sales,CC990,2,INV-978157,2025-05-02,34351.34,Paid,Credit Card,Completed,2025-05-04,0.0
PO715448,Receive Invoice,2025-05-05 09:48:00,Invoice System,System,Standard,35455.23,EUR,High,Net30,V5891,Software Innovators,Services,4.1,False,EMP8460,Sales,CC990,2,INV-978157,2025-05-02,34351.34,Paid,Credit Card,Completed,2025-05-04,0.0
PO715448,Review Invoice,2025-05-05 09:54:42,Susan Clark,Ap Clerk,Standard,35455.23,EUR,High,Net30,V5891,Software Innovators,Services,4.1,False,EMP8460,Sales,CC990,2,INV-978157,2025-05-02,34351.34,Paid,Credit Card,Completed,2025-05-04,0.0
PO715448,Create Payment,2025-05-05 10:54:35,Paul Martinez,Ap Clerk,Standard,35455.23,EUR,High,Net30,V5891,Software Innovators,Services,4.1,False,EMP8460,Sales,CC990,2,INV-978157,2025-05-02,34351.34,Paid,Credit Card,Completed,2025-05-04,0.0
PO715448,Authorize Payment,2025-05-05 11:24:37,VP Chen,Approver,Standard,35455.23,EUR,High,Net30,V5891,Software Innovators,Services,4.1,False,EMP8460,Sales,CC990,2,INV-978157,2025-05-02,34351.34,Paid,Credit Card,Completed,2025-05-04,0.0
PO715448,Update Customer Balance,2025-05-05 11:59:03,Payment Gateway,System,Standard,35455.23,EUR,High,Net30,V5891,Software Innovators,Services,4.1,False,EMP8460,Sales,CC990,2,INV-978157,2025-05-02,34351.34,Paid,Credit Card,Completed,2025-05-04,0.0
PO715448,Verify Successful Payment,2025-05-05 12:04:05,Payment Gateway,System,Standard,35455.23,EUR,High,Net30,V5891,Software Innovators,Services,4.1,False,EMP8460,Sales,CC990,2,INV-978157,2025-05-02,34351.34,Paid,Credit Card,Completed,2025-05-04,0.0
PO377896,Place Order,2025-05-04 14:00:00,Ahmed Al-Rashid,Requester,Standard,2389.1,EUR,Medium,Immediate,V8692,Material World Inc,Software,3.8,False,EMP8994,Facilities,CC136,1,INV-919488,2025-05-02,2417.16,Paid,Bank Transfer,Completed,2025-05-04,72.81
PO377896,Receive Order,2025-05-05 08:35:58,Carlos Rodriguez,Buyer,Standard,2389.1,EUR,Medium,Immediate,V8692,Material World Inc,Software,3.8,False,EMP8994,Facilities,CC136,1,INV-919488,2025-05-02,2417.16,Paid,Bank Transfer,Completed,2025-05-04,72.81
PO377896,Process Order,2025-05-05 08:53:50,Michael Brown,Buyer,Standard,2389.1,EUR,Medium,Immediate,V8692,Material World Inc,Software,3.8,False,EMP8994,Facilities,CC136,1,INV-919488,2025-05-02,2417.16,Paid,Bank Transfer,Completed,2025-05-04,72.81
PO377896,Receive Invoice,2025-05-05 09:52:29,Invoice System,System,Standard,2389.1,EUR,Medium,Immediate,V8692,Material World Inc,Software,3.8,False,EMP8994,Facilities,CC136,1,INV-919488,2025-05-02,2417.16,Paid,Bank Transfer,Completed,2025-05-04,72.81
PO377896,Review Invoice,2025-05-05 09:58:00,Paul Martinez,Ap Clerk,Standard,2389.1,EUR,Medium,Immediate,V8692,Material World Inc,Software,3.8,False,EMP8994,Facilities,CC136,1,INV-919488,2025-05-02,2417.16,Paid,Bank Transfer,Completed,2025-05-04,72.81
PO377896,Create Payment,2025-05-05 10:53:47,Paul Martinez,Ap Clerk,Standard,2389.1,EUR,Medium,Immediate,V8692,Material World Inc,Software,3.8,False,EMP8994,Facilities,CC136,1,INV-919488,2025-05-02,2417.16,Paid,Bank Transfer,Completed,2025-05-04,72.81
PO377896,Authorize Payment,2025-05-05 11:22:05,CFO Anderson,Approver,Standard,2389.1,EUR,Medium,Immediate,V8692,Material World Inc,Software,3.8,False,EMP8994,Facilities,CC136,1,INV-919488,2025-05-02,2417.16,Paid,Bank Transfer,Completed,2025-05-04,72.81
PO377896,Update Customer Balance,2025-05-05 11:47:50,Invoice System,System,Standard,2389.1,EUR,Medium,Immediate,V8692,Material World Inc,Software,3.8,False,EMP8994,Facilities,CC136,1,INV-919488,2025-05-02,2417.16,Paid,Bank Transfer,Completed,2025-05-04,72.81
PO377896,Verify Successful Payment,2025-05-05 11:53:37,Invoice System,System,Standard,2389.1,EUR,Medium,Immediate,V8692,Material World Inc,Software,3.8,False,EMP8994,Facilities,CC136,1,INV-919488,2025-05-02,2417.16,Paid,Bank Transfer,Completed,2025-05-04,72.81
PO250069,Place Order,2025-05-04 14:00:00,Ahmed Al-Rashid,Requester,Standard,7147.53,EUR,Medium,Net60,V9153,Software Innovators,Maintenance,4.4,True,EMP2210,HR,CC453,1,INV-711484,2025-04-29,7496.08,Paid,Bank Transfer,Completed,2025-05-04,0.0
PO250069,Receive Order,2025-05-05 08:29:28,Robert Taylor,Buyer,Standard,7147.53,EUR,Medium,Net60,V9153,Software Innovators,Maintenance,4.4,True,EMP2210,HR,CC453,1,INV-711484,2025-04-29,7496.08,Paid,Bank Transfer,Completed,2025-05-04,0.0
PO250069,Process Order,2025-05-05 08:47:28,Michael Brown,Buyer,Standard,7147.53,EUR,Medium,Net60,V9153,Software Innovators,Maintenance,4.4,True,EMP2210,HR,CC453,1,INV-711484,2025-04-29,7496.08,Paid,Bank Transfer,Completed,2025-05-04,0.0
PO250069,Receive Invoice,2025-05-05 09:41:10,Invoice System,System,Standard,7147.53,EUR,Medium,Net60,V9153,Software Innovators,Maintenance,4.4,True,EMP2210,HR,CC453,1,INV-711484,2025-04-29,7496.08,Paid,Bank Transfer,Completed,2025-05-04,0.0
PO250069,Review Invoice,2025-05-05 09:46:49,Paul Martinez,Ap Clerk,Standard,7147.53,EUR,Medium,Net60,V9153,Software Innovators,Maintenance,4.4,True,EMP2210,HR,CC453,1,INV-711484,2025-04-29,7496.08,Paid,Bank Transfer,Completed,2025-05-04,0.0
PO250069,Create Payment,2025-05-05 10:51:36,Paul Martinez,Ap Clerk,Standard,7147.53,EUR,Medium,Net60,V9153,Software Innovators,Maintenance,4.4,True,EMP2210,HR,CC453,1,INV-711484,2025-04-29,7496.08,Paid,Bank Transfer,Completed,2025-05-04,0.0
PO250069,Authorize Payment,2025-05-05 11:25:34,CFO Anderson,Approver,Standard,7147.53,EUR,Medium,Net60,V9153,Software Innovators,Maintenance,4.4,True,EMP2210,HR,CC453,1,INV-711484,2025-04-29,7496.08,Paid,Bank Transfer,Completed,2025-05-04,0.0
PO250069,Update Customer Balance,2025-05-05 11:52:52,Invoice System,System,Standard,7147.53,EUR,Medium,Net60,V9153,Software Innovators,Maintenance,4.4,True,EMP2210,HR,CC453,1,INV-711484,2025-04-29,7496.08,Paid,Bank Transfer,Completed,2025-05-04,0.0
PO250069,Verify Successful Payment,2025-05-05 11:59:44,Invoice System,System,Standard,7147.53,EUR,Medium,Net60,V9153,Software Innovators,Maintenance,4.4,True,EMP2210,HR,CC453,1,INV-711484,2025-04-29,7496.08,Paid,Bank Transfer,Completed,2025-05-04,0.0
PO940886,Place Order,2025-05-04 14:00:00,Lisa Johnson,Requester,Standard,91263.24,EUR,Medium,Net60,V4770,Digital Solutions Ltd,Software,4.4,True,EMP2591,Sales,CC761,2,INV-736553,2025-04-30,87059.86,Paid,Credit Card,Completed,2025-05-04,0.0
PO940886,Receive Order,2025-05-05 08:32:47,Robert Taylor,Buyer,Standard,91263.24,EUR,Medium,Net60,V4770,Digital Solutions Ltd,Software,4.4,True,EMP2591,Sales,CC761,2,INV-736553,2025-04-30,87059.86,Paid,Credit Card,Completed,2025-05-04,0.0
PO940886,Process Order,2025-05-05 08:46:33,Jennifer Lee,Buyer,Standard,91263.24,EUR,Medium,Net60,V4770,Digital Solutions Ltd,Software,4.4,True,EMP2591,Sales,CC761,2,INV-736553,2025-04-30,87059.86,Paid,Credit Card,Completed,2025-05-04,0.0
PO940886,Receive Invoice,2025-05-05 09:39:22,Invoice System,System,Standard,91263.24,EUR,Medium,Net60,V4770,Digital Solutions Ltd,Software,4.4,True,EMP2591,Sales,CC761,2,INV-736553,2025-04-30,87059.86,Paid,Credit Card,Completed,2025-05-04,0.0
PO940886,Review Invoice,2025-05-05 09:46:16,Michelle Kim,Ap Clerk,Standard,91263.24,EUR,Medium,Net60,V4770,Digital Solutions Ltd,Software,4.4,True,EMP2591,Sales,CC761,2,INV-736553,2025-04-30,87059.86,Paid,Credit Card,Completed,2025-05-04,0.0
PO940886,Create Payment,2025-05-05 10:56:12,James White,Ap Clerk,Standard,91263.24,EUR,Medium,Net60,V4770,Digital Solutions Ltd,Software,4.4,True,EMP2591,Sales,CC761,2,INV-736553,2025-04-30,87059.86,Paid,Credit Card,Completed,2025-05-04,0.0
PO940886,Authorize Payment,2025-05-05 11:31:10,CFO Anderson,Approver,Standard,91263.24,EUR,Medium,Net60,V4770,Digital Solutions Ltd,Software,4.4,True,EMP2591,Sales,CC761,2,INV-736553,2025-04-30,87059.86,Paid,Credit Card,Completed,2025-05-04,0.0
PO940886,Update Customer Balance,2025-05-05 12:06:46,Payment Gateway,System,Standard,91263.24,EUR,Medium,Net60,V4770,Digital Solutions Ltd,Software,4.4,True,EMP2591,Sales,CC761,2,INV-736553,2025-04-30,87059.86,Paid,Credit Card,Completed,2025-05-04,0.0
PO940886,Verify Successful Payment,2025-05-05 12:13:22,Payment Gateway,System,Standard,91263.24,EUR,Medium,Net60,V4770,Digital Solutions Ltd,Software,4.4,True,EMP2591,Sales,CC761,2,INV-736553,2025-04-30,87059.86,Paid,Credit Card,Completed,2025-05-04,0.0
PO943671,Place Order,2025-05-04 14:00:00,Lisa Johnson,Requester,Standard,965.87,USD,Medium,Net30,V7511,Global Tech Solutions,Services,4.3,False,EMP7242,Facilities,CC480,1,INV-986827,2025-04-29,928.04,Paid,Bank Transfer,Completed,2025-05-04,0.0
PO943671,Receive Order,2025-05-05 08:34:58,Robert Taylor,Buyer,Standard,965.87,USD,Medium,Net30,V7511,Global Tech Solutions,Services,4.3,False,EMP7242,Facilities,CC480,1,INV-986827,2025-04-29,928.04,Paid,Bank Transfer,Completed,2025-05-04,0.0
PO943671,Process Order,2025-05-05 08:47:21,Emily Davis,Buyer,Standard,965.87,USD,Medium,Net30,V7511,Global Tech Solutions,Services,4.3,False,EMP7242,Facilities,CC480,1,INV-986827,2025-04-29,928.04,Paid,Bank Transfer,Completed,2025-05-04,0.0
PO943671,Receive Invoice,2025-05-05 09:50:56,ERP System,System,Standard,965.87,USD,Medium,Net30,V7511,Global Tech Solutions,Services,4.3,False,EMP7242,Facilities,CC480,1,INV-986827,2025-04-29,928.04,Paid,Bank Transfer,Completed,2025-05-04,0.0
PO943671,Review Invoice,2025-05-05 09:56:04,James White,Ap Clerk,Standard,965.87,USD,Medium,Net30,V7511,Global Tech Solutions,Services,4.3,False,EMP7242,Facilities,CC480,1,INV-986827,2025-04-29,928.04,Paid,Bank Transfer,Completed,2025-05-04,0.0
PO943671,Create Payment,2025-05-05 11:07:58,Paul Martinez,Ap Clerk,Standard,965.87,USD,Medium,Net30,V7511,Global Tech Solutions,Services,4.3,False,EMP7242,Facilities,CC480,1,INV-986827,2025-04-29,928.04,Paid,Bank Transfer,Completed,2025-05-04,0.0
PO943671,Authorize Payment,2025-05-05 11:34:47,Manager Williams,Approver,Standard,965.87,USD,Medium,Net30,V7511,Global Tech Solutions,Services,4.3,False,EMP7242,Facilities,CC480,1,INV-986827,2025-04-29,928.04,Paid,Bank Transfer,Completed,2025-05-04,0.0
PO943671,Update Customer Balance,2025-05-05 12:03:27,Payment Gateway,System,Standard,965.87,USD,Medium,Net30,V7511,Global Tech Solutions,Services,4.3,False,EMP7242,Facilities,CC480,1,INV-986827,2025-04-29,928.04,Paid,Bank Transfer,Completed,2025-05-04,0.0
PO943671,Verify Successful Payment,2025-05-05 12:09:52,Invoice System,System,Standard,965.87,USD,Medium,Net30,V7511,Global Tech Solutions,Services,4.3,False,EMP7242,Facilities,CC480,1,INV-986827,2025-04-29,928.04,Paid,Bank Transfer,Completed,2025-05-04,0.0
PO203831,Place Order,2025-05-04 14:00:00,John Smith,Requester,Express,23906.91,EUR,High,Net30,V7797,Digital Solutions Ltd,Services,3.9,True,EMP6942,Operations,CC802,2,INV-786735,2025-05-02,23589.75,Paid,Check,Completed,2025-05-04,0.0
PO203831,Receive Order,2025-05-05 08:28:46,Robert Taylor,Buyer,Express,23906.91,EUR,High,Net30,V7797,Digital Solutions Ltd,Services,3.9,True,EMP6942,Operations,CC802,2,INV-786735,2025-05-02,23589.75,Paid,Check,Completed,2025-05-04,0.0
PO203831,Process Order,2025-05-05 08:41:30,Carlos Rodriguez,Buyer,Express,23906.91,EUR,High,Net30,V7797,Digital Solutions Ltd,Services,3.9,True,EMP6942,Operations,CC802,2,INV-786735,2025-05-02,23589.75,Paid,Check,Completed,2025-05-04,0.0
PO203831,Receive Invoice,2025-05-05 09:31:42,ERP System,System,Express,23906.91,EUR,High,Net30,V7797,Digital Solutions Ltd,Services,3.9,True,EMP6942,Operations,CC802,2,INV-786735,2025-05-02,23589.75,Paid,Check,Completed,2025-05-04,0.0
PO203831,Review Invoice,2025-05-05 09:38:03,Susan Clark,Ap Clerk,Express,23906.91,EUR,High,Net30,V7797,Digital Solutions Ltd,Services,3.9,True,EMP6942,Operations,CC802,2,INV-786735,2025-05-02,23589.75,Paid,Check,Completed,2025-05-04,0.0
PO203831,Create Payment,2025-05-05 10:27:15,Susan Clark,Ap Clerk,Express,23906.91,EUR,High,Net30,V7797,Digital Solutions Ltd,Services,3.9,True,EMP6942,Operations,CC802,2,INV-786735,2025-05-02,23589.75,Paid,Check,Completed,2025-05-04,0.0
PO203831,Authorize Payment,2025-05-05 11:00:42,Manager Williams,Approver,Express,23906.91,EUR,High,Net30,V7797,Digital Solutions Ltd,Services,3.9,True,EMP6942,Operations,CC802,2,INV-786735,2025-05-02,23589.75,Paid,Check,Completed,2025-05-04,0.0
PO203831,Update Customer Balance,2025-05-05 11:25:31,Invoice System,System,Express,23906.91,EUR,High,Net30,V7797,Digital Solutions Ltd,Services,3.9,True,EMP6942,Operations,CC802,2,INV-786735,2025-05-02,23589.75,Paid,Check,Completed,2025-05-04,0.0
PO203831,Verify Successful Payment,2025-05-05 11:30:49,ERP System,System,Express,23906.91,EUR,High,Net30,V7797,Digital Solutions Ltd,Services,3.9,True,EMP6942,Operations,CC802,2,INV-786735,2025-05-02,23589.75,Paid,Check,Completed,2025-05-04,0.0
PO251716,Place Order,2025-05-04 14:00:00,Maria Garcia,Requester,Contract,900.63,USD,Medium,Net30,V1046,Acme Supplies Inc,Equipment,3.7,True,EMP6304,Operations,CC371,1,INV-390743,2025-04-30,860.32,Paid,Credit Card,Completed,2025-05-04,3.64
PO251716,Receive Order,2025-05-05 08:29:42,Anna Schmidt,Buyer,Contract,900.63,USD,Medium,Net30,V1046,Acme Supplies Inc,Equipment,3.7,True,EMP6304,Operations,CC371,1,INV-390743,2025-04-30,860.32,Paid,Credit Card,Completed,2025-05-04,3.64
PO251716,Process Order,2025-05-05 08:45:16,Jennifer Lee,Buyer,Contract,900.63,USD,Medium,Net30,V1046,Acme Supplies Inc,Equipment,3.7,True,EMP6304,Operations,CC371,1,INV-390743,2025-04-30,860.32,Paid,Credit Card,Completed,2025-05-04,3.64
PO251716,Receive Invoice,2025-05-05 09:55:58,ERP System,System,Contract,900.63,USD,Medium,Net30,V1046,Acme Supplies Inc,Equipment,3.7,True,EMP6304,Operations,CC371,1,INV-390743,2025-04-30,860.32,Paid,Credit Card,Completed,2025-05-04,3.64
PO251716,Review Invoice,2025-05-05 10:02:30,Michelle Kim,Ap Clerk,Contract,900.63,USD,Medium,Net30,V1046,Acme Supplies Inc,Equipment,3.7,True,EMP6304,Operations,CC371,1,INV-390743,2025-04-30,860.32,Paid,Credit Card,Completed,2025-05-04,3.64
PO251716,Create Payment,2025-05-05 11:03:01,Susan Clark,Ap Clerk,Contract,900.63,USD,Medium,Net30,V1046,Acme Supplies Inc,Equipment,3.7,True,EMP6304,Operations,CC371,1,INV-390743,2025-04-30,860.32,Paid,Credit Card,Completed,2025-05-04,3.64
PO251716,Authorize Payment,2025-05-05 11:27:45,CFO Anderson,Approver,Contract,900.63,USD,Medium,Net30,V1046,Acme Supplies Inc,Equipment,3.7,True,EMP6304,Operations,CC371,1,INV-390743,2025-04-30,860.32,Paid,Credit Card,Completed,2025-05-04,3.64
PO251716,Update Customer Balance,2025-05-05 12:01:55,Payment Gateway,System,Contract,900.63,USD,Medium,Net30,V1046,Acme Supplies Inc,Equipment,3.7,True,EMP6304,Operations,CC371,1,INV-390743,2025-04-30,860.32,Paid,Credit Card,Completed,2025-05-04,3.64
PO251716,Verify Successful Payment,2025-05-05 12:08:22,Payment Gateway,System,Contract,900.63,USD,Medium,Net30,V1046,Acme Supplies Inc,Equipment,3.7,True,EMP6304,Operations,CC371,1,INV-390743,2025-04-30,860.32,Paid,Credit Card,Completed,2025-05-04,3.64
PO763829,Place Order,2025-05-04 14:00:00,Tom Anderson,Requester,Standard,1591.07,EUR,Medium,Net60,V5505,Office Depot Pro,Services,4.2,True,EMP2874,Facilities,CC766,1,INV-754644,2025-04-29,1651.17,Paid,Bank Transfer,Completed,2025-05-04,76.1
PO763829,Receive Order,2025-05-05 08:29:25,Robert Taylor,Buyer,Standard,1591.07,EUR,Medium,Net60,V5505,Office Depot Pro,Services,4.2,True,EMP2874,Facilities,CC766,1,INV-754644,2025-04-29,1651.17,Paid,Bank Transfer,Completed,2025-05-04,76.1
PO763829,Process Order,2025-05-05 08:43:27,Carlos Rodriguez,Buyer,Standard,1591.07,EUR,Medium,Net60,V5505,Office Depot Pro,Services,4.2,True,EMP2874,Facilities,CC766,1,INV-754644,2025-04-29,1651.17,Paid,Bank Transfer,Completed,2025-05-04,76.1
PO763829,Receive Invoice,2025-05-05 09:48:57,Payment Gateway,System,Standard,1591.07,EUR,Medium,Net60,V5505,Office Depot Pro,Services,4.2,True,EMP2874,Facilities,CC766,1,INV-754644,2025-04-29,1651.17,Paid,Bank Transfer,Completed,2025-05-04,76.1
PO763829,Review Invoice,2025-05-05 09:54:47,James White,Ap Clerk,Standard,1591.07,EUR,Medium,Net60,V5505,Office Depot Pro,Services,4.2,True,EMP2874,Facilities,CC766,1,INV-754644,2025-04-29,1651.17,Paid,Bank Transfer,Completed,2025-05-04,76.1
PO763829,Create Payment,2025-05-05 11:05:40,James White,Ap Clerk,Standard,1591.07,EUR,Medium,Net60,V5505,Office Depot Pro,Services,4.2,True,EMP2874,Facilities,CC766,1,INV-754644,2025-04-29,1651.17,Paid,Bank Transfer,Completed,2025-05-04,76.1
PO763829,Authorize Payment,2025-05-05 11:30:28,Director Johnson,Approver,Standard,1591.07,EUR,Medium,Net60,V5505,Office Depot Pro,Services,4.2,True,EMP2874,Facilities,CC766,1,INV-754644,2025-04-29,1651.17,Paid,Bank Transfer,Completed,2025-05-04,76.1
PO763829,Update Customer Balance,2025-05-05 11:55:35,ERP System,System,Standard,1591.07,EUR,Medium,Net60,V5505,Office Depot Pro,Services,4.2,True,EMP2874,Facilities,CC766,1,INV-754644,2025-04-29,1651.17,Paid,Bank Transfer,Completed,2025-05-04,76.1
PO763829,Verify Successful Payment,2025-05-05 12:02:11,Payment Gateway,System,Standard,1591.07,EUR,Medium,Net60,V5505,Office Depot Pro,Services,4.2,True,EMP2874,Facilities,CC766,1,INV-754644,2025-04-29,1651.17,Paid,Bank Transfer,Completed,2025-05-04,76.1
PO797660,Place Order,2025-05-04 14:00:00,Maria Garcia,Requester,Blanket,7029.45,USD,High,Net30,V7730,Office Depot Pro,Materials,3.7,True,EMP3535,Engineering,CC329,1,INV-470774,2025-04-30,7273.57,Paid,Bank Transfer,Completed,2025-05-04,260.43
PO797660,Receive Order,2025-05-05 08:33:09,Carlos Rodriguez,Buyer,Blanket,7029.45,USD,High,Net30,V7730,Office Depot Pro,Materials,3.7,True,EMP3535,Engineering,CC329,1,INV-470774,2025-04-30,7273.57,Paid,Bank Transfer,Completed,2025-05-04,260.43
PO797660,Process Order,2025-05-05 08:50:13,Anna Schmidt,Buyer,Blanket,7029.45,USD,High,Net30,V7730,Office Depot Pro,Materials,3.7,True,EMP3535,Engineering,CC329,1,INV-470774,2025-04-30,7273.57,Paid,Bank Transfer,Completed,2025-05-04,260.43
PO797660,Receive Invoice,2025-05-05 09:52:56,Invoice System,System,Blanket,7029.45,USD,High,Net30,V7730,Office Depot Pro,Materials,3.7,True,EMP3535,Engineering,CC329,1,INV-470774,2025-04-30,7273.57,Paid,Bank Transfer,Completed,2025-05-04,260.43
PO797660,Review Invoice,2025-05-05 09:59:05,Michelle Kim,Ap Clerk,Blanket,7029.45,USD,High,Net30,V7730,Office Depot Pro,Materials,3.7,True,EMP3535,Engineering,CC329,1,INV-470774,2025-04-30,7273.57,Paid,Bank Transfer,Completed,2025-05-04,260.43
PO797660,Create Payment,2025-05-05 11:06:59,Paul Martinez,Ap Clerk,Blanket,7029.45,USD,High,Net30,V7730,Office Depot Pro,Materials,3.7,True,EMP3535,Engineering,CC329,1,INV-470774,2025-04-30,7273.57,Paid,Bank Transfer,Completed,2025-05-04,260.43
PO797660,Authorize Payment,2025-05-05 11:33:09,VP Chen,Approver,Blanket,7029.45,USD,High,Net30,V7730,Office Depot Pro,Materials,3.7,True,EMP3535,Engineering,CC329,1,INV-470774,2025-04-30,7273.57,Paid,Bank Transfer,Completed,2025-05-04,260.43
PO797660,Update Customer Balance,2025-05-05 12:08:12,Payment Gateway,System,Blanket,7029.45,USD,High,Net30,V7730,Office Depot Pro,Materials,3.7,True,EMP3535,Engineering,CC329,1,INV-470774,2025-04-30,7273.57,Paid,Bank Transfer,Completed,2025-05-04,260.43
PO797660,Verify Successful Payment,2025-05-05 12:13:01,ERP System,System,Blanket,7029.45,USD,High,Net30,V7730,Office Depot Pro,Materials,3.7,True,EMP3535,Engineering,CC329,1,INV-470774,2025-04-30,7273.57,Paid,Bank Transfer,Completed,2025-05-04,260.43
PO494468,Place Order,2025-05-04 14:00:00,Priya Patel,Requester,Standard,182581.91,USD,Medium,Net15,V9691,Service Specialists,Materials,4.8,True,EMP3579,Facilities,CC150,3,INV-325583,2025-05-01,185758.26,Paid,Bank Transfer,Completed,2025-05-04,0.0
PO494468,Receive Order,2025-05-05 08:31:17,Jennifer Lee,Buyer,Standard,182581.91,USD,Medium,Net15,V9691,Service Specialists,Materials,4.8,True,EMP3579,Facilities,CC150,3,INV-325583,2025-05-01,185758.26,Paid,Bank Transfer,Completed,2025-05-04,0.0
PO494468,Process Order,2025-05-05 08:47:48,Robert Taylor,Buyer,Standard,182581.91,USD,Medium,Net15,V9691,Service Specialists,Materials,4.8,True,EMP3579,Facilities,CC150,3,INV-325583,2025-05-01,185758.26,Paid,Bank Transfer,Completed,2025-05-04,0.0
PO494468,Receive Invoice,2025-05-05 09:46:07,Payment Gateway,System,Standard,182581.91,USD,Medium,Net15,V9691,Service Specialists,Materials,4.8,True,EMP3579,Facilities,CC150,3,INV-325583,2025-05-01,185758.26,Paid,Bank Transfer,Completed,2025-05-04,0.0
PO494468,Review Invoice,2025-05-05 09:52:33,Michelle Kim,Ap Clerk,Standard,182581.91,USD,Medium,Net15,V9691,Service Specialists,Materials,4.8,True,EMP3579,Facilities,CC150,3,INV-325583,2025-05-01,185758.26,Paid,Bank Transfer,Completed,2025-05-04,0.0
PO494468,Create Payment,2025-05-05 10:56:34,Paul Martinez,Ap Clerk,Standard,182581.91,USD,Medium,Net15,V9691,Service Specialists,Materials,4.8,True,EMP3579,Facilities,CC150,3,INV-325583,2025-05-01,185758.26,Paid,Bank Transfer,Completed,2025-05-04,0.0
PO494468,Authorize Payment,2025-05-05 11:25:18,Director Johnson,Approver,Standard,182581.91,USD,Medium,Net15,V9691,Service Specialists,Materials,4.8,True,EMP3579,Facilities,CC150,3,INV-325583,2025-05-01,185758.26,Paid,Bank Transfer,Completed,2025-05-04,0.0
PO494468,Update Customer Balance,2025-05-05 11:49:24,Payment Gateway,System,Standard,182581.91,USD,Medium,Net15,V9691,Service Specialists,Materials,4.8,True,EMP3579,Facilities,CC150,3,INV-325583,2025-05-01,185758.26,Paid,Bank Transfer,Completed,2025-05-04,0.0
PO494468,Verify Successful Payment,2025-05-05 11:56:28,ERP System,System,Standard,182581.91,USD,Medium,Net15,V9691,Service Specialists,Materials,4.8,True,EMP3579,Facilities,CC150,3,INV-325583,2025-05-01,185758.26,Paid,Bank Transfer,Completed,2025-05-04,0.0
PO498676,Place Order,2025-05-04 14:00:00,Tom Anderson,Requester,Standard,748.8,USD,Medium,Net60,V3878,TechStart Solutions,Equipment,4.7,True,EMP8147,Operations,CC179,1,INV-235461,2025-04-28,775.91,Paid,Bank Transfer,Completed,2025-05-04,19.09
PO498676,Receive Order,2025-05-05 08:27:28,Emily Davis,Buyer,Standard,748.8,USD,Medium,Net60,V3878,TechStart Solutions,Equipment,4.7,True,EMP8147,Operations,CC179,1,INV-235461,2025-04-28,775.91,Paid,Bank Transfer,Completed,2025-05-04,19.09
PO498676,Process Order,2025-05-05 08:40:30,Carlos Rodriguez,Buyer,Standard,748.8,USD,Medium,Net60,V3878,TechStart Solutions,Equipment,4.7,True,EMP8147,Operations,CC179,1,INV-235461,2025-04-28,775.91,Paid,Bank Transfer,Completed,2025-05-04,19.09
PO498676,Receive Invoice,2025-05-05 09:48:28,Payment Gateway,System,Standard,748.8,USD,Medium,Net60,V3878,TechStart Solutions,Equipment,4.7,True,EMP8147,Operations,CC179,1,INV-235461,2025-04-28,775.91,Paid,Bank Transfer,Completed,2025-05-04,19.09
PO498676,Review Invoice,2025-05-05 09:53:29,Susan Clark,Ap Clerk,Standard,748.8,USD,Medium,Net60,V3878,TechStart Solutions,Equipment,4.7,True,EMP8147,Operations,CC179,1,INV-235461,2025-04-28,775.91,Paid,Bank Transfer,Completed,2025-05-04,19.09
PO498676,Create Payment,2025-05-05 10:51:56,Susan Clark,Ap Clerk,Standard,748.8,USD,Medium,Net60,V3878,TechStart Solutions,Equipment,4.7,True,EMP8147,Operations,CC179,1,INV-235461,2025-04-28,775.91,Paid,Bank Transfer,Completed,2025-05-04,19.09
PO498676,Authorize Payment,2025-05-05 11:20:41,VP Chen,Approver,Standard,748.8,USD,Medium,Net60,V3878,TechStart Solutions,Equipment,4.7,True,EMP8147,Operations,CC179,1,INV-235461,2025-04-28,775.91,Paid,Bank Transfer,Completed,2025-05-04,19.09
PO498676,Update Customer Balance,2025-05-05 11:53:38,ERP System,System,Standard,748.8,USD,Medium,Net60,V3878,TechStart Solutions,Equipment,4.7,True,EMP8147,Operations,CC179,1,INV-235461,2025-04-28,775.91,Paid,Bank Transfer,Completed,2025-05-04,19.09
PO498676,Verify Successful Payment,2025-05-05 11:59:14,ERP System,System,Standard,748.8,USD,Medium,Net60,V3878,TechStart Solutions,Equipment,4.7,True,EMP8147,Operations,CC179,1,INV-235461,2025-04-28,775.91,Paid,Bank Transfer,Completed,2025-05-04,19.09
PO207798,Place Order,2025-05-04 14:00:00,Lisa Johnson,Requester,Standard,41443.42,USD,Medium,Net15,V3419,Material World Inc,Equipment,4.9,False,EMP8601,Facilities,CC878,2,INV-347745,2025-04-29,41772.76,Paid,Credit Card,Completed,2025-05-04,0.0
PO207798,Receive Order,2025-05-05 08:34:22,Jennifer Lee,Buyer,Standard,41443.42,USD,Medium,Net15,V3419,Material World Inc,Equipment,4.9,False,EMP8601,Facilities,CC878,2,INV-347745,2025-04-29,41772.76,Paid,Credit Card,Completed,2025-05-04,0.0
PO207798,Process Order,2025-05-05 08:49:00,Emily Davis,Buyer,Standard,41443.42,USD,Medium,Net15,V3419,Material World Inc,Equipment,4.9,False,EMP8601,Facilities,CC878,2,INV-347745,2025-04-29,41772.76,Paid,Credit Card,Completed,2025-05-04,0.0
PO207798,Receive Invoice,2025-05-05 09:56:07,Invoice System,System,Standard,41443.42,USD,Medium,Net15,V3419,Material World Inc,Equipment,4.9,False,EMP8601,Facilities,CC878,2,INV-347745,2025-04-29,41772.76,Paid,Credit Card,Completed,2025-05-04,0.0
PO207798,Review Invoice,2025-05-05 10:01:03,James White,Ap Clerk,Standard,41443.42,USD,Medium,Net15,V3419,Material World Inc,Equipment,4.9,False,EMP8601,Facilities,CC878,2,INV-347745,2025-04-29,41772.76,Paid,Credit Card,Completed,2025-05-04,0.0
PO207798,Create Payment,2025-05-05 11:00:08,Paul Martinez,Ap Clerk,Standard,41443.42,USD,Medium,Net15,V3419,Material World Inc,Equipment,4.9,False,EMP8601,Facilities,CC878,2,INV-347745,2025-04-29,41772.76,Paid,Credit Card,Completed,2025-05-04,0.0
PO207798,Authorize Payment,2025-05-05 11:28:33,VP Chen,Approver,Standard,41443.42,USD,Medium,Net15,V3419,Material World Inc,Equipment,4.9,False,EMP8601,Facilities,CC878,2,INV-347745,2025-04-29,41772.76,Paid,Credit Card,Completed,2025-05-04,0.0
PO207798,Update Customer Balance,2025-05-05 11:53:29,ERP System,System,Standard,41443.42,USD,Medium,Net15,V3419,Material World Inc,Equipment,4.9,False,EMP8601,Facilities,CC878,2,INV-347745,2025-04-29,41772.76,Paid,Credit Card,Completed,2025-05-04,0.0
PO207798,Verify Successful Payment,2025-05-05 11:59:45,Invoice System,System,Standard,41443.42,USD,Medium,Net15,V3419,Material World Inc,Equipment,4.9,False,EMP8601,Facilities,CC878,2,INV-347745,2025-04-29,41772.76,Paid,Credit Card,Completed,2025-05-04,0.0
PO699425,Place Order,2025-05-04 14:00:00,David Chen,Requester,Standard,90628.01,USD,Medium,Net30,V8368,Acme Supplies Inc,Services,4.6,False,EMP2381,Finance,CC276,2,INV-949153,2025-04-28,86451.35,Paid,Credit Card,Completed,2025-05-04,0.0
PO699425,Receive Order,2025-05-05 08:28:22,Carlos Rodriguez,Buyer,Standard,90628.01,USD,Medium,Net30,V8368,Acme Supplies Inc,Services,4.6,False,EMP2381,Finance,CC276,2,INV-949153,2025-04-28,86451.35,Paid,Credit Card,Completed,2025-05-04,0.0
PO699425,Process Order,2025-05-05 08:42:49,Robert Taylor,Buyer,Standard,90628.01,USD,Medium,Net30,V8368,Acme Supplies Inc,Services,4.6,False,EMP2381,Finance,CC276,2,INV-949153,2025-04-28,86451.35,Paid,Credit Card,Completed,2025-05-04,0.0
PO699425,Receive Invoice,2025-05-05 09:45:10,Invoice System,System,Standard,90628.01,USD,Medium,Net30,V8368,Acme Supplies Inc,Services,4.6,False,EMP2381,Finance,CC276,2,INV-949153,2025-04-28,86451.35,Paid,Credit Card,Completed,2025-05-04,0.0
PO699425,Review Invoice,2025-05-05 09:51:31,Paul Martinez,Ap Clerk,Standard,90628.01,USD,Medium,Net30,V8368,Acme Supplies Inc,Services,4.6,False,EMP2381,Finance,CC276,2,INV-949153,2025-04-28,86451.35,Paid,Credit Card,Completed,2025-05-04,0.0
PO699425,Create Payment,2025-05-05 10:41:47,James White,Ap Clerk,Standard,90628.01,USD,Medium,Net30,V8368,Acme Supplies Inc,Services,4.6,False,EMP2381,Finance,CC276,2,INV-949153,2025-04-28,86451.35,Paid,Credit Card,Completed,2025-05-04,0.0
PO699425,Authorize Payment,2025-05-05 11:08:48,Manager Williams,Approver,Standard,90628.01,USD,Medium,Net30,V8368,Acme Supplies Inc,Services,4.6,False,EMP2381,Finance,CC276,2,INV-949153,2025-04-28,86451.35,Paid,Credit Card,Completed,2025-05-04,0.0
PO699425,Update Customer Balance,2025-05-05 11:36:48,Invoice System,System,Standard,90628.01,USD,Medium,Net30,V8368,Acme Supplies Inc,Services,4.6,False,EMP2381,Finance,CC276,2,INV-949153,2025-04-28,86451.35,Paid,Credit Card,Completed,2025-05-04,0.0
PO699425,Verify Successful Payment,2025-05-05 11:43:12,Payment Gateway,System,Standard,90628.01,USD,Medium,Net30,V8368,Acme Supplies Inc,Services,4.6,False,EMP2381,Finance,CC276,2,INV-949153,2025-04-28,86451.35,Paid,Credit Card,Completed,2025-05-04,0.0
PO686072,Place Order,2025-05-04 14:00:00,Priya Patel,Requester,Standard,6354.78,EUR,High,Net60,V2388,Digital Solutions Ltd,Maintenance,4.8,True,EMP7937,Finance,CC118,1,INV-424620,2025-05-02,6267.46,Paid,Bank Transfer,Completed,2025-05-04,0.0
PO686072,Receive Order,2025-05-05 08:26:18,Jennifer Lee,Buyer,Standard,6354.78,EUR,High,Net60,V2388,Digital Solutions Ltd,Maintenance,4.8,True,EMP7937,Finance,CC118,1,INV-424620,2025-05-02,6267.46,Paid,Bank Transfer,Completed,2025-05-04,0.0
PO686072,Process Order,2025-05-05 08:38:46,Michael Brown,Buyer,Standard,6354.78,EUR,High,Net60,V2388,Digital Solutions Ltd,Maintenance,4.8,True,EMP7937,Finance,CC118,1,INV-424620,2025-05-02,6267.46,Paid,Bank Transfer,Completed,2025-05-04,0.0
PO686072,Receive Invoice,2025-05-05 09:38:57,Invoice System,System,Standard,6354.78,EUR,High,Net60,V2388,Digital Solutions Ltd,Maintenance,4.8,True,EMP7937,Finance,CC118,1,INV-424620,2025-05-02,6267.46,Paid,Bank Transfer,Completed,2025-05-04,0.0
PO686072,Review Invoice,2025-05-05 09:45:45,Susan Clark,Ap Clerk,Standard,6354.78,EUR,High,Net60,V2388,Digital Solutions Ltd,Maintenance,4.8,True,EMP7937,Finance,CC118,1,INV-424620,2025-05-02,6267.46,Paid,Bank Transfer,Completed,2025-05-04,0.0
PO686072,Create Payment,2025-05-05 10:49:38,Michelle Kim,Ap Clerk,Standard,6354.78,EUR,High,Net60,V2388,Digital Solutions Ltd,Maintenance,4.8,True,EMP7937,Finance,CC118,1,INV-424620,2025-05-02,6267.46,Paid,Bank Transfer,Completed,2025-05-04,0.0
PO686072,Authorize Payment,2025-05-05 11:15:12,CFO Anderson,Approver,Standard,6354.78,EUR,High,Net60,V2388,Digital Solutions Ltd,Maintenance,4.8,True,EMP7937,Finance,CC118,1,INV-424620,2025-05-02,6267.46,Paid,Bank Transfer,Completed,2025-05-04,0.0
PO686072,Update Customer Balance,2025-05-05 11:41:03,ERP System,System,Standard,6354.78,EUR,High,Net60,V2388,Digital Solutions Ltd,Maintenance,4.8,True,EMP7937,Finance,CC118,1,INV-424620,2025-05-02,6267.46,Paid,Bank Transfer,Completed,2025-05-04,0.0
PO686072,Verify Successful Payment,2025-05-05 11:47:51,Invoice System,System,Standard,6354.78,EUR,High,Net60,V2388,Digital Solutions Ltd,Maintenance,4.8,True,EMP7937,Finance,CC118,1,INV-424620,2025-05-02,6267.46,Paid,Bank Transfer,Completed,2025-05-04,0.0
PO740255,Place Order,2025-05-04 14:00:00,Tom Anderson,Requester,Standard,370.29,EUR,Medium,Net60,V4891,Office Depot Pro,Maintenance,4.6,True,EMP7026,Engineering,CC684,1,INV-565776,2025-04-30,388.23,Paid,Bank Transfer,Completed,2025-05-04,16.86
PO740255,Receive Order,2025-05-05 08:30:02,Jennifer Lee,Buyer,Standard,370.29,EUR,Medium,Net60,V4891,Office Depot Pro,Maintenance,4.6,True,EMP7026,Engineering,CC684,1,INV-565776,2025-04-30,388.23,Paid,Bank Transfer,Completed,2025-05-04,16.86
PO740255,Process Order,2025-05-05 08:46:56,Jennifer Lee,Buyer,Standard,370.29,EUR,Medium,Net60,V4891,Office Depot Pro,Maintenance,4.6,True,EMP7026,Engineering,CC684,1,INV-565776,2025-04-30,388.23,Paid,Bank Transfer,Completed,2025-05-04,16.86
PO740255,Receive Invoice,2025-05-05 09:55:53,ERP System,System,Standard,370.29,EUR,Medium,Net60,V4891,Office Depot Pro,Maintenance,4.6,True,EMP7026,Engineering,CC684,1,INV-565776,2025-04-30,388.23,Paid,Bank Transfer,Completed,2025-05-04,16.86
PO740255,Review Invoice,2025-05-05 10:02:13,Michelle Kim,Ap Clerk,Standard,370.29,EUR,Medium,Net60,V4891,Office Depot Pro,Maintenance,4.6,True,EMP7026,Engineering,CC684,1,INV-565776,2025-04-30,388.23,Paid,Bank Transfer,Completed,2025-05-04,16.86
PO740255,Create Payment,2025-05-05 11:12:39,Michelle Kim,Ap Clerk,Standard,370.29,EUR,Medium,Net60,V4891,Office Depot Pro,Maintenance,4.6,True,EMP7026,Engineering,CC684,1,INV-565776,2025-04-30,388.23,Paid,Bank Transfer,Completed,2025-05-04,16.86
PO740255,Authorize Payment,2025-05-05 11:46:51,VP Chen,Approver,Standard,370.29,EUR,Medium,Net60,V4891,Office Depot Pro,Maintenance,4.6,True,EMP7026,Engineering,CC684,1,INV-565776,2025-04-30,388.23,Paid,Bank Transfer,Completed,2025-05-04,16.86
PO740255,Update Customer Balance,2025-05-05 12:11:52,ERP System,System,Standard,370.29,EUR,Medium,Net60,V4891,Office Depot Pro,Maintenance,4.6,True,EMP7026,Engineering,CC684,1,INV-565776,2025-04-30,388.23,Paid,Bank Transfer,Completed,2025-05-04,16.86
PO740255,Verify Successful Payment,2025-05-05 12:17:19,Invoice System,System,Standard,370.29,EUR,Medium,Net60,V4891,Office Depot Pro,Maintenance,4.6,True,EMP7026,Engineering,CC684,1,INV-565776,2025-04-30,388.23,Paid,Bank Transfer,Completed,2025-05-04,16.86
PO155843,Place Order,2025-05-04 14:00:00,Priya Patel,Requester,Standard,89615.8,USD,Medium,Net30,V1436,Industrial Materials Co,Equipment,4.9,False,EMP3392,Operations,CC393,2,INV-535050,2025-04-27,93356.33,Paid,Bank Transfer,Completed,2025-05-04,0.0
PO155843,Receive Order,2025-05-05 08:29:22,Robert Taylor,Buyer,Standard,89615.8,USD,Medium,Net30,V1436,Industrial Materials Co,Equipment,4.9,False,EMP3392,Operations,CC393,2,INV-535050,2025-04-27,93356.33,Paid,Bank Transfer,Completed,2025-05-04,0.0
PO155843,Process Order,2025-05-05 08:41:51,Robert Taylor,Buyer,Standard,89615.8,USD,Medium,Net30,V1436,Industrial Materials Co,Equipment,4.9,False,EMP3392,Operations,CC393,2,INV-535050,2025-04-27,93356.33,Paid,Bank Transfer,Completed,2025-05-04,0.0
PO155843,Receive Invoice,2025-05-05 09:49:53,Invoice System,System,Standard,89615.8,USD,Medium,Net30,V1436,Industrial Materials Co,Equipment,4.9,False,EMP3392,Operations,CC393,2,INV-535050,2025-04-27,93356.33,Paid,Bank Transfer,Completed,2025-05-04,0.0
PO155843,Review Invoice,2025-05-05 09:56:57,James White,Ap Clerk,Standard,89615.8,USD,Medium,Net30,V1436,Industrial Materials Co,Equipment,4.9,False,EMP3392,Operations,CC393,2,INV-535050,2025-04-27,93356.33,Paid,Bank Transfer,Completed,2025-05-04,0.0
PO155843,Create Payment,2025-05-05 10:47:37,Paul Martinez,Ap Clerk,Standard,89615.8,USD,Medium,Net30,V1436,Industrial Materials Co,Equipment,4.9,False,EMP3392,Operations,CC393,2,INV-535050,2025-04-27,93356.33,Paid,Bank Transfer,Completed,2025-05-04,0.0
PO155843,Authorize Payment,2025-05-05 11:15:14,Director Johnson,Approver,Standard,89615.8,USD,Medium,Net30,V1436,Industrial Materials Co,Equipment,4.9,False,EMP3392,Operations,CC393,2,INV-535050,2025-04-27,93356.33,Paid,Bank Transfer,Completed,2025-05-04,0.0
PO155843,Update Customer Balance,2025-05-05 11:42:05,Invoice System,System,Standard,89615.8,USD,Medium,Net30,V1436,Industrial Materials Co,Equipment,4.9,False,EMP3392,Operations,CC393,2,INV-535050,2025-04-27,93356.33,Paid,Bank Transfer,Completed,2025-05-04,0.0
PO155843,Verify Successful Payment,2025-05-05 11:48:48,Payment Gateway,System,Standard,89615.8,USD,Medium,Net30,V1436,Industrial Materials Co,Equipment,4.9,False,EMP3392,Operations,CC393,2,INV-535050,2025-04-27,93356.33,Paid,Bank Transfer,Completed,2025-05-04,0.0
PO353690,Place Order,2025-05-04 14:00:00,John Smith,Requester,Express,1147.9,USD,Low,Net30,V9443,Service Specialists,Services,4.3,True,EMP9576,Sales,CC169,1,INV-702980,2025-04-28,1199.95,Paid,Bank Transfer,Completed,2025-05-04,0.0
PO353690,Receive Order,2025-05-05 08:28:41,Carlos Rodriguez,Buyer,Express,1147.9,USD,Low,Net30,V9443,Service Specialists,Services,4.3,True,EMP9576,Sales,CC169,1,INV-702980,2025-04-28,1199.95,Paid,Bank Transfer,Completed,2025-05-04,0.0
PO353690,Process Order,2025-05-05 08:46:34,Robert Taylor,Buyer,Express,1147.9,USD,Low,Net30,V9443,Service Specialists,Services,4.3,True,EMP9576,Sales,CC169,1,INV-702980,2025-04-28,1199.95,Paid,Bank Transfer,Completed,2025-05-04,0.0
PO353690,Receive Invoice,2025-05-05 09:34:57,ERP System,System,Express,1147.9,USD,Low,Net30,V9443,Service Specialists,Services,4.3,True,EMP9576,Sales,CC169,1,INV-702980,2025-04-28,1199.95,Paid,Bank Transfer,Completed,2025-05-04,0.0
PO353690,Review Invoice,2025-05-05 09:40:35,Michelle Kim,Ap Clerk,Express,1147.9,USD,Low,Net30,V9443,Service Specialists,Services,4.3,True,EMP9576,Sales,CC169,1,INV-702980,2025-04-28,1199.95,Paid,Bank Transfer,Completed,2025-05-04,0.0
PO353690,Create Payment,2025-05-05 10:31:04,James White,Ap Clerk,Express,1147.9,USD,Low,Net30,V9443,Service Specialists,Services,4.3,True,EMP9576,Sales,CC169,1,INV-702980,2025-04-28,1199.95,Paid,Bank Transfer,Completed,2025-05-04,0.0
PO353690,Authorize Payment,2025-05-05 10:56:40,VP Chen,Approver,Express,1147.9,USD,Low,Net30,V9443,Service Specialists,Services,4.3,True,EMP9576,Sales,CC169,1,INV-702980,2025-04-28,1199.95,Paid,Bank Transfer,Completed,2025-05-04,0.0
PO353690,Update Customer Balance,2025-05-05 11:27:13,Invoice System,System,Express,1147.9,USD,Low,Net30,V9443,Service Specialists,Services,4.3,True,EMP9576,Sales,CC169,1,INV-702980,2025-04-28,1199.95,Paid,Bank Transfer,Completed,2025-05-04,0.0
PO353690,Verify Successful Payment,2025-05-05 11:32:27,Invoice System,System,Express,1147.9,USD,Low,Net30,V9443,Service Specialists,Services,4.3,True,EMP9576,Sales,CC169,1,INV-702980,2025-04-28,1199.95,Paid,Bank Transfer,Completed,2025-05-04,0.0
PO407696,Place Order,2025-05-04 14:00:00,Lisa Johnson,Requester,Standard,143.37,EUR,High,Net30,V8498,Office Depot Pro,Services,5.0,False,EMP5150,Operations,CC762,1,INV-138780,2025-05-01,138.94,Paid,Bank Transfer,Completed,2025-05-04,0.0
PO407696,Receive Order,2025-05-05 08:27:16,Carlos Rodriguez,Buyer,Standard,143.37,EUR,High,Net30,V8498,Office Depot Pro,Services,5.0,False,EMP5150,Operations,CC762,1,INV-138780,2025-05-01,138.94,Paid,Bank Transfer,Completed,2025-05-04,0.0
PO407696,Process Order,2025-05-05 08:44:36,Carlos Rodriguez,Buyer,Standard,143.37,EUR,High,Net30,V8498,Office Depot Pro,Services,5.0,False,EMP5150,Operations,CC762,1,INV-138780,2025-05-01,138.94,Paid,Bank Transfer,Completed,2025-05-04,0.0
PO407696,Receive Invoice,2025-05-05 09:40:45,ERP System,System,Standard,143.37,EUR,High,Net30,V8498,Office Depot Pro,Services,5.0,False,EMP5150,Operations,CC762,1,INV-138780,2025-05-01,138.94,Paid,Bank Transfer,Completed,2025-05-04,0.0
PO407696,Review Invoice,2025-05-05 09:46:44,Michelle Kim,Ap Clerk,Standard,143.37,EUR,High,Net30,V8498,Office Depot Pro,Services,5.0,False,EMP5150,Operations,CC762,1,INV-138780,2025-05-01,138.94,Paid,Bank Transfer,Completed,2025-05-04,0.0
PO407696,Create Payment,2025-05-05 10:41:08,Paul Martinez,Ap Clerk,Standard,143.37,EUR,High,Net30,V8498,Office Depot Pro,Services,5.0,False,EMP5150,Operations,CC762,1,INV-138780,2025-05-01,138.94,Paid,Bank Transfer,Completed,2025-05-04,0.0
PO407696,Authorize Payment,2025-05-05 11:10:14,CFO Anderson,Approver,Standard,143.37,EUR,High,Net30,V8498,Office Depot Pro,Services,5.0,False,EMP5150,Operations,CC762,1,INV-138780,2025-05-01,138.94,Paid,Bank Transfer,Completed,2025-05-04,0.0
PO407696,Update Customer Balance,2025-05-05 11:41:28,ERP System,System,Standard,143.37,EUR,High,Net30,V8498,Office Depot Pro,Services,5.0,False,EMP5150,Operations,CC762,1,INV-138780,2025-05-01,138.94,Paid,Bank Transfer,Completed,2025-05-04,0.0
PO407696,Verify Successful Payment,2025-05-05 11:47:34,Payment Gateway,System,Standard,143.37,EUR,High,Net30,V8498,Office Depot Pro,Services,5.0,False,EMP5150,Operations,CC762,1,INV-138780,2025-05-01,138.94,Paid,Bank Transfer,Completed,2025-05-04,0.0
PO823270,Place Order,2025-05-04 14:00:00,John Smith,Requester,Standard,6422.99,USD,Medium,Immediate,V7981,Service Specialists,Maintenance,3.5,True,EMP2229,Engineering,CC515,1,INV-274739,2025-05-02,6335.19,Paid,Credit Card,Completed,2025-05-04,0.0
PO823270,Receive Order,2025-05-05 08:25:42,Carlos Rodriguez,Buyer,Standard,6422.99,USD,Medium,Immediate,V7981,Service Specialists,Maintenance,3.5,True,EMP2229,Engineering,CC515,1,INV-274739,2025-05-02,6335.19,Paid,Credit Card,Completed,2025-05-04,0.0
PO823270,Process Order,2025-05-05 08:37:55,Robert Taylor,Buyer,Standard,6422.99,USD,Medium,Immediate,V7981,Service Specialists,Maintenance,3.5,True,EMP2229,Engineering,CC515,1,INV-274739,2025-05-02,6335.19,Paid,Credit Card,Completed,2025-05-04,0.0
PO823270,Receive Invoice,2025-05-05 09:44:36,Payment Gateway,System,Standard,6422.99,USD,Medium,Immediate,V7981,Service Specialists,Maintenance,3.5,True,EMP2229,Engineering,CC515,1,INV-274739,2025-05-02,6335.19,Paid,Credit Card,Completed,2025-05-04,0.0
PO823270,Review Invoice,2025-05-05 09:50:16,Susan Clark,Ap Clerk,Standard,6422.99,USD,Medium,Immediate,V7981,Service Specialists,Maintenance,3.5,True,EMP2229,Engineering,CC515,1,INV-274739,2025-05-02,6335.19,Paid,Credit Card,Completed,2025-05-04,0.0
PO823270,Create Payment,2025-05-05 10:52:47,James White,Ap Clerk,Standard,6422.99,USD,Medium,Immediate,V7981,Service Specialists,Maintenance,3.5,True,EMP2229,Engineering,CC515,1,INV-274739,2025-05-02,6335.19,Paid,Credit Card,Completed,2025-05-04,0.0
PO823270,Authorize Payment,2025-05-05 11:21:15,Director Johnson,Approver,Standard,6422.99,USD,Medium,Immediate,V7981,Service Specialists,Maintenance,3.5,True,EMP2229,Engineering,CC515,1,INV-274739,2025-05-02,6335.19,Paid,Credit Card,Completed,2025-05-04,0.0
PO823270,Update Customer Balance,2025-05-05 11:52:08,Invoice System,System,Standard,6422.99,USD,Medium,Immediate,V7981,Service Specialists,Maintenance,3.5,True,EMP2229,Engineering,CC515,1,INV-274739,2025-05-02,6335.19,Paid,Credit Card,Completed,2025-05-04,0.0
PO823270,Verify Successful Payment,2025-05-05 11:57:49,Payment Gateway,System,Standard,6422.99,USD,Medium,Immediate,V7981,Service Specialists,Maintenance,3.5,True,EMP2229,Engineering,CC515,1,INV-274739,2025-05-02,6335.19,Paid,Credit Card,Completed,2025-05-04,0.0
PO688956,Place Order,2025-05-04 14:00:00,Maria Garcia,Requester,Standard,194.0,EUR,Medium,Net30,V9482,Service Specialists,Services,4.8,False,EMP4279,Operations,CC973,1,INV-505785,2025-04-29,185.74,Paid,Bank Transfer,Completed,2025-05-04,0.0
PO688956,Receive Order,2025-05-05 08:33:43,Emily Davis,Buyer,Standard,194.0,EUR,Medium,Net30,V9482,Service Specialists,Services,4.8,False,EMP4279,Operations,CC973,1,INV-505785,2025-04-29,185.74,Paid,Bank Transfer,Completed,2025-05-04,0.0
PO688956,Process Order,2025-05-05 08:49:43,Anna Schmidt,Buyer,Standard,194.0,EUR,Medium,Net30,V9482,Service Specialists,Services,4.8,False,EMP4279,Operations,CC973,1,INV-505785,2025-04-29,185.74,Paid,Bank Transfer,Completed,2025-05-04,0.0
PO688956,Receive Invoice,2025-05-05 09:50:44,Payment Gateway,System,Standard,194.0,EUR,Medium,Net30,V9482,Service Specialists,Services,4.8,False,EMP4279,Operations,CC973,1,INV-505785,2025-04-29,185.74,Paid,Bank Transfer,Completed,2025-05-04,0.0
PO688956,Review Invoice,2025-05-05 09:57:35,Michelle Kim,Ap Clerk,Standard,194.0,EUR,Medium,Net30,V9482,Service Specialists,Services,4.8,False,EMP4279,Operations,CC973,1,INV-505785,2025-04-29,185.74,Paid,Bank Transfer,Completed,2025-05-04,0.0
PO688956,Create Payment,2025-05-05 11:00:53,Michelle Kim,Ap Clerk,Standard,194.0,EUR,Medium,Net30,V9482,Service Specialists,Services,4.8,False,EMP4279,Operations,CC973,1,INV-505785,2025-04-29,185.74,Paid,Bank Transfer,Completed,2025-05-04,0.0
PO688956,Authorize Payment,2025-05-05 11:27:35,Manager Williams,Approver,Standard,194.0,EUR,Medium,Net30,V9482,Service Specialists,Services,4.8,False,EMP4279,Operations,CC973,1,INV-505785,2025-04-29,185.74,Paid,Bank Transfer,Completed,2025-05-04,0.0
PO688956,Update Customer Balance,2025-05-05 12:01:05,ERP System,System,Standard,194.0,EUR,Medium,Net30,V9482,Service Specialists,Services,4.8,False,EMP4279,Operations,CC973,1,INV-505785,2025-04-29,185.74,Paid,Bank Transfer,Completed,2025-05-04,0.0
PO688956,Verify Successful Payment,2025-05-05 12:07:47,ERP System,System,Standard,194.0,EUR,Medium,Net30,V9482,Service Specialists,Services,4.8,False,EMP4279,Operations,CC973,1,INV-505785,2025-04-29,185.74,Paid,Bank Transfer,Completed,2025-05-04,0.0
PO424314,Place Order,2025-05-04 14:00:00,David Chen,Requester,Standard,59647.67,EUR,Medium,Net30,V2412,Maintenance Masters,Software,3.1,False,EMP2215,HR,CC796,2,INV-168941,2025-05-01,59751.22,Paid,Bank Transfer,Completed,2025-05-04,0.0
PO424314,Receive Order,2025-05-05 08:33:12,Robert Taylor,Buyer,Standard,59647.67,EUR,Medium,Net30,V2412,Maintenance Masters,Software,3.1,False,EMP2215,HR,CC796,2,INV-168941,2025-05-01,59751.22,Paid,Bank Transfer,Completed,2025-05-04,0.0
PO424314,Process Order,2025-05-05 08:48:13,Michael Brown,Buyer,Standard,59647.67,EUR,Medium,Net30,V2412,Maintenance Masters,Software,3.1,False,EMP2215,HR,CC796,2,INV-168941,2025-05-01,59751.22,Paid,Bank Transfer,Completed,2025-05-04,0.0
PO424314,Receive Invoice,2025-05-05 09:48:39,Payment Gateway,System,Standard,59647.67,EUR,Medium,Net30,V2412,Maintenance Masters,Software,3.1,False,EMP2215,HR,CC796,2,INV-168941,2025-05-01,59751.22,Paid,Bank Transfer,Completed,2025-05-04,0.0
PO424314,Review Invoice,2025-05-05 09:53:51,Michelle Kim,Ap Clerk,Standard,59647.67,EUR,Medium,Net30,V2412,Maintenance Masters,Software,3.1,False,EMP2215,HR,CC796,2,INV-168941,2025-05-01,59751.22,Paid,Bank Transfer,Completed,2025-05-04,0.0
PO424314,Create Payment,2025-05-05 10:47:16,Michelle Kim,Ap Clerk,Standard,59647.67,EUR,Medium,Net30,V2412,Maintenance Masters,Software,3.1,False,EMP2215,HR,CC796,2,INV-168941,2025-05-01,59751.22,Paid,Bank Transfer,Completed,2025-05-04,0.0
PO424314,Authorize Payment,2025-05-05 11:22:00,Director Johnson,Approver,Standard,59647.67,EUR,Medium,Net30,V2412,Maintenance Masters,Software,3.1,False,EMP2215,HR,CC796,2,INV-168941,2025-05-01,59751.22,Paid,Bank Transfer,Completed,2025-05-04,0.0
PO424314,Update Customer Balance,2025-05-05 11:49:01,Invoice System,System,Standard,59647.67,EUR,Medium,Net30,V2412,Maintenance Masters,Software,3.1,False,EMP2215,HR,CC796,2,INV-168941,2025-05-01,59751.22,Paid,Bank Transfer,Completed,2025-05-04,0.0
PO424314,Verify Successful Payment,2025-05-05 11:56:06,Payment Gateway,System,Standard,59647.67,EUR,Medium,Net30,V2412,Maintenance Masters,Software,3.1,False,EMP2215,HR,CC796,2,INV-168941,2025-05-01,59751.22,Paid,Bank Transfer,Completed,2025-05-04,0.0
PO790731,Place Order,2025-05-04 14:00:00,Ahmed Al-Rashid,Requester,Standard,643.94,CAD,Medium,Immediate,V3526,Acme Supplies Inc,Software,3.1,True,EMP5336,Engineering,CC885,1,INV-279516,2025-05-02,648.59,Paid,Credit Card,Completed,2025-05-04,0.0
PO790731,Receive Order,2025-05-05 08:31:42,Robert Taylor,Buyer,Standard,643.94,CAD,Medium,Immediate,V3526,Acme Supplies Inc,Software,3.1,True,EMP5336,Engineering,CC885,1,INV-279516,2025-05-02,648.59,Paid,Credit Card,Completed,2025-05-04,0.0
PO790731,Process Order,2025-05-05 08:45:10,Carlos Rodriguez,Buyer,Standard,643.94,CAD,Medium,Immediate,V3526,Acme Supplies Inc,Software,3.1,True,EMP5336,Engineering,CC885,1,INV-279516,2025-05-02,648.59,Paid,Credit Card,Completed,2025-05-04,0.0
PO790731,Receive Invoice,2025-05-05 09:40:18,ERP System,System,Standard,643.94,CAD,Medium,Immediate,V3526,Acme Supplies Inc,Software,3.1,True,EMP5336,Engineering,CC885,1,INV-279516,2025-05-02,648.59,Paid,Credit Card,Completed,2025-05-04,0.0
PO790731,Review Invoice,2025-05-05 09:46:45,Paul Martinez,Ap Clerk,Standard,643.94,CAD,Medium,Immediate,V3526,Acme Supplies Inc,Software,3.1,True,EMP5336,Engineering,CC885,1,INV-279516,2025-05-02,648.59,Paid,Credit Card,Completed,2025-05-04,0.0
PO790731,Create Payment,2025-05-05 10:44:44,James White,Ap Clerk,Standard,643.94,CAD,Medium,Immediate,V3526,Acme Supplies Inc,Software,3.1,True,EMP5336,Engineering,CC885,1,INV-279516,2025-05-02,648.59,Paid,Credit Card,Completed,2025-05-04,0.0
PO790731,Authorize Payment,2025-05-05 11:16:01,VP Chen,Approver,Standard,643.94,CAD,Medium,Immediate,V3526,Acme Supplies Inc,Software,3.1,True,EMP5336,Engineering,CC885,1,INV-279516,2025-05-02,648.59,Paid,Credit Card,Completed,2025-05-04,0.0
PO790731,Update Customer Balance,2025-05-05 11:50:21,Payment Gateway,System,Standard,643.94,CAD,Medium,Immediate,V3526,Acme Supplies Inc,Software,3.1,True,EMP5336,Engineering,CC885,1,INV-279516,2025-05-02,648.59,Paid,Credit Card,Completed,2025-05-04,0.0
PO790731,Verify Successful Payment,2025-05-05 11:56:55,Payment Gateway,System,Standard,643.94,CAD,Medium,Immediate,V3526,Acme Supplies Inc,Software,3.1,True,EMP5336,Engineering,CC885,1,INV-279516,2025-05-02,648.59,Paid,Credit Card,Completed,2025-05-04,0.0
PO228473,Place Order,2025-05-04 14:00:00,Priya Patel,Requester,Standard,1955.55,USD,Low,Net30,V4960,Maintenance Masters,Software,3.8,True,EMP6364,Sales,CC838,1,INV-589131,2025-04-27,1918.93,Paid,Credit Card,Completed,2025-05-04,0.0
PO228473,Receive Order,2025-05-05 08:29:59,Robert Taylor,Buyer,Standard,1955.55,USD,Low,Net30,V4960,Maintenance Masters,Software,3.8,True,EMP6364,Sales,CC838,1,INV-589131,2025-04-27,1918.93,Paid,Credit Card,Completed,2025-05-04,0.0
PO228473,Process Order,2025-05-05 08:42:07,Anna Schmidt,Buyer,Standard,1955.55,USD,Low,Net30,V4960,Maintenance Masters,Software,3.8,True,EMP6364,Sales,CC838,1,INV-589131,2025-04-27,1918.93,Paid,Credit Card,Completed,2025-05-04,0.0
PO228473,Receive Invoice,2025-05-05 09:41:05,ERP System,System,Standard,1955.55,USD,Low,Net30,V4960,Maintenance Masters,Software,3.8,True,EMP6364,Sales,CC838,1,INV-589131,2025-04-27,1918.93,Paid,Credit Card,Completed,2025-05-04,0.0
PO228473,Review Invoice,2025-05-05 09:46:24,Susan Clark,Ap Clerk,Standard,1955.55,USD,Low,Net30,V4960,Maintenance Masters,Software,3.8,True,EMP6364,Sales,CC838,1,INV-589131,2025-04-27,1918.93,Paid,Credit Card,Completed,2025-05-04,0.0
PO228473,Create Payment,2025-05-05 10:41:09,Michelle Kim,Ap Clerk,Standard,1955.55,USD,Low,Net30,V4960,Maintenance Masters,Software,3.8,True,EMP6364,Sales,CC838,1,INV-589131,2025-04-27,1918.93,Paid,Credit Card,Completed,2025-05-04,0.0
PO228473,Authorize Payment,2025-05-05 11:13:14,VP Chen,Approver,Standard,1955.55,USD,Low,Net30,V4960,Maintenance Masters,Software,3.8,True,EMP6364,Sales,CC838,1,INV-589131,2025-04-27,1918.93,Paid,Credit Card,Completed,2025-05-04,0.0
PO228473,Update Customer Balance,2025-05-05 11:43:40,ERP System,System,Standard,1955.55,USD,Low,Net30,V4960,Maintenance Masters,Software,3.8,True,EMP6364,Sales,CC838,1,INV-589131,2025-04-27,1918.93,Paid,Credit Card,Completed,2025-05-04,0.0
PO228473,Verify Successful Payment,2025-05-05 11:49:30,Payment Gateway,System,Standard,1955.55,USD,Low,Net30,V4960,Maintenance Masters,Software,3.8,True,EMP6364,Sales,CC838,1,INV-589131,2025-04-27,1918.93,Paid,Credit Card,Completed,2025-05-04,0.0
PO680096,Place Order,2025-05-04 14:00:00,Tom Anderson,Requester,Standard,60.59,USD,Medium,Net60,V4189,Service Specialists,Materials,3.2,True,EMP7453,HR,CC447,1,INV-480133,2025-04-29,60.94,Paid,Bank Transfer,Completed,2025-05-04,2.47
PO680096,Receive Order,2025-05-05 08:30:00,Robert Taylor,Buyer,Standard,60.59,USD,Medium,Net60,V4189,Service Specialists,Materials,3.2,True,EMP7453,HR,CC447,1,INV-480133,2025-04-29,60.94,Paid,Bank Transfer,Completed,2025-05-04,2.47
PO680096,Process Order,2025-05-05 08:42:49,Robert Taylor,Buyer,Standard,60.59,USD,Medium,Net60,V4189,Service Specialists,Materials,3.2,True,EMP7453,HR,CC447,1,INV-480133,2025-04-29,60.94,Paid,Bank Transfer,Completed,2025-05-04,2.47
PO680096,Receive Invoice,2025-05-05 09:42:11,Payment Gateway,System,Standard,60.59,USD,Medium,Net60,V4189,Service Specialists,Materials,3.2,True,EMP7453,HR,CC447,1,INV-480133,2025-04-29,60.94,Paid,Bank Transfer,Completed,2025-05-04,2.47
PO680096,Review Invoice,2025-05-05 09:47:21,Susan Clark,Ap Clerk,Standard,60.59,USD,Medium,Net60,V4189,Service Specialists,Materials,3.2,True,EMP7453,HR,CC447,1,INV-480133,2025-04-29,60.94,Paid,Bank Transfer,Completed,2025-05-04,2.47
PO680096,Create Payment,2025-05-05 10:43:13,Susan Clark,Ap Clerk,Standard,60.59,USD,Medium,Net60,V4189,Service Specialists,Materials,3.2,True,EMP7453,HR,CC447,1,INV-480133,2025-04-29,60.94,Paid,Bank Transfer,Completed,2025-05-04,2.47
PO680096,Authorize Payment,2025-05-05 11:11:56,VP Chen,Approver,Standard,60.59,USD,Medium,Net60,V4189,Service Specialists,Materials,3.2,True,EMP7453,HR,CC447,1,INV-480133,2025-04-29,60.94,Paid,Bank Transfer,Completed,2025-05-04,2.47
PO680096,Update Customer Balance,2025-05-05 11:43:03,Invoice System,System,Standard,60.59,USD,Medium,Net60,V4189,Service Specialists,Materials,3.2,True,EMP7453,HR,CC447,1,INV-480133,2025-04-29,60.94,Paid,Bank Transfer,Completed,2025-05-04,2.47
PO680096,Verify Successful Payment,2025-05-05 11:49:50,Invoice System,System,Standard,60.59,USD,Medium,Net60,V4189,Service Specialists,Materials,3.2,True,EMP7453,HR,CC447,1,INV-480133,2025-04-29,60.94,Paid,Bank Transfer,Completed,2025-05-04,2.47
PO422623,Place Order,2025-05-04 14:00:00,Tom Anderson,Requester,Express,7063.58,EUR,Medium,Net30,V7824,Software Innovators,Services,4.3,True,EMP1841,Marketing,CC274,1,INV-712056,2025-04-30,7080.7,Paid,Credit Card,Completed,2025-05-04,0.0
PO422623,Receive Order,2025-05-05 08:25:46,Michael Brown,Buyer,Express,7063.58,EUR,Medium,Net30,V7824,Software Innovators,Services,4.3,True,EMP1841,Marketing,CC274,1,INV-712056,2025-04-30,7080.7,Paid,Credit Card,Completed,2025-05-04,0.0
PO422623,Process Order,2025-05-05 08:41:12,Jennifer Lee,Buyer,Express,7063.58,EUR,Medium,Net30,V7824,Software Innovators,Services,4.3,True,EMP1841,Marketing,CC274,1,INV-712056,2025-04-30,7080.7,Paid,Credit Card,Completed,2025-05-04,0.0
PO422623,Receive Invoice,2025-05-05 09:29:39,Payment Gateway,System,Express,7063.58,EUR,Medium,Net30,V7824,Software Innovators,Services,4.3,True,EMP1841,Marketing,CC274,1,INV-712056,2025-04-30,7080.7,Paid,Credit Card,Completed,2025-05-04,0.0
PO422623,Review Invoice,2025-05-05 09:35:28,Susan Clark,Ap Clerk,Express,7063.58,EUR,Medium,Net30,V7824,Software Innovators,Services,4.3,True,EMP1841,Marketing,CC274,1,INV-712056,2025-04-30,7080.7,Paid,Credit Card,Completed,2025-05-04,0.0
PO422623,Create Payment,2025-05-05 10:33:19,James White,Ap Clerk,Express,7063.58,EUR,Medium,Net30,V7824,Software Innovators,Services,4.3,True,EMP1841,Marketing,CC274,1,INV-712056,2025-04-30,7080.7,Paid,Credit Card,Completed,2025-05-04,0.0
PO422623,Authorize Payment,2025-05-05 11:07:47,Director Johnson,Approver,Express,7063.58,EUR,Medium,Net30,V7824,Software Innovators,Services,4.3,True,EMP1841,Marketing,CC274,1,INV-712056,2025-04-30,7080.7,Paid,Credit Card,Completed,2025-05-04,0.0
PO422623,Update Customer Balance,2025-05-05 11:40:15,Invoice System,System,Express,7063.58,EUR,Medium,Net30,V7824,Software Innovators,Services,4.3,True,EMP1841,Marketing,CC274,1,INV-712056,2025-04-30,7080.7,Paid,Credit Card,Completed,2025-05-04,0.0
PO422623,Verify Successful Payment,2025-05-05 11:45:33,Payment Gateway,System,Express,7063.58,EUR,Medium,Net30,V7824,Software Innovators,Services,4.3,True,EMP1841,Marketing,CC274,1,INV-712056,2025-04-30,7080.7,Paid,Credit Card,Completed,2025-05-04,0.0
PO672808,Place Order,2025-05-04 14:00:00,Sarah Wilson,Requester,Standard,2558.47,EUR,Medium,Net60,V9734,Digital Solutions Ltd,Services,4.0,True,EMP5571,Marketing,CC330,1,INV-458955,2025-04-28,2671.42,Paid,Check,Completed,2025-05-04,0.0
PO672808,Receive Order,2025-05-05 08:32:16,Carlos Rodriguez,Buyer,Standard,2558.47,EUR,Medium,Net60,V9734,Digital Solutions Ltd,Services,4.0,True,EMP5571,Marketing,CC330,1,INV-458955,2025-04-28,2671.42,Paid,Check,Completed,2025-05-04,0.0
PO672808,Process Order,2025-05-05 08:46:22,Emily Davis,Buyer,Standard,2558.47,EUR,Medium,Net60,V9734,Digital Solutions Ltd,Services,4.0,True,EMP5571,Marketing,CC330,1,INV-458955,2025-04-28,2671.42,Paid,Check,Completed,2025-05-04,0.0
PO672808,Receive Invoice,2025-05-05 09:41:16,Invoice System,System,Standard,2558.47,EUR,Medium,Net60,V9734,Digital Solutions Ltd,Services,4.0,True,EMP5571,Marketing,CC330,1,INV-458955,2025-04-28,2671.42,Paid,Check,Completed,2025-05-04,0.0
PO672808,Review Invoice,2025-05-05 09:47:42,James White,Ap Clerk,Standard,2558.47,EUR,Medium,Net60,V9734,Digital Solutions Ltd,Services,4.0,True,EMP5571,Marketing,CC330,1,INV-458955,2025-04-28,2671.42,Paid,Check,Completed,2025-05-04,0.0
PO672808,Create Payment,2025-05-05 10:55:20,Susan Clark,Ap Clerk,Standard,2558.47,EUR,Medium,Net60,V9734,Digital Solutions Ltd,Services,4.0,True,EMP5571,Marketing,CC330,1,INV-458955,2025-04-28,2671.42,Paid,Check,Completed,2025-05-04,0.0
PO672808,Authorize Payment,2025-05-05 11:22:49,VP Chen,Approver,Standard,2558.47,EUR,Medium,Net60,V9734,Digital Solutions Ltd,Services,4.0,True,EMP5571,Marketing,CC330,1,INV-458955,2025-04-28,2671.42,Paid,Check,Completed,2025-05-04,0.0
PO672808,Update Customer Balance,2025-05-05 11:58:17,ERP System,System,Standard,2558.47,EUR,Medium,Net60,V9734,Digital Solutions Ltd,Services,4.0,True,EMP5571,Marketing,CC330,1,INV-458955,2025-04-28,2671.42,Paid,Check,Completed,2025-05-04,0.0
PO672808,Verify Successful Payment,2025-05-05 12:03:55,Payment Gateway,System,Standard,2558.47,EUR,Medium,Net60,V9734,Digital Solutions Ltd,Services,4.0,True,EMP5571,Marketing,CC330,1,INV-458955,2025-04-28,2671.42,Paid,Check,Completed,2025-05-04,0.0
PO214532,Place Order,2025-05-04 14:00:00,David Chen,Requester,Standard,542.65,USD,Low,Net60,V5450,Equipment Express,Equipment,3.5,True,EMP7771,IT,CC583,1,INV-243941,2025-05-03,520.97,Paid,Credit Card,Completed,2025-05-04,0.0
PO214532,Receive Order,2025-05-05 08:28:52,Carlos Rodriguez,Buyer,Standard,542.65,USD,Low,Net60,V5450,Equipment Express,Equipment,3.5,True,EMP7771,IT,CC583,1,INV-243941,2025-05-03,520.97,Paid,Credit Card,Completed,2025-05-04,0.0
PO214532,Process Order,2025-05-05 08:43:44,Robert Taylor,Buyer,Standard,542.65,USD,Low,Net60,V5450,Equipment Express,Equipment,3.5,True,EMP7771,IT,CC583,1,INV-243941,2025-05-03,520.97,Paid,Credit Card,Completed,2025-05-04,0.0
PO214532,Receive Invoice,2025-05-05 09:54:52,Payment Gateway,System,Standard,542.65,USD,Low,Net60,V5450,Equipment Express,Equipment,3.5,True,EMP7771,IT,CC583,1,INV-243941,2025-05-03,520.97,Paid,Credit Card,Completed,2025-05-04,0.0
PO214532,Review Invoice,2025-05-05 10:00:21,Paul Martinez,Ap Clerk,Standard,542.65,USD,Low,Net60,V5450,Equipment Express,Equipment,3.5,True,EMP7771,IT,CC583,1,INV-243941,2025-05-03,520.97,Paid,Credit Card,Completed,2025-05-04,0.0
PO214532,Create Payment,2025-05-05 11:06:48,Susan Clark,Ap Clerk,Standard,542.65,USD,Low,Net60,V5450,Equipment Express,Equipment,3.5,True,EMP7771,IT,CC583,1,INV-243941,2025-05-03,520.97,Paid,Credit Card,Completed,2025-05-04,0.0
PO214532,Authorize Payment,2025-05-05 11:37:14,Director Johnson,Approver,Standard,542.65,USD,Low,Net60,V5450,Equipment Express,Equipment,3.5,True,EMP7771,IT,CC583,1,INV-243941,2025-05-03,520.97,Paid,Credit Card,Completed,2025-05-04,0.0
PO214532,Update Customer Balance,2025-05-05 12:12:11,ERP System,System,Standard,542.65,USD,Low,Net60,V5450,Equipment Express,Equipment,3.5,True,EMP7771,IT,CC583,1,INV-243941,2025-05-03,520.97,Paid,Credit Card,Completed,2025-05-04,0.0
PO214532,Verify Successful Payment,2025-05-05 12:17:59,ERP System,System,Standard,542.65,USD,Low,Net60,V5450,Equipment Express,Equipment,3.5,True,EMP7771,IT,CC583,1,INV-243941,2025-05-03,520.97,Paid,Credit Card,Completed,2025-05-04,0.0
PO109717,Place Order,2025-05-04 14:00:00,Priya Patel,Requester,Standard,5457.96,EUR,High,Net30,V5742,Software Innovators,Maintenance,4.1,False,EMP3198,Facilities,CC579,1,INV-139286,2025-04-30,5333.98,Paid,Credit Card,Completed,2025-05-04,205.7
PO109717,Receive Order,2025-05-05 08:31:46,Michael Brown,Buyer,Standard,5457.96,EUR,High,Net30,V5742,Software Innovators,Maintenance,4.1,False,EMP3198,Facilities,CC579,1,INV-139286,2025-04-30,5333.98,Paid,Credit Card,Completed,2025-05-04,205.7
PO109717,Process Order,2025-05-05 08:48:11,Anna Schmidt,Buyer,Standard,5457.96,EUR,High,Net30,V5742,Software Innovators,Maintenance,4.1,False,EMP3198,Facilities,CC579,1,INV-139286,2025-04-30,5333.98,Paid,Credit Card,Completed,2025-05-04,205.7
PO109717,Receive Invoice,2025-05-05 09:52:23,ERP System,System,Standard,5457.96,EUR,High,Net30,V5742,Software Innovators,Maintenance,4.1,False,EMP3198,Facilities,CC579,1,INV-139286,2025-04-30,5333.98,Paid,Credit Card,Completed,2025-05-04,205.7
PO109717,Review Invoice,2025-05-05 09:57:36,James White,Ap Clerk,Standard,5457.96,EUR,High,Net30,V5742,Software Innovators,Maintenance,4.1,False,EMP3198,Facilities,CC579,1,INV-139286,2025-04-30,5333.98,Paid,Credit Card,Completed,2025-05-04,205.7
PO109717,Create Payment,2025-05-05 11:05:27,Susan Clark,Ap Clerk,Standard,5457.96,EUR,High,Net30,V5742,Software Innovators,Maintenance,4.1,False,EMP3198,Facilities,CC579,1,INV-139286,2025-04-30,5333.98,Paid,Credit Card,Completed,2025-05-04,205.7
PO109717,Authorize Payment,2025-05-05 11:34:15,Director Johnson,Approver,Standard,5457.96,EUR,High,Net30,V5742,Software Innovators,Maintenance,4.1,False,EMP3198,Facilities,CC579,1,INV-139286,2025-04-30,5333.98,Paid,Credit Card,Completed,2025-05-04,205.7
PO109717,Update Customer Balance,2025-05-05 12:00:28,ERP System,System,Standard,5457.96,EUR,High,Net30,V5742,Software Innovators,Maintenance,4.1,False,EMP3198,Facilities,CC579,1,INV-139286,2025-04-30,5333.98,Paid,Credit Card,Completed,2025-05-04,205.7
PO109717,Verify Successful Payment,2025-05-05 12:06:25,ERP System,System,Standard,5457.96,EUR,High,Net30,V5742,Software Innovators,Maintenance,4.1,False,EMP3198,Facilities,CC579,1,INV-139286,2025-04-30,5333.98,Paid,Credit Card,Completed,2025-05-04,205.7
PO785436,Place Order,2025-05-04 14:00:00,Priya Patel,Requester,Standard,371751.26,USD,Medium,Net30,V1187,Premier Equipment Ltd,Services,4.0,False,EMP2923,Engineering,CC402,3,INV-374258,2025-05-02,366827.19,Paid,Bank Transfer,Completed,2025-05-04,0.0
PO785436,Receive Order,2025-05-05 08:25:50,Anna Schmidt,Buyer,Standard,371751.26,USD,Medium,Net30,V1187,Premier Equipment Ltd,Services,4.0,False,EMP2923,Engineering,CC402,3,INV-374258,2025-05-02,366827.19,Paid,Bank Transfer,Completed,2025-05-04,0.0
PO785436,Process Order,2025-05-05 08:40:04,Carlos Rodriguez,Buyer,Standard,371751.26,USD,Medium,Net30,V1187,Premier Equipment Ltd,Services,4.0,False,EMP2923,Engineering,CC402,3,INV-374258,2025-05-02,366827.19,Paid,Bank Transfer,Completed,2025-05-04,0.0
PO785436,Receive Invoice,2025-05-05 09:46:15,Invoice System,System,Standard,371751.26,USD,Medium,Net30,V1187,Premier Equipment Ltd,Services,4.0,False,EMP2923,Engineering,CC402,3,INV-374258,2025-05-02,366827.19,Paid,Bank Transfer,Completed,2025-05-04,0.0
PO785436,Review Invoice,2025-05-05 09:53:02,Michelle Kim,Ap Clerk,Standard,371751.26,USD,Medium,Net30,V1187,Premier Equipment Ltd,Services,4.0,False,EMP2923,Engineering,CC402,3,INV-374258,2025-05-02,366827.19,Paid,Bank Transfer,Completed,2025-05-04,0.0
PO785436,Create Payment,2025-05-05 10:59:09,Susan Clark,Ap Clerk,Standard,371751.26,USD,Medium,Net30,V1187,Premier Equipment Ltd,Services,4.0,False,EMP2923,Engineering,CC402,3,INV-374258,2025-05-02,366827.19,Paid,Bank Transfer,Completed,2025-05-04,0.0
PO785436,Authorize Payment,2025-05-05 11:29:27,VP Chen,Approver,Standard,371751.26,USD,Medium,Net30,V1187,Premier Equipment Ltd,Services,4.0,False,EMP2923,Engineering,CC402,3,INV-374258,2025-05-02,366827.19,Paid,Bank Transfer,Completed,2025-05-04,0.0
PO785436,Update Customer Balance,2025-05-05 11:54:23,Invoice System,System,Standard,371751.26,USD,Medium,Net30,V1187,Premier Equipment Ltd,Services,4.0,False,EMP2923,Engineering,CC402,3,INV-374258,2025-05-02,366827.19,Paid,Bank Transfer,Completed,2025-05-04,0.0
PO785436,Verify Successful Payment,2025-05-05 11:59:27,Invoice System,System,Standard,371751.26,USD,Medium,Net30,V1187,Premier Equipment Ltd,Services,4.0,False,EMP2923,Engineering,CC402,3,INV-374258,2025-05-02,366827.19,Paid,Bank Transfer,Completed,2025-05-04,0.0
PO221886,Place Order,2025-05-04 14:00:00,Tom Anderson,Requester,Standard,334.51,EUR,Medium,Immediate,V9525,Software Innovators,Software,3.9,False,EMP8484,Marketing,CC672,1,INV-563303,2025-04-30,333.25,Paid,Credit Card,Completed,2025-05-04,0.0
PO221886,Receive Order,2025-05-05 08:27:03,Robert Taylor,Buyer,Standard,334.51,EUR,Medium,Immediate,V9525,Software Innovators,Software,3.9,False,EMP8484,Marketing,CC672,1,INV-563303,2025-04-30,333.25,Paid,Credit Card,Completed,2025-05-04,0.0
PO221886,Process Order,2025-05-05 08:40:21,Robert Taylor,Buyer,Standard,334.51,EUR,Medium,Immediate,V9525,Software Innovators,Software,3.9,False,EMP8484,Marketing,CC672,1,INV-563303,2025-04-30,333.25,Paid,Credit Card,Completed,2025-05-04,0.0
PO221886,Receive Invoice,2025-05-05 09:38:31,Invoice System,System,Standard,334.51,EUR,Medium,Immediate,V9525,Software Innovators,Software,3.9,False,EMP8484,Marketing,CC672,1,INV-563303,2025-04-30,333.25,Paid,Credit Card,Completed,2025-05-04,0.0
PO221886,Review Invoice,2025-05-05 09:43:28,Susan Clark,Ap Clerk,Standard,334.51,EUR,Medium,Immediate,V9525,Software Innovators,Software,3.9,False,EMP8484,Marketing,CC672,1,INV-563303,2025-04-30,333.25,Paid,Credit Card,Completed,2025-05-04,0.0
PO221886,Create Payment,2025-05-05 10:55:08,James White,Ap Clerk,Standard,334.51,EUR,Medium,Immediate,V9525,Software Innovators,Software,3.9,False,EMP8484,Marketing,CC672,1,INV-563303,2025-04-30,333.25,Paid,Credit Card,Completed,2025-05-04,0.0
PO221886,Authorize Payment,2025-05-05 11:24:03,Manager Williams,Approver,Standard,334.51,EUR,Medium,Immediate,V9525,Software Innovators,Software,3.9,False,EMP8484,Marketing,CC672,1,INV-563303,2025-04-30,333.25,Paid,Credit Card,Completed,2025-05-04,0.0
PO221886,Update Customer Balance,2025-05-05 11:57:14,Invoice System,System,Standard,334.51,EUR,Medium,Immediate,V9525,Software Innovators,Software,3.9,False,EMP8484,Marketing,CC672,1,INV-563303,2025-04-30,333.25,Paid,Credit Card,Completed,2025-05-04,0.0
PO221886,Verify Successful Payment,2025-05-05 12:03:35,Payment Gateway,System,Standard,334.51,EUR,Medium,Immediate,V9525,Software Innovators,Software,3.9,False,EMP8484,Marketing,CC672,1,INV-563303,2025-04-30,333.25,Paid,Credit Card,Completed,2025-05-04,0.0
PO793939,Place Order,2025-05-04 14:00:00,Tom Anderson,Requester,Blanket,43974.29,USD,High,Net30,V2314,Equipment Express,Services,3.3,True,EMP1056,Facilities,CC405,2,INV-815894,2025-05-03,43811.6,Paid,Credit Card,Completed,2025-05-04,97.26
PO793939,Receive Order,2025-05-05 08:33:52,Robert Taylor,Buyer,Blanket,43974.29,USD,High,Net30,V2314,Equipment Express,Services,3.3,True,EMP1056,Facilities,CC405,2,INV-815894,2025-05-03,43811.6,Paid,Credit Card,Completed,2025-05-04,97.26
PO793939,Process Order,2025-05-05 08:47:57,Robert Taylor,Buyer,Blanket,43974.29,USD,High,Net30,V2314,Equipment Express,Services,3.3,True,EMP1056,Facilities,CC405,2,INV-815894,2025-05-03,43811.6,Paid,Credit Card,Completed,2025-05-04,97.26
PO793939,Receive Invoice,2025-05-05 09:58:27,Invoice System,System,Blanket,43974.29,USD,High,Net30,V2314,Equipment Express,Services,3.3,True,EMP1056,Facilities,CC405,2,INV-815894,2025-05-03,43811.6,Paid,Credit Card,Completed,2025-05-04,97.26
PO793939,Review Invoice,2025-05-05 10:05:05,Paul Martinez,Ap Clerk,Blanket,43974.29,USD,High,Net30,V2314,Equipment Express,Services,3.3,True,EMP1056,Facilities,CC405,2,INV-815894,2025-05-03,43811.6,Paid,Credit Card,Completed,2025-05-04,97.26
PO793939,Create Payment,2025-05-05 11:08:56,Susan Clark,Ap Clerk,Blanket,43974.29,USD,High,Net30,V2314,Equipment Express,Services,3.3,True,EMP1056,Facilities,CC405,2,INV-815894,2025-05-03,43811.6,Paid,Credit Card,Completed,2025-05-04,97.26
PO793939,Authorize Payment,2025-05-05 11:35:49,Director Johnson,Approver,Blanket,43974.29,USD,High,Net30,V2314,Equipment Express,Services,3.3,True,EMP1056,Facilities,CC405,2,INV-815894,2025-05-03,43811.6,Paid,Credit Card,Completed,2025-05-04,97.26
PO793939,Update Customer Balance,2025-05-05 12:01:02,ERP System,System,Blanket,43974.29,USD,High,Net30,V2314,Equipment Express,Services,3.3,True,EMP1056,Facilities,CC405,2,INV-815894,2025-05-03,43811.6,Paid,Credit Card,Completed,2025-05-04,97.26
PO793939,Verify Successful Payment,2025-05-05 12:06:54,Invoice System,System,Blanket,43974.29,USD,High,Net30,V2314,Equipment Express,Services,3.3,True,EMP1056,Facilities,CC405,2,INV-815894,2025-05-03,43811.6,Paid,Credit Card,Completed,2025-05-04,97.26
PO628373,Place Order,2025-05-04 14:00:00,Ahmed Al-Rashid,Requester,Contract,5857.3,USD,High,Net60,V1924,Service Specialists,Materials,4.3,False,EMP4881,IT,CC246,1,INV-246942,2025-04-28,6141.79,Paid,Bank Transfer,Completed,2025-05-04,135.6
PO628373,Receive Order,2025-05-05 08:24:43,Jennifer Lee,Buyer,Contract,5857.3,USD,High,Net60,V1924,Service Specialists,Materials,4.3,False,EMP4881,IT,CC246,1,INV-246942,2025-04-28,6141.79,Paid,Bank Transfer,Completed,2025-05-04,135.6
PO628373,Process Order,2025-05-05 08:40:29,Carlos Rodriguez,Buyer,Contract,5857.3,USD,High,Net60,V1924,Service Specialists,Materials,4.3,False,EMP4881,IT,CC246,1,INV-246942,2025-04-28,6141.79,Paid,Bank Transfer,Completed,2025-05-04,135.6
PO628373,Receive Invoice,2025-05-05 09:29:36,Payment Gateway,System,Contract,5857.3,USD,High,Net60,V1924,Service Specialists,Materials,4.3,False,EMP4881,IT,CC246,1,INV-246942,2025-04-28,6141.79,Paid,Bank Transfer,Completed,2025-05-04,135.6
PO628373,Review Invoice,2025-05-05 09:36:40,Michelle Kim,Ap Clerk,Contract,5857.3,USD,High,Net60,V1924,Service Specialists,Materials,4.3,False,EMP4881,IT,CC246,1,INV-246942,2025-04-28,6141.79,Paid,Bank Transfer,Completed,2025-05-04,135.6
PO628373,Create Payment,2025-05-05 10:32:19,Susan Clark,Ap Clerk,Contract,5857.3,USD,High,Net60,V1924,Service Specialists,Materials,4.3,False,EMP4881,IT,CC246,1,INV-246942,2025-04-28,6141.79,Paid,Bank Transfer,Completed,2025-05-04,135.6
PO628373,Authorize Payment,2025-05-05 10:59:55,Manager Williams,Approver,Contract,5857.3,USD,High,Net60,V1924,Service Specialists,Materials,4.3,False,EMP4881,IT,CC246,1,INV-246942,2025-04-28,6141.79,Paid,Bank Transfer,Completed,2025-05-04,135.6
PO628373,Update Customer Balance,2025-05-05 11:32:58,Payment Gateway,System,Contract,5857.3,USD,High,Net60,V1924,Service Specialists,Materials,4.3,False,EMP4881,IT,CC246,1,INV-246942,2025-04-28,6141.79,Paid,Bank Transfer,Completed,2025-05-04,135.6
PO628373,Verify Successful Payment,2025-05-05 11:38:21,ERP System,System,Contract,5857.3,USD,High,Net60,V1924,Service Specialists,Materials,4.3,False,EMP4881,IT,CC246,1,INV-246942,2025-04-28,6141.79,Paid,Bank Transfer,Completed,2025-05-04,135.6
PO655736,Place Order,2025-05-04 14:00:00,Sarah Wilson,Requester,Standard,418.14,USD,Low,Net60,V7824,Software Innovators,Software,3.2,True,EMP1844,IT,CC789,1,INV-684357,2025-05-01,422.53,Paid,Bank Transfer,Completed,2025-05-04,10.72
PO655736,Receive Order,2025-05-05 08:29:45,Emily Davis,Buyer,Standard,418.14,USD,Low,Net60,V7824,Software Innovators,Software,3.2,True,EMP1844,IT,CC789,1,INV-684357,2025-05-01,422.53,Paid,Bank Transfer,Completed,2025-05-04,10.72
PO655736,Process Order,2025-05-05 08:43:34,Jennifer Lee,Buyer,Standard,418.14,USD,Low,Net60,V7824,Software Innovators,Software,3.2,True,EMP1844,IT,CC789,1,INV-684357,2025-05-01,422.53,Paid,Bank Transfer,Completed,2025-05-04,10.72
PO655736,Receive Invoice,2025-05-05 09:54:03,Invoice System,System,Standard,418.14,USD,Low,Net60,V7824,Software Innovators,Software,3.2,True,EMP1844,IT,CC789,1,INV-684357,2025-05-01,422.53,Paid,Bank Transfer,Completed,2025-05-04,10.72
PO655736,Review Invoice,2025-05-05 09:59:08,James White,Ap Clerk,Standard,418.14,USD,Low,Net60,V7824,Software Innovators,Software,3.2,True,EMP1844,IT,CC789,1,INV-684357,2025-05-01,422.53,Paid,Bank Transfer,Completed,2025-05-04,10.72
PO655736,Create Payment,2025-05-05 11:09:05,Michelle Kim,Ap Clerk,Standard,418.14,USD,Low,Net60,V7824,Software Innovators,Software,3.2,True,EMP1844,IT,CC789,1,INV-684357,2025-05-01,422.53,Paid,Bank Transfer,Completed,2025-05-04,10.72
PO655736,Authorize Payment,2025-05-05 11:35:32,Manager Williams,Approver,Standard,418.14,USD,Low,Net60,V7824,Software Innovators,Software,3.2,True,EMP1844,IT,CC789,1,INV-684357,2025-05-01,422.53,Paid,Bank Transfer,Completed,2025-05-04,10.72
PO655736,Update Customer Balance,2025-05-05 12:06:10,Payment Gateway,System,Standard,418.14,USD,Low,Net60,V7824,Software Innovators,Software,3.2,True,EMP1844,IT,CC789,1,INV-684357,2025-05-01,422.53,Paid,Bank Transfer,Completed,2025-05-04,10.72
PO655736,Verify Successful Payment,2025-05-05 12:11:53,Invoice System,System,Standard,418.14,USD,Low,Net60,V7824,Software Innovators,Software,3.2,True,EMP1844,IT,CC789,1,INV-684357,2025-05-01,422.53,Paid,Bank Transfer,Completed,2025-05-04,10.72
PO980521,Place Order,2025-05-04 14:00:00,Lisa Johnson,Requester,Standard,1887.38,USD,Medium,Net30,V8692,Industrial Materials Co,Materials,3.0,False,EMP5836,Operations,CC437,1,INV-898625,2025-04-27,1836.42,Paid,Bank Transfer,Completed,2025-05-04,0.0
PO980521,Receive Order,2025-05-05 08:27:05,Carlos Rodriguez,Buyer,Standard,1887.38,USD,Medium,Net30,V8692,Industrial Materials Co,Materials,3.0,False,EMP5836,Operations,CC437,1,INV-898625,2025-04-27,1836.42,Paid,Bank Transfer,Completed,2025-05-04,0.0
PO980521,Process Order,2025-05-05 08:41:51,Emily Davis,Buyer,Standard,1887.38,USD,Medium,Net30,V8692,Industrial Materials Co,Materials,3.0,False,EMP5836,Operations,CC437,1,INV-898625,2025-04-27,1836.42,Paid,Bank Transfer,Completed,2025-05-04,0.0
PO980521,Receive Invoice,2025-05-05 09:33:54,Invoice System,System,Standard,1887.38,USD,Medium,Net30,V8692,Industrial Materials Co,Materials,3.0,False,EMP5836,Operations,CC437,1,INV-898625,2025-04-27,1836.42,Paid,Bank Transfer,Completed,2025-05-04,0.0
PO980521,Review Invoice,2025-05-05 09:40:01,Paul Martinez,Ap Clerk,Standard,1887.38,USD,Medium,Net30,V8692,Industrial Materials Co,Materials,3.0,False,EMP5836,Operations,CC437,1,INV-898625,2025-04-27,1836.42,Paid,Bank Transfer,Completed,2025-05-04,0.0
PO980521,Create Payment,2025-05-05 10:49:22,Susan Clark,Ap Clerk,Standard,1887.38,USD,Medium,Net30,V8692,Industrial Materials Co,Materials,3.0,False,EMP5836,Operations,CC437,1,INV-898625,2025-04-27,1836.42,Paid,Bank Transfer,Completed,2025-05-04,0.0
PO980521,Authorize Payment,2025-05-05 11:19:39,Director Johnson,Approver,Standard,1887.38,USD,Medium,Net30,V8692,Industrial Materials Co,Materials,3.0,False,EMP5836,Operations,CC437,1,INV-898625,2025-04-27,1836.42,Paid,Bank Transfer,Completed,2025-05-04,0.0
PO980521,Update Customer Balance,2025-05-05 11:55:00,Invoice System,System,Standard,1887.38,USD,Medium,Net30,V8692,Industrial Materials Co,Materials,3.0,False,EMP5836,Operations,CC437,1,INV-898625,2025-04-27,1836.42,Paid,Bank Transfer,Completed,2025-05-04,0.0
PO980521,Verify Successful Payment,2025-05-05 11:59:55,ERP System,System,Standard,1887.38,USD,Medium,Net30,V8692,Industrial Materials Co,Materials,3.0,False,EMP5836,Operations,CC437,1,INV-898625,2025-04-27,1836.42,Paid,Bank Transfer,Completed,2025-05-04,0.0
PO578160,Place Order,2025-05-04 14:00:00,Tom Anderson,Requester,Standard,159.37,EUR,Medium,Net60,V4583,Software Innovators,Materials,3.0,False,EMP1194,Operations,CC839,1,INV-630299,2025-05-03,155.78,Paid,Check,Completed,2025-05-04,0.0
PO578160,Receive Order,2025-05-05 08:33:40,Michael Brown,Buyer,Standard,159.37,EUR,Medium,Net60,V4583,Software Innovators,Materials,3.0,False,EMP1194,Operations,CC839,1,INV-630299,2025-05-03,155.78,Paid,Check,Completed,2025-05-04,0.0
PO578160,Process Order,2025-05-05 08:51:10,Jennifer Lee,Buyer,Standard,159.37,EUR,Medium,Net60,V4583,Software Innovators,Materials,3.0,False,EMP1194,Operations,CC839,1,INV-630299,2025-05-03,155.78,Paid,Check,Completed,2025-05-04,0.0
PO578160,Receive Invoice,2025-05-05 09:43:47,Invoice System,System,Standard,159.37,EUR,Medium,Net60,V4583,Software Innovators,Materials,3.0,False,EMP1194,Operations,CC839,1,INV-630299,2025-05-03,155.78,Paid,Check,Completed,2025-05-04,0.0
PO578160,Review Invoice,2025-05-05 09:49:11,James White,Ap Clerk,Standard,159.37,EUR,Medium,Net60,V4583,Software Innovators,Materials,3.0,False,EMP1194,Operations,CC839,1,INV-630299,2025-05-03,155.78,Paid,Check,Completed,2025-05-04,0.0
PO578160,Create Payment,2025-05-05 10:39:05,James White,Ap Clerk,Standard,159.37,EUR,Medium,Net60,V4583,Software Innovators,Materials,3.0,False,EMP1194,Operations,CC839,1,INV-630299,2025-05-03,155.78,Paid,Check,Completed,2025-05-04,0.0
PO578160,Authorize Payment,2025-05-05 11:09:52,Manager Williams,Approver,Standard,159.37,EUR,Medium,Net60,V4583,Software Innovators,Materials,3.0,False,EMP1194,Operations,CC839,1,INV-630299,2025-05-03,155.78,Paid,Check,Completed,2025-05-04,0.0
PO578160,Update Customer Balance,2025-05-05 11:37:28,ERP System,System,Standard,159.37,EUR,Medium,Net60,V4583,Software Innovators,Materials,3.0,False,EMP1194,Operations,CC839,1,INV-630299,2025-05-03,155.78,Paid,Check,Completed,2025-05-04,0.0
PO578160,Verify Successful Payment,2025-05-05 11:43:50,Invoice System,System,Standard,159.37,EUR,Medium,Net60,V4583,Software Innovators,Materials,3.0,False,EMP1194,Operations,CC839,1,INV-630299,2025-05-03,155.78,Paid,Check,Completed,2025-05-04,0.0
PO279708,Place Order,2025-05-04 14:00:00,Maria Garcia,Requester,Standard,5283.57,GBP,Medium,Net30,V1154,Global Tech Solutions,Software,4.8,True,EMP4463,Sales,CC808,1,INV-836986,2025-04-29,5488.34,Paid,Bank Transfer,Completed,2025-05-04,0.0
PO279708,Receive Order,2025-05-05 08:32:12,Robert Taylor,Buyer,Standard,5283.57,GBP,Medium,Net30,V1154,Global Tech Solutions,Software,4.8,True,EMP4463,Sales,CC808,1,INV-836986,2025-04-29,5488.34,Paid,Bank Transfer,Completed,2025-05-04,0.0
PO279708,Process Order,2025-05-05 08:47:28,Jennifer Lee,Buyer,Standard,5283.57,GBP,Medium,Net30,V1154,Global Tech Solutions,Software,4.8,True,EMP4463,Sales,CC808,1,INV-836986,2025-04-29,5488.34,Paid,Bank Transfer,Completed,2025-05-04,0.0
PO279708,Receive Invoice,2025-05-05 09:57:45,Payment Gateway,System,Standard,5283.57,GBP,Medium,Net30,V1154,Global Tech Solutions,Software,4.8,True,EMP4463,Sales,CC808,1,INV-836986,2025-04-29,5488.34,Paid,Bank Transfer,Completed,2025-05-04,0.0
PO279708,Review Invoice,2025-05-05 10:02:35,Paul Martinez,Ap Clerk,Standard,5283.57,GBP,Medium,Net30,V1154,Global Tech Solutions,Software,4.8,True,EMP4463,Sales,CC808,1,INV-836986,2025-04-29,5488.34,Paid,Bank Transfer,Completed,2025-05-04,0.0
PO279708,Create Payment,2025-05-05 10:54:03,James White,Ap Clerk,Standard,5283.57,GBP,Medium,Net30,V1154,Global Tech Solutions,Software,4.8,True,EMP4463,Sales,CC808,1,INV-836986,2025-04-29,5488.34,Paid,Bank Transfer,Completed,2025-05-04,0.0
PO279708,Authorize Payment,2025-05-05 11:29:12,VP Chen,Approver,Standard,5283.57,GBP,Medium,Net30,V1154,Global Tech Solutions,Software,4.8,True,EMP4463,Sales,CC808,1,INV-836986,2025-04-29,5488.34,Paid,Bank Transfer,Completed,2025-05-04,0.0
PO279708,Update Customer Balance,2025-05-05 11:55:09,ERP System,System,Standard,5283.57,GBP,Medium,Net30,V1154,Global Tech Solutions,Software,4.8,True,EMP4463,Sales,CC808,1,INV-836986,2025-04-29,5488.34,Paid,Bank Transfer,Completed,2025-05-04,0.0
PO279708,Verify Successful Payment,2025-05-05 12:01:18,Payment Gateway,System,Standard,5283.57,GBP,Medium,Net30,V1154,Global Tech Solutions,Software,4.8,True,EMP4463,Sales,CC808,1,INV-836986,2025-04-29,5488.34,Paid,Bank Transfer,Completed,2025-05-04,0.0
PO881667,Place Order,2025-05-04 14:00:00,Tom Anderson,Requester,Contract,22595.41,USD,Medium,Net15,V2284,TechStart Solutions,Materials,4.2,False,EMP6347,Operations,CC379,2,INV-625119,2025-05-03,23236.1,Paid,Bank Transfer,Completed,2025-05-04,507.09
PO881667,Receive Order,2025-05-05 08:29:10,Carlos Rodriguez,Buyer,Contract,22595.41,USD,Medium,Net15,V2284,TechStart Solutions,Materials,4.2,False,EMP6347,Operations,CC379,2,INV-625119,2025-05-03,23236.1,Paid,Bank Transfer,Completed,2025-05-04,507.09
PO881667,Process Order,2025-05-05 08:41:41,Jennifer Lee,Buyer,Contract,22595.41,USD,Medium,Net15,V2284,TechStart Solutions,Materials,4.2,False,EMP6347,Operations,CC379,2,INV-625119,2025-05-03,23236.1,Paid,Bank Transfer,Completed,2025-05-04,507.09
PO881667,Receive Invoice,2025-05-05 09:46:48,ERP System,System,Contract,22595.41,USD,Medium,Net15,V2284,TechStart Solutions,Materials,4.2,False,EMP6347,Operations,CC379,2,INV-625119,2025-05-03,23236.1,Paid,Bank Transfer,Completed,2025-05-04,507.09
PO881667,Review Invoice,2025-05-05 09:52:15,Michelle Kim,Ap Clerk,Contract,22595.41,USD,Medium,Net15,V2284,TechStart Solutions,Materials,4.2,False,EMP6347,Operations,CC379,2,INV-625119,2025-05-03,23236.1,Paid,Bank Transfer,Completed,2025-05-04,507.09
PO881667,Create Payment,2025-05-05 10:43:57,James White,Ap Clerk,Contract,22595.41,USD,Medium,Net15,V2284,TechStart Solutions,Materials,4.2,False,EMP6347,Operations,CC379,2,INV-625119,2025-05-03,23236.1,Paid,Bank Transfer,Completed,2025-05-04,507.09
PO881667,Authorize Payment,2025-05-05 11:09:14,Director Johnson,Approver,Contract,22595.41,USD,Medium,Net15,V2284,TechStart Solutions,Materials,4.2,False,EMP6347,Operations,CC379,2,INV-625119,2025-05-03,23236.1,Paid,Bank Transfer,Completed,2025-05-04,507.09
PO881667,Update Customer Balance,2025-05-05 11:44:33,Payment Gateway,System,Contract,22595.41,USD,Medium,Net15,V2284,TechStart Solutions,Materials,4.2,False,EMP6347,Operations,CC379,2,INV-625119,2025-05-03,23236.1,Paid,Bank Transfer,Completed,2025-05-04,507.09
PO881667,Verify Successful Payment,2025-05-05 11:50:12,Payment Gateway,System,Contract,22595.41,USD,Medium,Net15,V2284,TechStart Solutions,Materials,4.2,False,EMP6347,Operations,CC379,2,INV-625119,2025-05-03,23236.1,Paid,Bank Transfer,Completed,2025-05-04,507.09
PO471106,Place Order,2025-05-04 14:00:00,Ahmed Al-Rashid,Requester,Standard,4671.99,USD,Medium,Immediate,V1430,Acme Supplies Inc,Services,3.8,True,EMP4977,Marketing,CC273,1,INV-193972,2025-04-27,4758.57,Paid,Bank Transfer,Completed,2025-05-04,0.0
PO471106,Receive Order,2025-05-05 08:29:55,Robert Taylor,Buyer,Standard,4671.99,USD,Medium,Immediate,V1430,Acme Supplies Inc,Services,3.8,True,EMP4977,Marketing,CC273,1,INV-193972,2025-04-27,4758.57,Paid,Bank Transfer,Completed,2025-05-04,0.0
PO471106,Process Order,2025-05-05 08:44:31,Carlos Rodriguez,Buyer,Standard,4671.99,USD,Medium,Immediate,V1430,Acme Supplies Inc,Services,3.8,True,EMP4977,Marketing,CC273,1,INV-193972,2025-04-27,4758.57,Paid,Bank Transfer,Completed,2025-05-04,0.0
PO471106,Receive Invoice,2025-05-05 09:51:18,Payment Gateway,System,Standard,4671.99,USD,Medium,Immediate,V1430,Acme Supplies Inc,Services,3.8,True,EMP4977,Marketing,CC273,1,INV-193972,2025-04-27,4758.57,Paid,Bank Transfer,Completed,2025-05-04,0.0
PO471106,Review Invoice,2025-05-05 09:56:42,Paul Martinez,Ap Clerk,Standard,4671.99,USD,Medium,Immediate,V1430,Acme Supplies Inc,Services,3.8,True,EMP4977,Marketing,CC273,1,INV-193972,2025-04-27,4758.57,Paid,Bank Transfer,Completed,2025-05-04,0.0
PO471106,Create Payment,2025-05-05 10:59:42,Susan Clark,Ap Clerk,Standard,4671.99,USD,Medium,Immediate,V1430,Acme Supplies Inc,Services,3.8,True,EMP4977,Marketing,CC273,1,INV-193972,2025-04-27,4758.57,Paid,Bank Transfer,Completed,2025-05-04,0.0
PO471106,Authorize Payment,2025-05-05 11:29:12,Manager Williams,Approver,Standard,4671.99,USD,Medium,Immediate,V1430,Acme Supplies Inc,Services,3.8,True,EMP4977,Marketing,CC273,1,INV-193972,2025-04-27,4758.57,Paid,Bank Transfer,Completed,2025-05-04,0.0
PO471106,Update Customer Balance,2025-05-05 11:56:51,Payment Gateway,System,Standard,4671.99,USD,Medium,Immediate,V1430,Acme Supplies Inc,Services,3.8,True,EMP4977,Marketing,CC273,1,INV-193972,2025-04-27,4758.57,Paid,Bank Transfer,Completed,2025-05-04,0.0
PO471106,Verify Successful Payment,2025-05-05 12:02:27,Invoice System,System,Standard,4671.99,USD,Medium,Immediate,V1430,Acme Supplies Inc,Services,3.8,True,EMP4977,Marketing,CC273,1,INV-193972,2025-04-27,4758.57,Paid,Bank Transfer,Completed,2025-05-04,0.0
PO436241,Place Order,2025-05-04 14:00:00,Sarah Wilson,Requester,Standard,8338.46,EUR,Medium,Net30,V3230,Maintenance Masters,Maintenance,3.6,False,EMP4971,IT,CC387,1,INV-415029,2025-05-03,8602.37,Paid,Bank Transfer,Completed,2025-05-04,0.0
PO436241,Receive Order,2025-05-05 08:31:06,Anna Schmidt,Buyer,Standard,8338.46,EUR,Medium,Net30,V3230,Maintenance Masters,Maintenance,3.6,False,EMP4971,IT,CC387,1,INV-415029,2025-05-03,8602.37,Paid,Bank Transfer,Completed,2025-05-04,0.0
PO436241,Process Order,2025-05-05 08:43:16,Jennifer Lee,Buyer,Standard,8338.46,EUR,Medium,Net30,V3230,Maintenance Masters,Maintenance,3.6,False,EMP4971,IT,CC387,1,INV-415029,2025-05-03,8602.37,Paid,Bank Transfer,Completed,2025-05-04,0.0
PO436241,Receive Invoice,2025-05-05 09:41:47,Payment Gateway,System,Standard,8338.46,EUR,Medium,Net30,V3230,Maintenance Masters,Maintenance,3.6,False,EMP4971,IT,CC387,1,INV-415029,2025-05-03,8602.37,Paid,Bank Transfer,Completed,2025-05-04,0.0
PO436241,Review Invoice,2025-05-05 09:48:35,Paul Martinez,Ap Clerk,Standard,8338.46,EUR,Medium,Net30,V3230,Maintenance Masters,Maintenance,3.6,False,EMP4971,IT,CC387,1,INV-415029,2025-05-03,8602.37,Paid,Bank Transfer,Completed,2025-05-04,0.0
PO436241,Create Payment,2025-05-05 10:56:55,Michelle Kim,Ap Clerk,Standard,8338.46,EUR,Medium,Net30,V3230,Maintenance Masters,Maintenance,3.6,False,EMP4971,IT,CC387,1,INV-415029,2025-05-03,8602.37,Paid,Bank Transfer,Completed,2025-05-04,0.0
PO436241,Authorize Payment,2025-05-05 11:26:55,VP Chen,Approver,Standard,8338.46,EUR,Medium,Net30,V3230,Maintenance Masters,Maintenance,3.6,False,EMP4971,IT,CC387,1,INV-415029,2025-05-03,8602.37,Paid,Bank Transfer,Completed,2025-05-04,0.0
PO436241,Update Customer Balance,2025-05-05 11:53:49,Invoice System,System,Standard,8338.46,EUR,Medium,Net30,V3230,Maintenance Masters,Maintenance,3.6,False,EMP4971,IT,CC387,1,INV-415029,2025-05-03,8602.37,Paid,Bank Transfer,Completed,2025-05-04,0.0
PO436241,Verify Successful Payment,2025-05-05 11:58:59,Payment Gateway,System,Standard,8338.46,EUR,Medium,Net30,V3230,Maintenance Masters,Maintenance,3.6,False,EMP4971,IT,CC387,1,INV-415029,2025-05-03,8602.37,Paid,Bank Transfer,Completed,2025-05-04,0.0
PO825309,Place Order,2025-05-04 14:00:00,Tom Anderson,Requester,Standard,6239.61,USD,Critical,Net15,V9755,Equipment Express,Materials,4.8,True,EMP5067,Engineering,CC463,1,INV-631221,2025-05-03,6031.42,Paid,Credit Card,Completed,2025-05-04,0.0
PO825309,Receive Order,2025-05-05 08:35:36,Robert Taylor,Buyer,Standard,6239.61,USD,Critical,Net15,V9755,Equipment Express,Materials,4.8,True,EMP5067,Engineering,CC463,1,INV-631221,2025-05-03,6031.42,Paid,Credit Card,Completed,2025-05-04,0.0
PO825309,Process Order,2025-05-05 08:52:22,Robert Taylor,Buyer,Standard,6239.61,USD,Critical,Net15,V9755,Equipment Express,Materials,4.8,True,EMP5067,Engineering,CC463,1,INV-631221,2025-05-03,6031.42,Paid,Credit Card,Completed,2025-05-04,0.0
PO825309,Receive Invoice,2025-05-05 09:42:44,ERP System,System,Standard,6239.61,USD,Critical,Net15,V9755,Equipment Express,Materials,4.8,True,EMP5067,Engineering,CC463,1,INV-631221,2025-05-03,6031.42,Paid,Credit Card,Completed,2025-05-04,0.0
PO825309,Review Invoice,2025-05-05 09:48:46,Michelle Kim,Ap Clerk,Standard,6239.61,USD,Critical,Net15,V9755,Equipment Express,Materials,4.8,True,EMP5067,Engineering,CC463,1,INV-631221,2025-05-03,6031.42,Paid,Credit Card,Completed,2025-05-04,0.0
PO825309,Create Payment,2025-05-05 10:53:16,Paul Martinez,Ap Clerk,Standard,6239.61,USD,Critical,Net15,V9755,Equipment Express,Materials,4.8,True,EMP5067,Engineering,CC463,1,INV-631221,2025-05-03,6031.42,Paid,Credit Card,Completed,2025-05-04,0.0
PO825309,Authorize Payment,2025-05-05 11:21:45,CFO Anderson,Approver,Standard,6239.61,USD,Critical,Net15,V9755,Equipment Express,Materials,4.8,True,EMP5067,Engineering,CC463,1,INV-631221,2025-05-03,6031.42,Paid,Credit Card,Completed,2025-05-04,0.0
PO825309,Update Customer Balance,2025-05-05 11:55:01,Invoice System,System,Standard,6239.61,USD,Critical,Net15,V9755,Equipment Express,Materials,4.8,True,EMP5067,Engineering,CC463,1,INV-631221,2025-05-03,6031.42,Paid,Credit Card,Completed,2025-05-04,0.0
PO825309,Verify Successful Payment,2025-05-05 12:01:29,ERP System,System,Standard,6239.61,USD,Critical,Net15,V9755,Equipment Express,Materials,4.8,True,EMP5067,Engineering,CC463,1,INV-631221,2025-05-03,6031.42,Paid,Credit Card,Completed,2025-05-04,0.0
PO971699,Place Order,2025-05-04 14:00:00,Maria Garcia,Requester,Blanket,920.42,USD,Medium,Net30,V2406,Industrial Materials Co,Services,3.7,True,EMP8178,Engineering,CC563,1,INV-221707,2025-04-30,903.75,Paid,Bank Transfer,Completed,2025-05-04,0.0
PO971699,Receive Order,2025-05-05 08:24:16,Robert Taylor,Buyer,Blanket,920.42,USD,Medium,Net30,V2406,Industrial Materials Co,Services,3.7,True,EMP8178,Engineering,CC563,1,INV-221707,2025-04-30,903.75,Paid,Bank Transfer,Completed,2025-05-04,0.0
PO971699,Process Order,2025-05-05 08:36:55,Jennifer Lee,Buyer,Blanket,920.42,USD,Medium,Net30,V2406,Industrial Materials Co,Services,3.7,True,EMP8178,Engineering,CC563,1,INV-221707,2025-04-30,903.75,Paid,Bank Transfer,Completed,2025-05-04,0.0
PO971699,Receive Invoice,2025-05-05 09:37:18,Invoice System,System,Blanket,920.42,USD,Medium,Net30,V2406,Industrial Materials Co,Services,3.7,True,EMP8178,Engineering,CC563,1,INV-221707,2025-04-30,903.75,Paid,Bank Transfer,Completed,2025-05-04,0.0
PO971699,Review Invoice,2025-05-05 09:42:29,James White,Ap Clerk,Blanket,920.42,USD,Medium,Net30,V2406,Industrial Materials Co,Services,3.7,True,EMP8178,Engineering,CC563,1,INV-221707,2025-04-30,903.75,Paid,Bank Transfer,Completed,2025-05-04,0.0
PO971699,Create Payment,2025-05-05 10:36:03,Susan Clark,Ap Clerk,Blanket,920.42,USD,Medium,Net30,V2406,Industrial Materials Co,Services,3.7,True,EMP8178,Engineering,CC563,1,INV-221707,2025-04-30,903.75,Paid,Bank Transfer,Completed,2025-05-04,0.0
PO971699,Authorize Payment,2025-05-05 11:02:17,CFO Anderson,Approver,Blanket,920.42,USD,Medium,Net30,V2406,Industrial Materials Co,Services,3.7,True,EMP8178,Engineering,CC563,1,INV-221707,2025-04-30,903.75,Paid,Bank Transfer,Completed,2025-05-04,0.0
PO971699,Update Customer Balance,2025-05-05 11:31:02,Invoice System,System,Blanket,920.42,USD,Medium,Net30,V2406,Industrial Materials Co,Services,3.7,True,EMP8178,Engineering,CC563,1,INV-221707,2025-04-30,903.75,Paid,Bank Transfer,Completed,2025-05-04,0.0
PO971699,Verify Successful Payment,2025-05-05 11:37:19,ERP System,System,Blanket,920.42,USD,Medium,Net30,V2406,Industrial Materials Co,Services,3.7,True,EMP8178,Engineering,CC563,1,INV-221707,2025-04-30,903.75,Paid,Bank Transfer,Completed,2025-05-04,0.0
PO206694,Place Order,2025-05-04 14:00:00,David Chen,Requester,Express,28520.4,USD,Medium,Net30,V2025,Global Tech Solutions,Services,4.7,False,EMP7367,Marketing,CC701,2,INV-705393,2025-05-02,27420.17,Paid,Bank Transfer,Completed,2025-05-04,0.0
PO206694,Receive Order,2025-05-05 08:33:45,Emily Davis,Buyer,Express,28520.4,USD,Medium,Net30,V2025,Global Tech Solutions,Services,4.7,False,EMP7367,Marketing,CC701,2,INV-705393,2025-05-02,27420.17,Paid,Bank Transfer,Completed,2025-05-04,0.0
PO206694,Process Order,2025-05-05 08:51:16,Jennifer Lee,Buyer,Express,28520.4,USD,Medium,Net30,V2025,Global Tech Solutions,Services,4.7,False,EMP7367,Marketing,CC701,2,INV-705393,2025-05-02,27420.17,Paid,Bank Transfer,Completed,2025-05-04,0.0
PO206694,Receive Invoice,2025-05-05 09:46:47,ERP System,System,Express,28520.4,USD,Medium,Net30,V2025,Global Tech Solutions,Services,4.7,False,EMP7367,Marketing,CC701,2,INV-705393,2025-05-02,27420.17,Paid,Bank Transfer,Completed,2025-05-04,0.0
PO206694,Review Invoice,2025-05-05 09:52:19,Paul Martinez,Ap Clerk,Express,28520.4,USD,Medium,Net30,V2025,Global Tech Solutions,Services,4.7,False,EMP7367,Marketing,CC701,2,INV-705393,2025-05-02,27420.17,Paid,Bank Transfer,Completed,2025-05-04,0.0
PO206694,Create Payment,2025-05-05 10:56:58,James White,Ap Clerk,Express,28520.4,USD,Medium,Net30,V2025,Global Tech Solutions,Services,4.7,False,EMP7367,Marketing,CC701,2,INV-705393,2025-05-02,27420.17,Paid,Bank Transfer,Completed,2025-05-04,0.0
PO206694,Authorize Payment,2025-05-05 11:28:07,CFO Anderson,Approver,Express,28520.4,USD,Medium,Net30,V2025,Global Tech Solutions,Services,4.7,False,EMP7367,Marketing,CC701,2,INV-705393,2025-05-02,27420.17,Paid,Bank Transfer,Completed,2025-05-04,0.0
PO206694,Update Customer Balance,2025-05-05 11:57:12,Payment Gateway,System,Express,28520.4,USD,Medium,Net30,V2025,Global Tech Solutions,Services,4.7,False,EMP7367,Marketing,CC701,2,INV-705393,2025-05-02,27420.17,Paid,Bank Transfer,Completed,2025-05-04,0.0
PO206694,Verify Successful Payment,2025-05-05 12:03:31,Invoice System,System,Express,28520.4,USD,Medium,Net30,V2025,Global Tech Solutions,Services,4.7,False,EMP7367,Marketing,CC701,2,INV-705393,2025-05-02,27420.17,Paid,Bank Transfer,Completed,2025-05-04,0.0
PO572908,Place Order,2025-05-04 14:00:00,John Smith,Requester,Standard,2262.53,GBP,Critical,Net30,V6154,Industrial Materials Co,Software,4.9,False,EMP7703,Engineering,CC525,1,INV-982885,2025-04-30,2310.08,Paid,Bank Transfer,Completed,2025-05-04,93.9
PO572908,Receive Order,2025-05-05 08:33:33,Robert Taylor,Buyer,Standard,2262.53,GBP,Critical,Net30,V6154,Industrial Materials Co,Software,4.9,False,EMP7703,Engineering,CC525,1,INV-982885,2025-04-30,2310.08,Paid,Bank Transfer,Completed,2025-05-04,93.9
PO572908,Process Order,2025-05-05 08:45:44,Robert Taylor,Buyer,Standard,2262.53,GBP,Critical,Net30,V6154,Industrial Materials Co,Software,4.9,False,EMP7703,Engineering,CC525,1,INV-982885,2025-04-30,2310.08,Paid,Bank Transfer,Completed,2025-05-04,93.9
PO572908,Receive Invoice,2025-05-05 09:40:40,Payment Gateway,System,Standard,2262.53,GBP,Critical,Net30,V6154,Industrial Materials Co,Software,4.9,False,EMP7703,Engineering,CC525,1,INV-982885,2025-04-30,2310.08,Paid,Bank Transfer,Completed,2025-05-04,93.9
PO572908,Review Invoice,2025-05-05 09:46:49,James White,Ap Clerk,Standard,2262.53,GBP,Critical,Net30,V6154,Industrial Materials Co,Software,4.9,False,EMP7703,Engineering,CC525,1,INV-982885,2025-04-30,2310.08,Paid,Bank Transfer,Completed,2025-05-04,93.9
PO572908,Create Payment,2025-05-05 10:48:01,Paul Martinez,Ap Clerk,Standard,2262.53,GBP,Critical,Net30,V6154,Industrial Materials Co,Software,4.9,False,EMP7703,Engineering,CC525,1,INV-982885,2025-04-30,2310.08,Paid,Bank Transfer,Completed,2025-05-04,93.9
PO572908,Authorize Payment,2025-05-05 11:13:23,VP Chen,Approver,Standard,2262.53,GBP,Critical,Net30,V6154,Industrial Materials Co,Software,4.9,False,EMP7703,Engineering,CC525,1,INV-982885,2025-04-30,2310.08,Paid,Bank Transfer,Completed,2025-05-04,93.9
PO572908,Update Customer Balance,2025-05-05 11:43:54,ERP System,System,Standard,2262.53,GBP,Critical,Net30,V6154,Industrial Materials Co,Software,4.9,False,EMP7703,Engineering,CC525,1,INV-982885,2025-04-30,2310.08,Paid,Bank Transfer,Completed,2025-05-04,93.9
PO572908,Verify Successful Payment,2025-05-05 11:50:31,Payment Gateway,System,Standard,2262.53,GBP,Critical,Net30,V6154,Industrial Materials Co,Software,4.9,False,EMP7703,Engineering,CC525,1,INV-982885,2025-04-30,2310.08,Paid,Bank Transfer,Completed,2025-05-04,93.9
PO375581,Place Order,2025-05-04 14:00:00,Lisa Johnson,Requester,Standard,36793.51,GBP,Medium,Net90,V1528,Industrial Materials Co,Equipment,4.5,False,EMP8015,Operations,CC242,2,INV-571578,2025-04-28,37841.57,Paid,Credit Card,Completed,2025-05-04,0.0
PO375581,Receive Order,2025-05-05 08:30:23,Jennifer Lee,Buyer,Standard,36793.51,GBP,Medium,Net90,V1528,Industrial Materials Co,Equipment,4.5,False,EMP8015,Operations,CC242,2,INV-571578,2025-04-28,37841.57,Paid,Credit Card,Completed,2025-05-04,0.0
PO375581,Process Order,2025-05-05 08:44:19,Emily Davis,Buyer,Standard,36793.51,GBP,Medium,Net90,V1528,Industrial Materials Co,Equipment,4.5,False,EMP8015,Operations,CC242,2,INV-571578,2025-04-28,37841.57,Paid,Credit Card,Completed,2025-05-04,0.0
PO375581,Receive Invoice,2025-05-05 09:46:04,Invoice System,System,Standard,36793.51,GBP,Medium,Net90,V1528,Industrial Materials Co,Equipment,4.5,False,EMP8015,Operations,CC242,2,INV-571578,2025-04-28,37841.57,Paid,Credit Card,Completed,2025-05-04,0.0
PO375581,Review Invoice,2025-05-05 09:53:14,Susan Clark,Ap Clerk,Standard,36793.51,GBP,Medium,Net90,V1528,Industrial Materials Co,Equipment,4.5,False,EMP8015,Operations,CC242,2,INV-571578,2025-04-28,37841.57,Paid,Credit Card,Completed,2025-05-04,0.0
PO375581,Create Payment,2025-05-05 10:44:29,James White,Ap Clerk,Standard,36793.51,GBP,Medium,Net90,V1528,Industrial Materials Co,Equipment,4.5,False,EMP8015,Operations,CC242,2,INV-571578,2025-04-28,37841.57,Paid,Credit Card,Completed,2025-05-04,0.0
PO375581,Authorize Payment,2025-05-05 11:19:31,VP Chen,Approver,Standard,36793.51,GBP,Medium,Net90,V1528,Industrial Materials Co,Equipment,4.5,False,EMP8015,Operations,CC242,2,INV-571578,2025-04-28,37841.57,Paid,Credit Card,Completed,2025-05-04,0.0
PO375581,Update Customer Balance,2025-05-05 11:53:55,ERP System,System,Standard,36793.51,GBP,Medium,Net90,V1528,Industrial Materials Co,Equipment,4.5,False,EMP8015,Operations,CC242,2,INV-571578,2025-04-28,37841.57,Paid,Credit Card,Completed,2025-05-04,0.0
PO375581,Verify Successful Payment,2025-05-05 12:00:24,ERP System,System,Standard,36793.51,GBP,Medium,Net90,V1528,Industrial Materials Co,Equipment,4.5,False,EMP8015,Operations,CC242,2,INV-571578,2025-04-28,37841.57,Paid,Credit Card,Completed,2025-05-04,0.0
PO249077,Place Order,2025-05-04 14:00:00,Lisa Johnson,Requester,Standard,844.28,USD,Medium,Net30,V7434,Material World Inc,Software,4.5,False,EMP9447,Engineering,CC811,1,INV-613234,2025-05-03,881.12,Paid,Bank Transfer,Completed,2025-05-04,33.09
PO249077,Receive Order,2025-05-05 08:30:59,Michael Brown,Buyer,Standard,844.28,USD,Medium,Net30,V7434,Material World Inc,Software,4.5,False,EMP9447,Engineering,CC811,1,INV-613234,2025-05-03,881.12,Paid,Bank Transfer,Completed,2025-05-04,33.09
PO249077,Process Order,2025-05-05 08:47:22,Emily Davis,Buyer,Standard,844.28,USD,Medium,Net30,V7434,Material World Inc,Software,4.5,False,EMP9447,Engineering,CC811,1,INV-613234,2025-05-03,881.12,Paid,Bank Transfer,Completed,2025-05-04,33.09
PO249077,Receive Invoice,2025-05-05 09:55:46,Invoice System,System,Standard,844.28,USD,Medium,Net30,V7434,Material World Inc,Software,4.5,False,EMP9447,Engineering,CC811,1,INV-613234,2025-05-03,881.12,Paid,Bank Transfer,Completed,2025-05-04,33.09
PO249077,Review Invoice,2025-05-05 10:01:31,Susan Clark,Ap Clerk,Standard,844.28,USD,Medium,Net30,V7434,Material World Inc,Software,4.5,False,EMP9447,Engineering,CC811,1,INV-613234,2025-05-03,881.12,Paid,Bank Transfer,Completed,2025-05-04,33.09
PO249077,Create Payment,2025-05-05 11:01:23,James White,Ap Clerk,Standard,844.28,USD,Medium,Net30,V7434,Material World Inc,Software,4.5,False,EMP9447,Engineering,CC811,1,INV-613234,2025-05-03,881.12,Paid,Bank Transfer,Completed,2025-05-04,33.09
PO249077,Authorize Payment,2025-05-05 11:29:27,Manager Williams,Approver,Standard,844.28,USD,Medium,Net30,V7434,Material World Inc,Software,4.5,False,EMP9447,Engineering,CC811,1,INV-613234,2025-05-03,881.12,Paid,Bank Transfer,Completed,2025-05-04,33.09
PO249077,Update Customer Balance,2025-05-05 12:00:14,Payment Gateway,System,Standard,844.28,USD,Medium,Net30,V7434,Material World Inc,Software,4.5,False,EMP9447,Engineering,CC811,1,INV-613234,2025-05-03,881.12,Paid,Bank Transfer,Completed,2025-05-04,33.09
PO249077,Verify Successful Payment,2025-05-05 12:06:56,Invoice System,System,Standard,844.28,USD,Medium,Net30,V7434,Material World Inc,Software,4.5,False,EMP9447,Engineering,CC811,1,INV-613234,2025-05-03,881.12,Paid,Bank Transfer,Completed,2025-05-04,33.09
PO578693,Place Order,2025-05-04 14:00:00,John Smith,Requester,Standard,2118.01,CAD,Low,Net60,V3588,Premier Equipment Ltd,Software,3.6,False,EMP2529,Engineering,CC356,1,INV-562721,2025-04-30,2029.57,Paid,Credit Card,Completed,2025-05-04,40.57
PO578693,Receive Order,2025-05-05 08:28:45,Robert Taylor,Buyer,Standard,2118.01,CAD,Low,Net60,V3588,Premier Equipment Ltd,Software,3.6,False,EMP2529,Engineering,CC356,1,INV-562721,2025-04-30,2029.57,Paid,Credit Card,Completed,2025-05-04,40.57
PO578693,Process Order,2025-05-05 08:44:57,Robert Taylor,Buyer,Standard,2118.01,CAD,Low,Net60,V3588,Premier Equipment Ltd,Software,3.6,False,EMP2529,Engineering,CC356,1,INV-562721,2025-04-30,2029.57,Paid,Credit Card,Completed,2025-05-04,40.57
PO578693,Receive Invoice,2025-05-05 09:48:41,Invoice System,System,Standard,2118.01,CAD,Low,Net60,V3588,Premier Equipment Ltd,Software,3.6,False,EMP2529,Engineering,CC356,1,INV-562721,2025-04-30,2029.57,Paid,Credit Card,Completed,2025-05-04,40.57
PO578693,Review Invoice,2025-05-05 09:53:42,Paul Martinez,Ap Clerk,Standard,2118.01,CAD,Low,Net60,V3588,Premier Equipment Ltd,Software,3.6,False,EMP2529,Engineering,CC356,1,INV-562721,2025-04-30,2029.57,Paid,Credit Card,Completed,2025-05-04,40.57
PO578693,Create Payment,2025-05-05 10:43:35,Michelle Kim,Ap Clerk,Standard,2118.01,CAD,Low,Net60,V3588,Premier Equipment Ltd,Software,3.6,False,EMP2529,Engineering,CC356,1,INV-562721,2025-04-30,2029.57,Paid,Credit Card,Completed,2025-05-04,40.57
PO578693,Authorize Payment,2025-05-05 11:15:44,Director Johnson,Approver,Standard,2118.01,CAD,Low,Net60,V3588,Premier Equipment Ltd,Software,3.6,False,EMP2529,Engineering,CC356,1,INV-562721,2025-04-30,2029.57,Paid,Credit Card,Completed,2025-05-04,40.57
PO578693,Update Customer Balance,2025-05-05 11:39:50,Payment Gateway,System,Standard,2118.01,CAD,Low,Net60,V3588,Premier Equipment Ltd,Software,3.6,False,EMP2529,Engineering,CC356,1,INV-562721,2025-04-30,2029.57,Paid,Credit Card,Completed,2025-05-04,40.57
PO578693,Verify Successful Payment,2025-05-05 11:46:36,Payment Gateway,System,Standard,2118.01,CAD,Low,Net60,V3588,Premier Equipment Ltd,Software,3.6,False,EMP2529,Engineering,CC356,1,INV-562721,2025-04-30,2029.57,Paid,Credit Card,Completed,2025-05-04,40.57
PO413791,Place Order,2025-05-04 14:00:00,Priya Patel,Requester,Standard,19218.34,EUR,Medium,Net30,V6133,Material World Inc,Equipment,4.1,True,EMP3688,HR,CC839,2,INV-485416,2025-05-02,18666.88,Paid,Credit Card,Completed,2025-05-04,0.0
PO413791,Receive Order,2025-05-05 08:34:19,Robert Taylor,Buyer,Standard,19218.34,EUR,Medium,Net30,V6133,Material World Inc,Equipment,4.1,True,EMP3688,HR,CC839,2,INV-485416,2025-05-02,18666.88,Paid,Credit Card,Completed,2025-05-04,0.0
PO413791,Process Order,2025-05-05 08:46:55,Anna Schmidt,Buyer,Standard,19218.34,EUR,Medium,Net30,V6133,Material World Inc,Equipment,4.1,True,EMP3688,HR,CC839,2,INV-485416,2025-05-02,18666.88,Paid,Credit Card,Completed,2025-05-04,0.0
PO413791,Receive Invoice,2025-05-05 09:52:26,Payment Gateway,System,Standard,19218.34,EUR,Medium,Net30,V6133,Material World Inc,Equipment,4.1,True,EMP3688,HR,CC839,2,INV-485416,2025-05-02,18666.88,Paid,Credit Card,Completed,2025-05-04,0.0
PO413791,Review Invoice,2025-05-05 09:59:33,Susan Clark,Ap Clerk,Standard,19218.34,EUR,Medium,Net30,V6133,Material World Inc,Equipment,4.1,True,EMP3688,HR,CC839,2,INV-485416,2025-05-02,18666.88,Paid,Credit Card,Completed,2025-05-04,0.0
PO413791,Create Payment,2025-05-05 10:53:30,Susan Clark,Ap Clerk,Standard,19218.34,EUR,Medium,Net30,V6133,Material World Inc,Equipment,4.1,True,EMP3688,HR,CC839,2,INV-485416,2025-05-02,18666.88,Paid,Credit Card,Completed,2025-05-04,0.0
PO413791,Authorize Payment,2025-05-05 11:24:08,VP Chen,Approver,Standard,19218.34,EUR,Medium,Net30,V6133,Material World Inc,Equipment,4.1,True,EMP3688,HR,CC839,2,INV-485416,2025-05-02,18666.88,Paid,Credit Card,Completed,2025-05-04,0.0
PO413791,Update Customer Balance,2025-05-05 11:57:29,Invoice System,System,Standard,19218.34,EUR,Medium,Net30,V6133,Material World Inc,Equipment,4.1,True,EMP3688,HR,CC839,2,INV-485416,2025-05-02,18666.88,Paid,Credit Card,Completed,2025-05-04,0.0
PO413791,Verify Successful Payment,2025-05-05 12:02:21,Invoice System,System,Standard,19218.34,EUR,Medium,Net30,V6133,Material World Inc,Equipment,4.1,True,EMP3688,HR,CC839,2,INV-485416,2025-05-02,18666.88,Paid,Credit Card,Completed,2025-05-04,0.0
PO157219,Place Order,2025-05-04 14:00:00,David Chen,Requester,Express,7729.84,EUR,Low,Net30,V5842,Industrial Materials Co,Services,4.2,True,EMP6916,Sales,CC235,1,INV-777558,2025-05-01,7642.37,Paid,Credit Card,Completed,2025-05-04,30.54
PO157219,Receive Order,2025-05-05 08:33:09,Michael Brown,Buyer,Express,7729.84,EUR,Low,Net30,V5842,Industrial Materials Co,Services,4.2,True,EMP6916,Sales,CC235,1,INV-777558,2025-05-01,7642.37,Paid,Credit Card,Completed,2025-05-04,30.54
PO157219,Process Order,2025-05-05 08:45:15,Robert Taylor,Buyer,Express,7729.84,EUR,Low,Net30,V5842,Industrial Materials Co,Services,4.2,True,EMP6916,Sales,CC235,1,INV-777558,2025-05-01,7642.37,Paid,Credit Card,Completed,2025-05-04,30.54
PO157219,Receive Invoice,2025-05-05 09:39:32,ERP System,System,Express,7729.84,EUR,Low,Net30,V5842,Industrial Materials Co,Services,4.2,True,EMP6916,Sales,CC235,1,INV-777558,2025-05-01,7642.37,Paid,Credit Card,Completed,2025-05-04,30.54
PO157219,Review Invoice,2025-05-05 09:46:33,James White,Ap Clerk,Express,7729.84,EUR,Low,Net30,V5842,Industrial Materials Co,Services,4.2,True,EMP6916,Sales,CC235,1,INV-777558,2025-05-01,7642.37,Paid,Credit Card,Completed,2025-05-04,30.54
PO157219,Create Payment,2025-05-05 10:46:43,Michelle Kim,Ap Clerk,Express,7729.84,EUR,Low,Net30,V5842,Industrial Materials Co,Services,4.2,True,EMP6916,Sales,CC235,1,INV-777558,2025-05-01,7642.37,Paid,Credit Card,Completed,2025-05-04,30.54
PO157219,Authorize Payment,2025-05-05 11:19:55,CFO Anderson,Approver,Express,7729.84,EUR,Low,Net30,V5842,Industrial Materials Co,Services,4.2,True,EMP6916,Sales,CC235,1,INV-777558,2025-05-01,7642.37,Paid,Credit Card,Completed,2025-05-04,30.54
PO157219,Update Customer Balance,2025-05-05 11:52:20,ERP System,System,Express,7729.84,EUR,Low,Net30,V5842,Industrial Materials Co,Services,4.2,True,EMP6916,Sales,CC235,1,INV-777558,2025-05-01,7642.37,Paid,Credit Card,Completed,2025-05-04,30.54
PO157219,Verify Successful Payment,2025-05-05 11:58:40,Invoice System,System,Express,7729.84,EUR,Low,Net30,V5842,Industrial Materials Co,Services,4.2,True,EMP6916,Sales,CC235,1,INV-777558,2025-05-01,7642.37,Paid,Credit Card,Completed,2025-05-04,30.54
PO442622,Place Order,2025-05-04 14:00:00,David Chen,Requester,Standard,97687.23,EUR,High,Net60,V3545,Global Tech Solutions,Services,3.9,True,EMP1948,IT,CC544,2,INV-662445,2025-04-29,93935.91,Paid,Credit Card,Completed,2025-05-04,0.0
PO442622,Receive Order,2025-05-05 08:25:25,Michael Brown,Buyer,Standard,97687.23,EUR,High,Net60,V3545,Global Tech Solutions,Services,3.9,True,EMP1948,IT,CC544,2,INV-662445,2025-04-29,93935.91,Paid,Credit Card,Completed,2025-05-04,0.0
PO442622,Process Order,2025-05-05 08:38:24,Anna Schmidt,Buyer,Standard,97687.23,EUR,High,Net60,V3545,Global Tech Solutions,Services,3.9,True,EMP1948,IT,CC544,2,INV-662445,2025-04-29,93935.91,Paid,Credit Card,Completed,2025-05-04,0.0
PO442622,Receive Invoice,2025-05-05 09:38:49,Invoice System,System,Standard,97687.23,EUR,High,Net60,V3545,Global Tech Solutions,Services,3.9,True,EMP1948,IT,CC544,2,INV-662445,2025-04-29,93935.91,Paid,Credit Card,Completed,2025-05-04,0.0
PO442622,Review Invoice,2025-05-05 09:44:15,Michelle Kim,Ap Clerk,Standard,97687.23,EUR,High,Net60,V3545,Global Tech Solutions,Services,3.9,True,EMP1948,IT,CC544,2,INV-662445,2025-04-29,93935.91,Paid,Credit Card,Completed,2025-05-04,0.0
PO442622,Create Payment,2025-05-05 10:50:59,Paul Martinez,Ap Clerk,Standard,97687.23,EUR,High,Net60,V3545,Global Tech Solutions,Services,3.9,True,EMP1948,IT,CC544,2,INV-662445,2025-04-29,93935.91,Paid,Credit Card,Completed,2025-05-04,0.0
PO442622,Authorize Payment,2025-05-05 11:25:38,Director Johnson,Approver,Standard,97687.23,EUR,High,Net60,V3545,Global Tech Solutions,Services,3.9,True,EMP1948,IT,CC544,2,INV-662445,2025-04-29,93935.91,Paid,Credit Card,Completed,2025-05-04,0.0
PO442622,Update Customer Balance,2025-05-05 11:53:39,Payment Gateway,System,Standard,97687.23,EUR,High,Net60,V3545,Global Tech Solutions,Services,3.9,True,EMP1948,IT,CC544,2,INV-662445,2025-04-29,93935.91,Paid,Credit Card,Completed,2025-05-04,0.0
PO442622,Verify Successful Payment,2025-05-05 11:59:06,ERP System,System,Standard,97687.23,EUR,High,Net60,V3545,Global Tech Solutions,Services,3.9,True,EMP1948,IT,CC544,2,INV-662445,2025-04-29,93935.91,Paid,Credit Card,Completed,2025-05-04,0.0
PO274987,Place Order,2025-05-04 14:00:00,Tom Anderson,Requester,Standard,4240.75,USD,Low,Net60,V9185,Digital Solutions Ltd,Equipment,4.5,True,EMP1721,Facilities,CC112,1,INV-694423,2025-05-03,4132.42,Pending,Bank Transfer,Pending,,0.0
PO274987,Receive Order,2025-05-04 14:00:00,Michael Brown,Buyer,Standard,4240.75,USD,Low,Net60,V9185,Digital Solutions Ltd,Equipment,4.5,True,EMP1721,Facilities,CC112,1,INV-694423,2025-05-03,4132.42,Pending,Bank Transfer,Pending,,0.0
PO181670,Place Order,2025-05-04 14:00:00,Ahmed Al-Rashid,Requester,Standard,7481.87,USD,Medium,Net30,V5444,Industrial Materials Co,Software,5.0,False,EMP2129,Facilities,CC986,1,INV-966120,2025-05-03,7318.99,Pending,Credit Card,Pending,,0.0
PO181670,Receive Order,2025-05-04 14:00:00,Robert Taylor,Buyer,Standard,7481.87,USD,Medium,Net30,V5444,Industrial Materials Co,Software,5.0,False,EMP2129,Facilities,CC986,1,INV-966120,2025-05-03,7318.99,Pending,Credit Card,Pending,,0.0
PO913575,Place Order,2025-05-04 14:00:00,Tom Anderson,Requester,Standard,6324.63,CAD,Medium,Net30,V9083,Acme Supplies Inc,Maintenance,3.0,False,EMP1157,Sales,CC101,1,INV-910143,2025-05-04,6488.39,Pending,Bank Transfer,Pending,,0.0
PO913575,Receive Order,2025-05-04 14:00:00,Robert Taylor,Buyer,Standard,6324.63,CAD,Medium,Net30,V9083,Acme Supplies Inc,Maintenance,3.0,False,EMP1157,Sales,CC101,1,INV-910143,2025-05-04,6488.39,Pending,Bank Transfer,Pending,,0.0
PO146032,Place Order,2025-05-04 14:00:00,Lisa Johnson,Requester,Blanket,228136.14,GBP,Medium,Net15,V5584,TechStart Solutions,Services,4.5,True,EMP9280,Operations,CC939,3,INV-197545,2025-05-01,225725.91,Pending,Bank Transfer,Pending,,0.0
PO146032,Receive Order,2025-05-04 14:00:00,Robert Taylor,Buyer,Blanket,228136.14,GBP,Medium,Net15,V5584,TechStart Solutions,Services,4.5,True,EMP9280,Operations,CC939,3,INV-197545,2025-05-01,225725.91,Pending,Bank Transfer,Pending,,0.0
PO385166,Place Order,2025-05-04 14:00:00,Ahmed Al-Rashid,Requester,Standard,76181.02,CAD,Low,Net15,V6211,Global Tech Solutions,Equipment,3.3,False,EMP6145,HR,CC648,2,INV-574751,2025-05-04,75101.44,Pending,Credit Card,Pending,,0.0
PO385166,Receive Order,2025-05-04 14:00:00,Michael Brown,Buyer,Standard,76181.02,CAD,Low,Net15,V6211,Global Tech Solutions,Equipment,3.3,False,EMP6145,HR,CC648,2,INV-574751,2025-05-04,75101.44,Pending,Credit Card,Pending,,0.0
PO845702,Place Order,2025-05-04 14:00:00,Sarah Wilson,Requester,Standard,857.15,USD,Medium,Net60,V3430,Office Depot Pro,Software,3.3,False,EMP8408,Marketing,CC663,1,INV-195643,2025-05-01,835.71,Pending,Bank Transfer,Pending,,0.0
PO845702,Receive Order,2025-05-04 14:00:00,Robert Taylor,Buyer,Standard,857.15,USD,Medium,Net60,V3430,Office Depot Pro,Software,3.3,False,EMP8408,Marketing,CC663,1,INV-195643,2025-05-01,835.71,Pending,Bank Transfer,Pending,,0.0
PO714590,Place Order,2025-05-04 14:00:00,David Chen,Requester,Standard,6672.05,GBP,Low,Net30,V2376,Material World Inc,Services,3.3,False,EMP3007,Operations,CC572,1,INV-710610,2025-05-03,6372.23,Pending,Check,Pending,,0.0
PO714590,Receive Order,2025-05-04 14:00:00,Carlos Rodriguez,Buyer,Standard,6672.05,GBP,Low,Net30,V2376,Material World Inc,Services,3.3,False,EMP3007,Operations,CC572,1,INV-710610,2025-05-03,6372.23,Pending,Check,Pending,,0.0
PO743937,Place Order,2025-05-04 14:00:00,Lisa Johnson,Requester,Standard,451.11,USD,Low,Net30,V3435,Equipment Express,Services,3.2,False,EMP3248,HR,CC758,1,INV-136332,2025-05-01,468.46,Pending,Bank Transfer,Pending,,0.0
PO743937,Receive Order,2025-05-04 14:00:00,Carlos Rodriguez,Buyer,Standard,451.11,USD,Low,Net30,V3435,Equipment Express,Services,3.2,False,EMP3248,HR,CC758,1,INV-136332,2025-05-01,468.46,Pending,Bank Transfer,Pending,,0.0
PO383572,Place Order,2025-05-04 14:00:00,Tom Anderson,Requester,Standard,6090.29,USD,Low,Immediate,V6269,Office Depot Pro,Equipment,5.0,False,EMP4813,Sales,CC202,1,INV-507247,2025-05-03,5936.73,Pending,Bank Transfer,Pending,,0.0
PO383572,Receive Order,2025-05-04 14:00:00,Jennifer Lee,Buyer,Standard,6090.29,USD,Low,Immediate,V6269,Office Depot Pro,Equipment,5.0,False,EMP4813,Sales,CC202,1,INV-507247,2025-05-03,5936.73,Pending,Bank Transfer,Pending,,0.0
PO129576,Place Order,2025-05-04 14:00:00,Sarah Wilson,Requester,Express,596.0,USD,Medium,Net30,V6878,Industrial Materials Co,Software,4.6,False,EMP9882,IT,CC602,1,INV-720298,2025-05-02,568.46,Pending,Bank Transfer,Pending,,0.0
PO129576,Receive Order,2025-05-04 14:00:00,Emily Davis,Buyer,Express,596.0,USD,Medium,Net30,V6878,Industrial Materials Co,Software,4.6,False,EMP9882,IT,CC602,1,INV-720298,2025-05-02,568.46,Pending,Bank Transfer,Pending,,0.0
PO122977,Place Order,2025-05-04 14:00:00,David Chen,Requester,Standard,92689.35,EUR,Low,Net30,V6301,Equipment Express,Software,4.9,False,EMP7481,Marketing,CC444,2,INV-162448,2025-05-02,90851.92,Pending,Bank Transfer,Pending,,0.0
PO122977,Receive Order,2025-05-04 14:00:00,Carlos Rodriguez,Buyer,Standard,92689.35,EUR,Low,Net30,V6301,Equipment Express,Software,4.9,False,EMP7481,Marketing,CC444,2,INV-162448,2025-05-02,90851.92,Pending,Bank Transfer,Pending,,0.0
PO421727,Place Order,2025-05-04 14:00:00,Sarah Wilson,Requester,Express,592.47,USD,Low,Net30,V3872,Digital Solutions Ltd,Maintenance,3.8,True,EMP3983,Marketing,CC928,1,INV-496764,2025-05-02,620.17,Pending,Bank Transfer,Pending,,0.0
PO421727,Receive Order,2025-05-04 14:00:00,Robert Taylor,Buyer,Express,592.47,USD,Low,Net30,V3872,Digital Solutions Ltd,Maintenance,3.8,True,EMP3983,Marketing,CC928,1,INV-496764,2025-05-02,620.17,Pending,Bank Transfer,Pending,,0.0
PO843404,Place Order,2025-05-04 14:00:00,Tom Anderson,Requester,Standard,885.58,EUR,Medium,Net30,V2453,Industrial Materials Co,Equipment,3.1,False,EMP2770,Engineering,CC149,1,INV-961574,2025-05-01,875.48,Pending,Credit Card,Pending,,0.0
PO843404,Receive Order,2025-05-04 14:00:00,Carlos Rodriguez,Buyer,Standard,885.58,EUR,Medium,Net30,V2453,Industrial Materials Co,Equipment,3.1,False,EMP2770,Engineering,CC149,1,INV-961574,2025-05-01,875.48,Pending,Credit Card,Pending,,0.0
PO573209,Place Order,2025-05-04 14:00:00,David Chen,Requester,Standard,62024.42,GBP,Low,Net30,V4695,Global Tech Solutions,Equipment,3.3,False,EMP3636,Engineering,CC660,2,INV-270557,2025-05-01,64764.87,Pending,Check,Pending,,0.0
PO573209,Receive Order,2025-05-04 14:00:00,Michael Brown,Buyer,Standard,62024.42,GBP,Low,Net30,V4695,Global Tech Solutions,Equipment,3.3,False,EMP3636,Engineering,CC660,2,INV-270557,2025-05-01,64764.87,Pending,Check,Pending,,0.0
PO529161,Place Order,2025-05-04 14:00:00,David Chen,Requester,Standard,110.14,EUR,Medium,Net30,V4367,Office Depot Pro,Services,3.2,False,EMP9043,Operations,CC469,1,INV-299212,2025-05-04,104.68,Pending,Bank Transfer,Pending,,0.0
PO529161,Receive Order,2025-05-04 14:00:00,Michael Brown,Buyer,Standard,110.14,EUR,Medium,Net30,V4367,Office Depot Pro,Services,3.2,False,EMP9043,Operations,CC469,1,INV-299212,2025-05-04,104.68,Pending,Bank Transfer,Pending,,0.0
PO612855,Place Order,2025-05-04 14:00:00,Lisa Johnson,Requester,Blanket,2039.46,USD,Medium,Net30,V7512,TechStart Solutions,Software,3.7,False,EMP1731,IT,CC576,1,INV-593821,2025-05-01,1991.21,Pending,Credit Card,Pending,,0.0
PO612855,Receive Order,2025-05-04 14:00:00,Michael Brown,Buyer,Blanket,2039.46,USD,Medium,Net30,V7512,TechStart Solutions,Software,3.7,False,EMP1731,IT,CC576,1,INV-593821,2025-05-01,1991.21,Pending,Credit Card,Pending,,0.0
PO505910,Place Order,2025-05-04 14:00:00,Priya Patel,Requester,Express,630753.8,USD,Medium,Immediate,V1999,Software Innovators,Materials,3.5,False,EMP2293,HR,CC974,3,INV-981639,2025-05-03,644271.21,Pending,Bank Transfer,Pending,,0.0
PO505910,Receive Order,2025-05-04 14:00:00,Anna Schmidt,Buyer,Express,630753.8,USD,Medium,Immediate,V1999,Software Innovators,Materials,3.5,False,EMP2293,HR,CC974,3,INV-981639,2025-05-03,644271.21,Pending,Bank Transfer,Pending,,0.0
PO543940,Place Order,2025-05-04 14:00:00,Tom Anderson,Requester,Standard,827614.65,EUR,Low,Net15,V3067,Premier Equipment Ltd,Software,3.5,True,EMP2425,HR,CC506,3,INV-144748,2025-05-03,831922.73,Pending,Check,Pending,,0.0
PO543940,Receive Order,2025-05-04 14:00:00,Robert Taylor,Buyer,Standard,827614.65,EUR,Low,Net15,V3067,Premier Equipment Ltd,Software,3.5,True,EMP2425,HR,CC506,3,INV-144748,2025-05-03,831922.73,Pending,Check,Pending,,0.0
PO690016,Place Order,2025-05-04 14:00:00,Ahmed Al-Rashid,Requester,Express,6243.51,EUR,High,Immediate,V2641,Maintenance Masters,Services,4.3,False,EMP1613,Operations,CC512,1,INV-210766,2025-05-04,6021.15,Pending,Credit Card,Pending,,0.0
PO690016,Receive Order,2025-05-04 14:00:00,Robert Taylor,Buyer,Express,6243.51,EUR,High,Immediate,V2641,Maintenance Masters,Services,4.3,False,EMP1613,Operations,CC512,1,INV-210766,2025-05-04,6021.15,Pending,Credit Card,Pending,,0.0
PO690016,Process Order,2025-05-04 14:00:00,Emily Davis,Buyer,Express,6243.51,EUR,High,Immediate,V2641,Maintenance Masters,Services,4.3,False,EMP1613,Operations,CC512,1,INV-210766,2025-05-04,6021.15,Pending,Credit Card,Pending,,0.0
PO983788,Place Order,2025-05-04 14:00:00,Maria Garcia,Requester,Standard,8142.07,EUR,Low,Immediate,V6094,Premier Equipment Ltd,Services,4.5,False,EMP5414,Engineering,CC719,1,INV-393964,2025-05-01,8260.58,Pending,Bank Transfer,Pending,,0.0
PO983788,Receive Order,2025-05-04 14:00:00,Anna Schmidt,Buyer,Standard,8142.07,EUR,Low,Immediate,V6094,Premier Equipment Ltd,Services,4.5,False,EMP5414,Engineering,CC719,1,INV-393964,2025-05-01,8260.58,Pending,Bank Transfer,Pending,,0.0
PO983788,Process Order,2025-05-04 14:00:00,Anna Schmidt,Buyer,Standard,8142.07,EUR,Low,Immediate,V6094,Premier Equipment Ltd,Services,4.5,False,EMP5414,Engineering,CC719,1,INV-393964,2025-05-01,8260.58,Pending,Bank Transfer,Pending,,0.0
PO302127,Place Order,2025-05-04 14:00:00,Lisa Johnson,Requester,Blanket,851.93,USD,Low,Net30,V1474,Acme Supplies Inc,Maintenance,4.4,False,EMP7035,Facilities,CC617,1,INV-282176,2025-05-02,843.15,Pending,Check,Pending,,0.0
PO302127,Receive Order,2025-05-04 14:00:00,Anna Schmidt,Buyer,Blanket,851.93,USD,Low,Net30,V1474,Acme Supplies Inc,Maintenance,4.4,False,EMP7035,Facilities,CC617,1,INV-282176,2025-05-02,843.15,Pending,Check,Pending,,0.0
PO302127,Process Order,2025-05-04 14:00:00,Carlos Rodriguez,Buyer,Blanket,851.93,USD,Low,Net30,V1474,Acme Supplies Inc,Maintenance,4.4,False,EMP7035,Facilities,CC617,1,INV-282176,2025-05-02,843.15,Pending,Check,Pending,,0.0
PO505343,Place Order,2025-05-04 14:00:00,Ahmed Al-Rashid,Requester,Standard,71995.86,GBP,Medium,Net30,V5670,Industrial Materials Co,Materials,4.4,False,EMP7709,Finance,CC985,2,INV-128783,2025-05-02,74013.93,Pending,Credit Card,Pending,,0.0
PO505343,Receive Order,2025-05-04 14:00:00,Robert Taylor,Buyer,Standard,71995.86,GBP,Medium,Net30,V5670,Industrial Materials Co,Materials,4.4,False,EMP7709,Finance,CC985,2,INV-128783,2025-05-02,74013.93,Pending,Credit Card,Pending,,0.0
PO505343,Process Order,2025-05-04 14:00:00,Anna Schmidt,Buyer,Standard,71995.86,GBP,Medium,Net30,V5670,Industrial Materials Co,Materials,4.4,False,EMP7709,Finance,CC985,2,INV-128783,2025-05-02,74013.93,Pending,Credit Card,Pending,,0.0
PO364239,Place Order,2025-05-04 14:00:00,Sarah Wilson,Requester,Standard,4387.9,USD,Medium,Net60,V6713,Service Specialists,Equipment,4.0,False,EMP5631,IT,CC210,1,INV-581294,2025-05-01,4379.89,Pending,Bank Transfer,Pending,,0.0
PO364239,Receive Order,2025-05-04 14:00:00,Emily Davis,Buyer,Standard,4387.9,USD,Medium,Net60,V6713,Service Specialists,Equipment,4.0,False,EMP5631,IT,CC210,1,INV-581294,2025-05-01,4379.89,Pending,Bank Transfer,Pending,,0.0
PO364239,Process Order,2025-05-04 14:00:00,Robert Taylor,Buyer,Standard,4387.9,USD,Medium,Net60,V6713,Service Specialists,Equipment,4.0,False,EMP5631,IT,CC210,1,INV-581294,2025-05-01,4379.89,Pending,Bank Transfer,Pending,,0.0
PO621533,Place Order,2025-05-04 14:00:00,David Chen,Requester,Contract,7126.12,USD,Medium,Net30,V1417,Acme Supplies Inc,Materials,5.0,True,EMP6622,Engineering,CC327,1,INV-787237,2025-05-01,7258.89,Pending,Credit Card,Pending,,0.0
PO621533,Receive Order,2025-05-04 14:00:00,Robert Taylor,Buyer,Contract,7126.12,USD,Medium,Net30,V1417,Acme Supplies Inc,Materials,5.0,True,EMP6622,Engineering,CC327,1,INV-787237,2025-05-01,7258.89,Pending,Credit Card,Pending,,0.0
PO621533,Process Order,2025-05-04 14:00:00,Robert Taylor,Buyer,Contract,7126.12,USD,Medium,Net30,V1417,Acme Supplies Inc,Materials,5.0,True,EMP6622,Engineering,CC327,1,INV-787237,2025-05-01,7258.89,Pending,Credit Card,Pending,,0.0
PO451936,Place Order,2025-05-04 14:00:00,Tom Anderson,Requester,Standard,265.81,USD,Low,Immediate,V3999,Maintenance Masters,Software,3.7,False,EMP5817,Finance,CC220,1,INV-812730,2025-05-03,265.03,Pending,Check,Pending,,0.0
PO451936,Receive Order,2025-05-04 14:00:00,Carlos Rodriguez,Buyer,Standard,265.81,USD,Low,Immediate,V3999,Maintenance Masters,Software,3.7,False,EMP5817,Finance,CC220,1,INV-812730,2025-05-03,265.03,Pending,Check,Pending,,0.0
PO451936,Process Order,2025-05-04 14:00:00,Robert Taylor,Buyer,Standard,265.81,USD,Low,Immediate,V3999,Maintenance Masters,Software,3.7,False,EMP5817,Finance,CC220,1,INV-812730,2025-05-03,265.03,Pending,Check,Pending,,0.0
PO579798,Place Order,2025-05-04 14:00:00,Priya Patel,Requester,Standard,208.09,GBP,Low,Net30,V7704,TechStart Solutions,Materials,3.4,True,EMP1077,Finance,CC314,1,INV-697062,2025-05-04,213.53,Pending,Bank Transfer,Pending,,0.0
PO579798,Receive Order,2025-05-04 14:00:00,Carlos Rodriguez,Buyer,Standard,208.09,GBP,Low,Net30,V7704,TechStart Solutions,Materials,3.4,True,EMP1077,Finance,CC314,1,INV-697062,2025-05-04,213.53,Pending,Bank Transfer,Pending,,0.0
PO579798,Process Order,2025-05-04 14:00:00,Michael Brown,Buyer,Standard,208.09,GBP,Low,Net30,V7704,TechStart Solutions,Materials,3.4,True,EMP1077,Finance,CC314,1,INV-697062,2025-05-04,213.53,Pending,Bank Transfer,Pending,,0.0
PO893612,Place Order,2025-05-04 14:00:00,David Chen,Requester,Express,7575.2,USD,Medium,Net60,V1230,Industrial Materials Co,Equipment,4.8,False,EMP3112,Operations,CC615,1,INV-437864,2025-05-01,7642.37,Pending,Bank Transfer,Pending,,0.0
PO893612,Receive Order,2025-05-04 14:00:00,Emily Davis,Buyer,Express,7575.2,USD,Medium,Net60,V1230,Industrial Materials Co,Equipment,4.8,False,EMP3112,Operations,CC615,1,INV-437864,2025-05-01,7642.37,Pending,Bank Transfer,Pending,,0.0
PO893612,Process Order,2025-05-04 14:00:00,Robert Taylor,Buyer,Express,7575.2,USD,Medium,Net60,V1230,Industrial Materials Co,Equipment,4.8,False,EMP3112,Operations,CC615,1,INV-437864,2025-05-01,7642.37,Pending,Bank Transfer,Pending,,0.0
PO339513,Place Order,2025-05-04 14:00:00,Priya Patel,Requester,Standard,2695.65,JPY,Low,Net30,V7609,Equipment Express,Equipment,3.7,True,EMP7147,Facilities,CC361,1,INV-120053,2025-05-02,2768.77,Pending,Credit Card,Pending,,0.0
PO339513,Receive Order,2025-05-04 14:00:00,Robert Taylor,Buyer,Standard,2695.65,JPY,Low,Net30,V7609,Equipment Express,Equipment,3.7,True,EMP7147,Facilities,CC361,1,INV-120053,2025-05-02,2768.77,Pending,Credit Card,Pending,,0.0
PO339513,Process Order,2025-05-04 14:00:00,Robert Taylor,Buyer,Standard,2695.65,JPY,Low,Net30,V7609,Equipment Express,Equipment,3.7,True,EMP7147,Facilities,CC361,1,INV-120053,2025-05-02,2768.77,Pending,Credit Card,Pending,,0.0
PO541315,Place Order,2025-05-04 14:00:00,Priya Patel,Requester,Standard,2377.99,EUR,Low,Net60,V1152,Premier Equipment Ltd,Services,4.8,True,EMP5631,Operations,CC208,1,INV-415743,2025-05-01,2377.45,Pending,Credit Card,Pending,,0.0
PO541315,Receive Order,2025-05-04 14:00:00,Robert Taylor,Buyer,Standard,2377.99,EUR,Low,Net60,V1152,Premier Equipment Ltd,Services,4.8,True,EMP5631,Operations,CC208,1,INV-415743,2025-05-01,2377.45,Pending,Credit Card,Pending,,0.0
PO541315,Process Order,2025-05-04 14:00:00,Emily Davis,Buyer,Standard,2377.99,EUR,Low,Net60,V1152,Premier Equipment Ltd,Services,4.8,True,EMP5631,Operations,CC208,1,INV-415743,2025-05-01,2377.45,Pending,Credit Card,Pending,,0.0
PO975804,Place Order,2025-05-04 14:00:00,John Smith,Requester,Standard,22.61,USD,High,Net15,V2458,Global Tech Solutions,Materials,3.2,False,EMP4787,Finance,CC403,1,INV-215795,2025-05-03,22.08,Pending,Bank Transfer,Pending,,0.0
PO975804,Receive Order,2025-05-04 14:00:00,Robert Taylor,Buyer,Standard,22.61,USD,High,Net15,V2458,Global Tech Solutions,Materials,3.2,False,EMP4787,Finance,CC403,1,INV-215795,2025-05-03,22.08,Pending,Bank Transfer,Pending,,0.0
PO975804,Process Order,2025-05-04 14:00:00,Carlos Rodriguez,Buyer,Standard,22.61,USD,High,Net15,V2458,Global Tech Solutions,Materials,3.2,False,EMP4787,Finance,CC403,1,INV-215795,2025-05-03,22.08,Pending,Bank Transfer,Pending,,0.0
PO975804,Receive Invoice,2025-05-04 14:00:00,Payment Gateway,System,Standard,22.61,USD,High,Net15,V2458,Global Tech Solutions,Materials,3.2,False,EMP4787,Finance,CC403,1,INV-215795,2025-05-03,22.08,Pending,Bank Transfer,Pending,,0.0
PO752011,Place Order,2025-05-04 14:00:00,Priya Patel,Requester,Standard,2534.44,EUR,Medium,Net30,V6857,Global Tech Solutions,Services,4.9,False,EMP7319,Engineering,CC589,1,INV-558976,2025-05-01,2610.45,Pending,Credit Card,Pending,,0.0
PO752011,Receive Order,2025-05-04 14:00:00,Carlos Rodriguez,Buyer,Standard,2534.44,EUR,Medium,Net30,V6857,Global Tech Solutions,Services,4.9,False,EMP7319,Engineering,CC589,1,INV-558976,2025-05-01,2610.45,Pending,Credit Card,Pending,,0.0
PO752011,Process Order,2025-05-04 14:00:00,Jennifer Lee,Buyer,Standard,2534.44,EUR,Medium,Net30,V6857,Global Tech Solutions,Services,4.9,False,EMP7319,Engineering,CC589,1,INV-558976,2025-05-01,2610.45,Pending,Credit Card,Pending,,0.0
PO752011,Receive Invoice,2025-05-04 14:00:00,Invoice System,System,Standard,2534.44,EUR,Medium,Net30,V6857,Global Tech Solutions,Services,4.9,False,EMP7319,Engineering,CC589,1,INV-558976,2025-05-01,2610.45,Pending,Credit Card,Pending,,0.0
PO611833,Place Order,2025-05-04 14:00:00,David Chen,Requester,Standard,65021.65,USD,Low,Net30,V3140,TechStart Solutions,Equipment,4.7,True,EMP6542,Finance,CC804,2,INV-606545,2025-05-01,66325.86,Pending,Bank Transfer,Pending,,0.0
PO611833,Receive Order,2025-05-04 14:00:00,Anna Schmidt,Buyer,Standard,65021.65,USD,Low,Net30,V3140,TechStart Solutions,Equipment,4.7,True,EMP6542,Finance,CC804,2,INV-606545,2025-05-01,66325.86,Pending,Bank Transfer,Pending,,0.0
PO611833,Process Order,2025-05-04 14:00:00,Jennifer Lee,Buyer,Standard,65021.65,USD,Low,Net30,V3140,TechStart Solutions,Equipment,4.7,True,EMP6542,Finance,CC804,2,INV-606545,2025-05-01,66325.86,Pending,Bank Transfer,Pending,,0.0
PO611833,Receive Invoice,2025-05-04 14:00:00,Payment Gateway,System,Standard,65021.65,USD,Low,Net30,V3140,TechStart Solutions,Equipment,4.7,True,EMP6542,Finance,CC804,2,INV-606545,2025-05-01,66325.86,Pending,Bank Transfer,Pending,,0.0
PO615530,Place Order,2025-05-04 14:00:00,Maria Garcia,Requester,Standard,88246.54,USD,Low,Net60,V2226,Equipment Express,Materials,3.8,True,EMP2291,Finance,CC920,2,INV-887931,2025-05-02,88891.05,Pending,Bank Transfer,Pending,,0.0
PO615530,Receive Order,2025-05-04 14:00:00,Robert Taylor,Buyer,Standard,88246.54,USD,Low,Net60,V2226,Equipment Express,Materials,3.8,True,EMP2291,Finance,CC920,2,INV-887931,2025-05-02,88891.05,Pending,Bank Transfer,Pending,,0.0
PO615530,Process Order,2025-05-04 14:00:00,Robert Taylor,Buyer,Standard,88246.54,USD,Low,Net60,V2226,Equipment Express,Materials,3.8,True,EMP2291,Finance,CC920,2,INV-887931,2025-05-02,88891.05,Pending,Bank Transfer,Pending,,0.0
PO615530,Receive Invoice,2025-05-04 14:00:00,Payment Gateway,System,Standard,88246.54,USD,Low,Net60,V2226,Equipment Express,Materials,3.8,True,EMP2291,Finance,CC920,2,INV-887931,2025-05-02,88891.05,Pending,Bank Transfer,Pending,,0.0
PO480992,Place Order,2025-05-04 14:00:00,Tom Anderson,Requester,Express,60609.37,GBP,High,Net30,V8474,Service Specialists,Materials,4.4,False,EMP8414,Operations,CC877,2,INV-457411,2025-05-03,61572.52,Pending,Bank Transfer,Pending,,0.0
PO480992,Receive Order,2025-05-04 14:00:00,Carlos Rodriguez,Buyer,Express,60609.37,GBP,High,Net30,V8474,Service Specialists,Materials,4.4,False,EMP8414,Operations,CC877,2,INV-457411,2025-05-03,61572.52,Pending,Bank Transfer,Pending,,0.0
PO480992,Process Order,2025-05-04 14:00:00,Robert Taylor,Buyer,Express,60609.37,GBP,High,Net30,V8474,Service Specialists,Materials,4.4,False,EMP8414,Operations,CC877,2,INV-457411,2025-05-03,61572.52,Pending,Bank Transfer,Pending,,0.0
PO480992,Receive Invoice,2025-05-04 14:00:00,Payment Gateway,System,Express,60609.37,GBP,High,Net30,V8474,Service Specialists,Materials,4.4,False,EMP8414,Operations,CC877,2,INV-457411,2025-05-03,61572.52,Pending,Bank Transfer,Pending,,0.0
PO579247,Place Order,2025-05-04 14:00:00,David Chen,Requester,Express,929.98,USD,Medium,Net15,V7437,Acme Supplies Inc,Maintenance,4.7,True,EMP8381,Finance,CC703,1,INV-326061,2025-05-03,972.4,Pending,Bank Transfer,Pending,,0.0
PO579247,Receive Order,2025-05-04 14:00:00,Jennifer Lee,Buyer,Express,929.98,USD,Medium,Net15,V7437,Acme Supplies Inc,Maintenance,4.7,True,EMP8381,Finance,CC703,1,INV-326061,2025-05-03,972.4,Pending,Bank Transfer,Pending,,0.0
PO579247,Process Order,2025-05-04 14:00:00,Anna Schmidt,Buyer,Express,929.98,USD,Medium,Net15,V7437,Acme Supplies Inc,Maintenance,4.7,True,EMP8381,Finance,CC703,1,INV-326061,2025-05-03,972.4,Pending,Bank Transfer,Pending,,0.0
PO579247,Receive Invoice,2025-05-04 14:00:00,ERP System,System,Express,929.98,USD,Medium,Net15,V7437,Acme Supplies Inc,Maintenance,4.7,True,EMP8381,Finance,CC703,1,INV-326061,2025-05-03,972.4,Pending,Bank Transfer,Pending,,0.0
PO503348,Place Order,2025-05-04 14:00:00,David Chen,Requester,Standard,660.29,EUR,Medium,Net30,V6273,Maintenance Masters,Maintenance,4.9,False,EMP3185,Operations,CC716,1,INV-628597,2025-05-03,673.5,Pending,Credit Card,Pending,,0.0
PO503348,Receive Order,2025-05-04 14:00:00,Emily Davis,Buyer,Standard,660.29,EUR,Medium,Net30,V6273,Maintenance Masters,Maintenance,4.9,False,EMP3185,Operations,CC716,1,INV-628597,2025-05-03,673.5,Pending,Credit Card,Pending,,0.0
PO503348,Process Order,2025-05-04 14:00:00,Jennifer Lee,Buyer,Standard,660.29,EUR,Medium,Net30,V6273,Maintenance Masters,Maintenance,4.9,False,EMP3185,Operations,CC716,1,INV-628597,2025-05-03,673.5,Pending,Credit Card,Pending,,0.0
PO503348,Receive Invoice,2025-05-04 14:00:00,Payment Gateway,System,Standard,660.29,EUR,Medium,Net30,V6273,Maintenance Masters,Maintenance,4.9,False,EMP3185,Operations,CC716,1,INV-628597,2025-05-03,673.5,Pending,Credit Card,Pending,,0.0
PO221011,Place Order,2025-05-04 14:00:00,Ahmed Al-Rashid,Requester,Express,7248.11,USD,Medium,Immediate,V6281,Digital Solutions Ltd,Services,4.5,False,EMP7920,Facilities,CC635,1,INV-844858,2025-05-04,6962.88,Pending,Bank Transfer,Pending,,0.0
PO221011,Receive Order,2025-05-04 14:00:00,Robert Taylor,Buyer,Express,7248.11,USD,Medium,Immediate,V6281,Digital Solutions Ltd,Services,4.5,False,EMP7920,Facilities,CC635,1,INV-844858,2025-05-04,6962.88,Pending,Bank Transfer,Pending,,0.0
PO221011,Process Order,2025-05-04 14:00:00,Robert Taylor,Buyer,Express,7248.11,USD,Medium,Immediate,V6281,Digital Solutions Ltd,Services,4.5,False,EMP7920,Facilities,CC635,1,INV-844858,2025-05-04,6962.88,Pending,Bank Transfer,Pending,,0.0
PO221011,Receive Invoice,2025-05-04 14:00:00,Payment Gateway,System,Express,7248.11,USD,Medium,Immediate,V6281,Digital Solutions Ltd,Services,4.5,False,EMP7920,Facilities,CC635,1,INV-844858,2025-05-04,6962.88,Pending,Bank Transfer,Pending,,0.0
PO778553,Place Order,2025-05-04 14:00:00,Sarah Wilson,Requester,Standard,5072.9,USD,Medium,Net15,V4675,Office Depot Pro,Materials,3.1,False,EMP7349,HR,CC907,1,INV-878476,2025-05-03,5314.28,Pending,Bank Transfer,Pending,,0.0
PO778553,Receive Order,2025-05-04 14:00:00,Emily Davis,Buyer,Standard,5072.9,USD,Medium,Net15,V4675,Office Depot Pro,Materials,3.1,False,EMP7349,HR,CC907,1,INV-878476,2025-05-03,5314.28,Pending,Bank Transfer,Pending,,0.0
PO778553,Process Order,2025-05-04 14:00:00,Carlos Rodriguez,Buyer,Standard,5072.9,USD,Medium,Net15,V4675,Office Depot Pro,Materials,3.1,False,EMP7349,HR,CC907,1,INV-878476,2025-05-03,5314.28,Pending,Bank Transfer,Pending,,0.0
PO778553,Receive Invoice,2025-05-04 14:00:00,Payment Gateway,System,Standard,5072.9,USD,Medium,Net15,V4675,Office Depot Pro,Materials,3.1,False,EMP7349,HR,CC907,1,INV-878476,2025-05-03,5314.28,Pending,Bank Transfer,Pending,,0.0
PO282237,Place Order,2025-05-04 14:00:00,Lisa Johnson,Requester,Express,185.47,USD,Low,Net30,V2220,Office Depot Pro,Equipment,4.2,False,EMP1092,IT,CC826,1,INV-296059,2025-05-03,193.58,Pending,Bank Transfer,Pending,,0.0
PO282237,Receive Order,2025-05-04 14:00:00,Michael Brown,Buyer,Express,185.47,USD,Low,Net30,V2220,Office Depot Pro,Equipment,4.2,False,EMP1092,IT,CC826,1,INV-296059,2025-05-03,193.58,Pending,Bank Transfer,Pending,,0.0
PO282237,Process Order,2025-05-04 14:00:00,Carlos Rodriguez,Buyer,Express,185.47,USD,Low,Net30,V2220,Office Depot Pro,Equipment,4.2,False,EMP1092,IT,CC826,1,INV-296059,2025-05-03,193.58,Pending,Bank Transfer,Pending,,0.0
PO282237,Receive Invoice,2025-05-04 14:00:00,Invoice System,System,Express,185.47,USD,Low,Net30,V2220,Office Depot Pro,Equipment,4.2,False,EMP1092,IT,CC826,1,INV-296059,2025-05-03,193.58,Pending,Bank Transfer,Pending,,0.0
PO669460,Place Order,2025-05-04 14:00:00,Ahmed Al-Rashid,Requester,Standard,8075.54,USD,Low,Net30,V3611,TechStart Solutions,Services,3.6,False,EMP1144,Operations,CC454,1,INV-536135,2025-05-02,8031.66,Pending,Check,Pending,,0.0
PO669460,Receive Order,2025-05-04 14:00:00,Carlos Rodriguez,Buyer,Standard,8075.54,USD,Low,Net30,V3611,TechStart Solutions,Services,3.6,False,EMP1144,Operations,CC454,1,INV-536135,2025-05-02,8031.66,Pending,Check,Pending,,0.0
PO669460,Process Order,2025-05-04 14:00:00,Robert Taylor,Buyer,Standard,8075.54,USD,Low,Net30,V3611,TechStart Solutions,Services,3.6,False,EMP1144,Operations,CC454,1,INV-536135,2025-05-02,8031.66,Pending,Check,Pending,,0.0
PO669460,Receive Invoice,2025-05-04 14:00:00,ERP System,System,Standard,8075.54,USD,Low,Net30,V3611,TechStart Solutions,Services,3.6,False,EMP1144,Operations,CC454,1,INV-536135,2025-05-02,8031.66,Pending,Check,Pending,,0.0
PO410833,Place Order,2025-05-04 14:00:00,Lisa Johnson,Requester,Blanket,5578.11,USD,Medium,Immediate,V8975,Premier Equipment Ltd,Maintenance,4.5,True,EMP2072,IT,CC744,1,INV-145981,2025-05-04,5730.72,Pending,Check,Pending,,0.0
PO410833,Receive Order,2025-05-04 14:00:00,Jennifer Lee,Buyer,Blanket,5578.11,USD,Medium,Immediate,V8975,Premier Equipment Ltd,Maintenance,4.5,True,EMP2072,IT,CC744,1,INV-145981,2025-05-04,5730.72,Pending,Check,Pending,,0.0
PO410833,Process Order,2025-05-04 14:00:00,Carlos Rodriguez,Buyer,Blanket,5578.11,USD,Medium,Immediate,V8975,Premier Equipment Ltd,Maintenance,4.5,True,EMP2072,IT,CC744,1,INV-145981,2025-05-04,5730.72,Pending,Check,Pending,,0.0
PO410833,Receive Invoice,2025-05-04 14:00:00,Invoice System,System,Blanket,5578.11,USD,Medium,Immediate,V8975,Premier Equipment Ltd,Maintenance,4.5,True,EMP2072,IT,CC744,1,INV-145981,2025-05-04,5730.72,Pending,Check,Pending,,0.0
PO961530,Place Order,2025-05-04 14:00:00,Priya Patel,Requester,Standard,795.48,USD,Medium,Net60,V2154,Maintenance Masters,Services,3.8,True,EMP9762,Operations,CC837,1,INV-702891,2025-05-04,804.89,Pending,Credit Card,Pending,,0.0
PO961530,Receive Order,2025-05-04 14:00:00,Robert Taylor,Buyer,Standard,795.48,USD,Medium,Net60,V2154,Maintenance Masters,Services,3.8,True,EMP9762,Operations,CC837,1,INV-702891,2025-05-04,804.89,Pending,Credit Card,Pending,,0.0
PO961530,Process Order,2025-05-04 14:00:00,Emily Davis,Buyer,Standard,795.48,USD,Medium,Net60,V2154,Maintenance Masters,Services,3.8,True,EMP9762,Operations,CC837,1,INV-702891,2025-05-04,804.89,Pending,Credit Card,Pending,,0.0
PO961530,Receive Invoice,2025-05-04 14:00:00,ERP System,System,Standard,795.48,USD,Medium,Net60,V2154,Maintenance Masters,Services,3.8,True,EMP9762,Operations,CC837,1,INV-702891,2025-05-04,804.89,Pending,Credit Card,Pending,,0.0
PO509985,Place Order,2025-05-04 14:00:00,David Chen,Requester,Express,5800.68,GBP,Low,Net60,V3234,Office Depot Pro,Materials,4.8,False,EMP1182,Marketing,CC668,1,INV-883028,2025-05-03,5592.65,Pending,Bank Transfer,Pending,,0.0
PO509985,Receive Order,2025-05-04 14:00:00,Emily Davis,Buyer,Express,5800.68,GBP,Low,Net60,V3234,Office Depot Pro,Materials,4.8,False,EMP1182,Marketing,CC668,1,INV-883028,2025-05-03,5592.65,Pending,Bank Transfer,Pending,,0.0
PO509985,Process Order,2025-05-04 14:00:00,Robert Taylor,Buyer,Express,5800.68,GBP,Low,Net60,V3234,Office Depot Pro,Materials,4.8,False,EMP1182,Marketing,CC668,1,INV-883028,2025-05-03,5592.65,Pending,Bank Transfer,Pending,,0.0
PO509985,Receive Invoice,2025-05-04 14:00:00,Invoice System,System,Express,5800.68,GBP,Low,Net60,V3234,Office Depot Pro,Materials,4.8,False,EMP1182,Marketing,CC668,1,INV-883028,2025-05-03,5592.65,Pending,Bank Transfer,Pending,,0.0
PO803571,Place Order,2025-05-04 14:00:00,Lisa Johnson,Requester,Express,3274.42,GBP,High,Immediate,V2877,Equipment Express,Services,4.1,False,EMP2103,IT,CC302,1,INV-290167,2025-05-02,3348.29,Pending,Bank Transfer,Pending,,0.0
PO803571,Receive Order,2025-05-04 14:00:00,Robert Taylor,Buyer,Express,3274.42,GBP,High,Immediate,V2877,Equipment Express,Services,4.1,False,EMP2103,IT,CC302,1,INV-290167,2025-05-02,3348.29,Pending,Bank Transfer,Pending,,0.0
PO803571,Process Order,2025-05-04 14:00:00,Robert Taylor,Buyer,Express,3274.42,GBP,High,Immediate,V2877,Equipment Express,Services,4.1,False,EMP2103,IT,CC302,1,INV-290167,2025-05-02,3348.29,Pending,Bank Transfer,Pending,,0.0
PO803571,Receive Invoice,2025-05-04 14:00:00,Invoice System,System,Express,3274.42,GBP,High,Immediate,V2877,Equipment Express,Services,4.1,False,EMP2103,IT,CC302,1,INV-290167,2025-05-02,3348.29,Pending,Bank Transfer,Pending,,0.0
PO431699,Place Order,2025-05-04 14:00:00,Sarah Wilson,Requester,Contract,2371.4,USD,Medium,Net15,V6971,Digital Solutions Ltd,Materials,3.9,False,EMP3200,Engineering,CC439,1,INV-946934,2025-05-04,2461.01,Pending,Bank Transfer,Pending,,0.0
PO431699,Receive Order,2025-05-04 14:00:00,Jennifer Lee,Buyer,Contract,2371.4,USD,Medium,Net15,V6971,Digital Solutions Ltd,Materials,3.9,False,EMP3200,Engineering,CC439,1,INV-946934,2025-05-04,2461.01,Pending,Bank Transfer,Pending,,0.0
PO431699,Process Order,2025-05-04 14:00:00,Michael Brown,Buyer,Contract,2371.4,USD,Medium,Net15,V6971,Digital Solutions Ltd,Materials,3.9,False,EMP3200,Engineering,CC439,1,INV-946934,2025-05-04,2461.01,Pending,Bank Transfer,Pending,,0.0
PO431699,Receive Invoice,2025-05-04 14:00:00,Invoice System,System,Contract,2371.4,USD,Medium,Net15,V6971,Digital Solutions Ltd,Materials,3.9,False,EMP3200,Engineering,CC439,1,INV-946934,2025-05-04,2461.01,Pending,Bank Transfer,Pending,,0.0
PO132709,Place Order,2025-05-04 14:00:00,David Chen,Requester,Express,90288.57,USD,Medium,Net30,V9309,Acme Supplies Inc,Materials,4.1,False,EMP3435,HR,CC328,2,INV-762308,2025-05-03,93822.8,Pending,Bank Transfer,Pending,,0.0
PO132709,Receive Order,2025-05-04 14:00:00,Anna Schmidt,Buyer,Express,90288.57,USD,Medium,Net30,V9309,Acme Supplies Inc,Materials,4.1,False,EMP3435,HR,CC328,2,INV-762308,2025-05-03,93822.8,Pending,Bank Transfer,Pending,,0.0
PO132709,Process Order,2025-05-04 14:00:00,Robert Taylor,Buyer,Express,90288.57,USD,Medium,Net30,V9309,Acme Supplies Inc,Materials,4.1,False,EMP3435,HR,CC328,2,INV-762308,2025-05-03,93822.8,Pending,Bank Transfer,Pending,,0.0
PO132709,Receive Invoice,2025-05-04 14:00:00,Invoice System,System,Express,90288.57,USD,Medium,Net30,V9309,Acme Supplies Inc,Materials,4.1,False,EMP3435,HR,CC328,2,INV-762308,2025-05-03,93822.8,Pending,Bank Transfer,Pending,,0.0
PO867562,Place Order,2025-05-04 14:00:00,David Chen,Requester,Standard,6091.75,USD,Low,Net30,V3395,Global Tech Solutions,Services,3.5,True,EMP9485,Sales,CC469,1,INV-871667,2025-05-01,6023.58,Pending,Check,Pending,,0.0
PO867562,Receive Order,2025-05-04 14:00:00,Robert Taylor,Buyer,Standard,6091.75,USD,Low,Net30,V3395,Global Tech Solutions,Services,3.5,True,EMP9485,Sales,CC469,1,INV-871667,2025-05-01,6023.58,Pending,Check,Pending,,0.0
PO867562,Process Order,2025-05-04 14:00:00,Anna Schmidt,Buyer,Standard,6091.75,USD,Low,Net30,V3395,Global Tech Solutions,Services,3.5,True,EMP9485,Sales,CC469,1,INV-871667,2025-05-01,6023.58,Pending,Check,Pending,,0.0
PO867562,Receive Invoice,2025-05-04 14:00:00,Invoice System,System,Standard,6091.75,USD,Low,Net30,V3395,Global Tech Solutions,Services,3.5,True,EMP9485,Sales,CC469,1,INV-871667,2025-05-01,6023.58,Pending,Check,Pending,,0.0
PO363807,Place Order,2025-05-04 14:00:00,Priya Patel,Requester,Standard,6879.38,CAD,Medium,Net30,V2275,TechStart Solutions,Services,4.0,True,EMP9222,Facilities,CC550,1,INV-641760,2025-05-01,6649.34,Pending,Bank Transfer,Pending,,0.0
PO363807,Receive Order,2025-05-04 14:00:00,Emily Davis,Buyer,Standard,6879.38,CAD,Medium,Net30,V2275,TechStart Solutions,Services,4.0,True,EMP9222,Facilities,CC550,1,INV-641760,2025-05-01,6649.34,Pending,Bank Transfer,Pending,,0.0
PO363807,Process Order,2025-05-04 14:00:00,Michael Brown,Buyer,Standard,6879.38,CAD,Medium,Net30,V2275,TechStart Solutions,Services,4.0,True,EMP9222,Facilities,CC550,1,INV-641760,2025-05-01,6649.34,Pending,Bank Transfer,Pending,,0.0
PO363807,Receive Invoice,2025-05-04 14:00:00,ERP System,System,Standard,6879.38,CAD,Medium,Net30,V2275,TechStart Solutions,Services,4.0,True,EMP9222,Facilities,CC550,1,INV-641760,2025-05-01,6649.34,Pending,Bank Transfer,Pending,,0.0
PO355506,Place Order,2025-05-04 14:00:00,David Chen,Requester,Standard,169.47,USD,Low,Net60,V7732,Acme Supplies Inc,Software,3.3,True,EMP5231,Sales,CC629,1,INV-123536,2025-05-01,177.24,Pending,Bank Transfer,Pending,,0.0
PO355506,Receive Order,2025-05-04 14:00:00,Carlos Rodriguez,Buyer,Standard,169.47,USD,Low,Net60,V7732,Acme Supplies Inc,Software,3.3,True,EMP5231,Sales,CC629,1,INV-123536,2025-05-01,177.24,Pending,Bank Transfer,Pending,,0.0
PO355506,Process Order,2025-05-04 14:00:00,Michael Brown,Buyer,Standard,169.47,USD,Low,Net60,V7732,Acme Supplies Inc,Software,3.3,True,EMP5231,Sales,CC629,1,INV-123536,2025-05-01,177.24,Pending,Bank Transfer,Pending,,0.0
PO355506,Receive Invoice,2025-05-04 14:00:00,Invoice System,System,Standard,169.47,USD,Low,Net60,V7732,Acme Supplies Inc,Software,3.3,True,EMP5231,Sales,CC629,1,INV-123536,2025-05-01,177.24,Pending,Bank Transfer,Pending,,0.0
PO791691,Place Order,2025-05-04 14:00:00,Maria Garcia,Requester,Standard,8150.75,USD,Medium,Immediate,V3979,Service Specialists,Materials,3.5,False,EMP3166,Operations,CC307,1,INV-753484,2025-05-03,8169.26,Pending,Check,Pending,,0.0
PO791691,Receive Order,2025-05-04 14:00:00,Anna Schmidt,Buyer,Standard,8150.75,USD,Medium,Immediate,V3979,Service Specialists,Materials,3.5,False,EMP3166,Operations,CC307,1,INV-753484,2025-05-03,8169.26,Pending,Check,Pending,,0.0
PO791691,Process Order,2025-05-04 14:00:00,Anna Schmidt,Buyer,Standard,8150.75,USD,Medium,Immediate,V3979,Service Specialists,Materials,3.5,False,EMP3166,Operations,CC307,1,INV-753484,2025-05-03,8169.26,Pending,Check,Pending,,0.0
PO791691,Receive Invoice,2025-05-04 14:00:00,Invoice System,System,Standard,8150.75,USD,Medium,Immediate,V3979,Service Specialists,Materials,3.5,False,EMP3166,Operations,CC307,1,INV-753484,2025-05-03,8169.26,Pending,Check,Pending,,0.0
PO811521,Place Order,2025-05-04 14:00:00,John Smith,Requester,Standard,58535.2,USD,Medium,Net30,V1019,Equipment Express,Services,4.9,False,EMP7246,HR,CC923,2,INV-912510,2025-05-04,59948.2,Pending,Credit Card,Pending,,0.0
PO811521,Receive Order,2025-05-04 14:00:00,Carlos Rodriguez,Buyer,Standard,58535.2,USD,Medium,Net30,V1019,Equipment Express,Services,4.9,False,EMP7246,HR,CC923,2,INV-912510,2025-05-04,59948.2,Pending,Credit Card,Pending,,0.0
PO811521,Process Order,2025-05-04 14:00:00,Michael Brown,Buyer,Standard,58535.2,USD,Medium,Net30,V1019,Equipment Express,Services,4.9,False,EMP7246,HR,CC923,2,INV-912510,2025-05-04,59948.2,Pending,Credit Card,Pending,,0.0
PO811521,Receive Invoice,2025-05-04 14:00:00,ERP System,System,Standard,58535.2,USD,Medium,Net30,V1019,Equipment Express,Services,4.9,False,EMP7246,HR,CC923,2,INV-912510,2025-05-04,59948.2,Pending,Credit Card,Pending,,0.0
PO786341,Place Order,2025-05-04 14:00:00,Maria Garcia,Requester,Standard,2060.34,GBP,Medium,Net30,V1117,Maintenance Masters,Materials,3.5,False,EMP6990,Marketing,CC796,1,INV-493247,2025-05-01,2039.21,Pending,Bank Transfer,Pending,,0.0
PO786341,Receive Order,2025-05-04 14:00:00,Carlos Rodriguez,Buyer,Standard,2060.34,GBP,Medium,Net30,V1117,Maintenance Masters,Materials,3.5,False,EMP6990,Marketing,CC796,1,INV-493247,2025-05-01,2039.21,Pending,Bank Transfer,Pending,,0.0
PO786341,Process Order,2025-05-04 14:00:00,Emily Davis,Buyer,Standard,2060.34,GBP,Medium,Net30,V1117,Maintenance Masters,Materials,3.5,False,EMP6990,Marketing,CC796,1,INV-493247,2025-05-01,2039.21,Pending,Bank Transfer,Pending,,0.0
PO786341,Receive Invoice,2025-05-04 14:00:00,ERP System,System,Standard,2060.34,GBP,Medium,Net30,V1117,Maintenance Masters,Materials,3.5,False,EMP6990,Marketing,CC796,1,INV-493247,2025-05-01,2039.21,Pending,Bank Transfer,Pending,,0.0
PO633036,Place Order,2025-05-04 14:00:00,David Chen,Requester,Standard,95431.12,USD,Medium,Net60,V2642,Digital Solutions Ltd,Equipment,3.8,True,EMP2492,Facilities,CC582,2,INV-324875,2025-05-01,99495.17,Pending,Bank Transfer,Pending,,0.0
PO633036,Receive Order,2025-05-04 14:00:00,Anna Schmidt,Buyer,Standard,95431.12,USD,Medium,Net60,V2642,Digital Solutions Ltd,Equipment,3.8,True,EMP2492,Facilities,CC582,2,INV-324875,2025-05-01,99495.17,Pending,Bank Transfer,Pending,,0.0
PO633036,Process Order,2025-05-04 14:00:00,Carlos Rodriguez,Buyer,Standard,95431.12,USD,Medium,Net60,V2642,Digital Solutions Ltd,Equipment,3.8,True,EMP2492,Facilities,CC582,2,INV-324875,2025-05-01,99495.17,Pending,Bank Transfer,Pending,,0.0
PO633036,Receive Invoice,2025-05-04 14:00:00,ERP System,System,Standard,95431.12,USD,Medium,Net60,V2642,Digital Solutions Ltd,Equipment,3.8,True,EMP2492,Facilities,CC582,2,INV-324875,2025-05-01,99495.17,Pending,Bank Transfer,Pending,,0.0
PO304206,Place Order,2025-05-04 14:00:00,Lisa Johnson,Requester,Standard,851.21,USD,Medium,Net30,V9489,Premier Equipment Ltd,Materials,3.7,True,EMP3579,Operations,CC382,1,INV-399899,2025-05-02,875.02,Pending,Bank Transfer,Pending,,0.0
PO304206,Receive Order,2025-05-04 14:00:00,Anna Schmidt,Buyer,Standard,851.21,USD,Medium,Net30,V9489,Premier Equipment Ltd,Materials,3.7,True,EMP3579,Operations,CC382,1,INV-399899,2025-05-02,875.02,Pending,Bank Transfer,Pending,,0.0
PO304206,Process Order,2025-05-04 14:00:00,Michael Brown,Buyer,Standard,851.21,USD,Medium,Net30,V9489,Premier Equipment Ltd,Materials,3.7,True,EMP3579,Operations,CC382,1,INV-399899,2025-05-02,875.02,Pending,Bank Transfer,Pending,,0.0
PO304206,Receive Invoice,2025-05-04 14:00:00,Invoice System,System,Standard,851.21,USD,Medium,Net30,V9489,Premier Equipment Ltd,Materials,3.7,True,EMP3579,Operations,CC382,1,INV-399899,2025-05-02,875.02,Pending,Bank Transfer,Pending,,0.0
PO104877,Place Order,2025-05-04 14:00:00,Sarah Wilson,Requester,Standard,2750.53,USD,Low,Net30,V7618,Office Depot Pro,Services,3.2,False,EMP9813,Facilities,CC688,1,INV-702833,2025-05-01,2681.81,Pending,Bank Transfer,Pending,,0.0
PO104877,Receive Order,2025-05-04 14:00:00,Jennifer Lee,Buyer,Standard,2750.53,USD,Low,Net30,V7618,Office Depot Pro,Services,3.2,False,EMP9813,Facilities,CC688,1,INV-702833,2025-05-01,2681.81,Pending,Bank Transfer,Pending,,0.0
PO104877,Process Order,2025-05-04 14:00:00,Emily Davis,Buyer,Standard,2750.53,USD,Low,Net30,V7618,Office Depot Pro,Services,3.2,False,EMP9813,Facilities,CC688,1,INV-702833,2025-05-01,2681.81,Pending,Bank Transfer,Pending,,0.0
PO104877,Receive Invoice,2025-05-04 14:00:00,Invoice System,System,Standard,2750.53,USD,Low,Net30,V7618,Office Depot Pro,Services,3.2,False,EMP9813,Facilities,CC688,1,INV-702833,2025-05-01,2681.81,Pending,Bank Transfer,Pending,,0.0
PO104877,Review Invoice,2025-05-04 14:00:00,Michelle Kim,Ap Clerk,Standard,2750.53,USD,Low,Net30,V7618,Office Depot Pro,Services,3.2,False,EMP9813,Facilities,CC688,1,INV-702833,2025-05-01,2681.81,Pending,Bank Transfer,Pending,,0.0
PO104877,Create Payment,2025-05-04 14:00:00,Paul Martinez,Ap Clerk,Standard,2750.53,USD,Low,Net30,V7618,Office Depot Pro,Services,3.2,False,EMP9813,Facilities,CC688,1,INV-702833,2025-05-01,2681.81,Pending,Bank Transfer,Pending,,0.0
PO972600,Place Order,2025-05-04 14:00:00,Maria Garcia,Requester,Standard,564853.8,USD,Medium,Net15,V1159,TechStart Solutions,Equipment,4.9,False,EMP6142,HR,CC687,3,INV-834861,2025-05-01,551809.96,Pending,Check,Pending,,0.0
PO972600,Receive Order,2025-05-04 14:00:00,Robert Taylor,Buyer,Standard,564853.8,USD,Medium,Net15,V1159,TechStart Solutions,Equipment,4.9,False,EMP6142,HR,CC687,3,INV-834861,2025-05-01,551809.96,Pending,Check,Pending,,0.0
PO972600,Process Order,2025-05-04 14:00:00,Robert Taylor,Buyer,Standard,564853.8,USD,Medium,Net15,V1159,TechStart Solutions,Equipment,4.9,False,EMP6142,HR,CC687,3,INV-834861,2025-05-01,551809.96,Pending,Check,Pending,,0.0
PO972600,Receive Invoice,2025-05-04 14:00:00,ERP System,System,Standard,564853.8,USD,Medium,Net15,V1159,TechStart Solutions,Equipment,4.9,False,EMP6142,HR,CC687,3,INV-834861,2025-05-01,551809.96,Pending,Check,Pending,,0.0
PO972600,Review Invoice,2025-05-04 14:00:00,Paul Martinez,Ap Clerk,Standard,564853.8,USD,Medium,Net15,V1159,TechStart Solutions,Equipment,4.9,False,EMP6142,HR,CC687,3,INV-834861,2025-05-01,551809.96,Pending,Check,Pending,,0.0
PO972600,Create Payment,2025-05-04 14:00:00,Susan Clark,Ap Clerk,Standard,564853.8,USD,Medium,Net15,V1159,TechStart Solutions,Equipment,4.9,False,EMP6142,HR,CC687,3,INV-834861,2025-05-01,551809.96,Pending,Check,Pending,,0.0
PO989203,Place Order,2025-05-04 14:00:00,Lisa Johnson,Requester,Standard,7877.43,EUR,Medium,Net90,V9871,Service Specialists,Software,4.0,False,EMP7518,IT,CC690,1,INV-144316,2025-05-02,7584.58,Pending,Bank Transfer,Pending,,0.0
PO989203,Receive Order,2025-05-04 14:00:00,Robert Taylor,Buyer,Standard,7877.43,EUR,Medium,Net90,V9871,Service Specialists,Software,4.0,False,EMP7518,IT,CC690,1,INV-144316,2025-05-02,7584.58,Pending,Bank Transfer,Pending,,0.0
PO989203,Process Order,2025-05-04 14:00:00,Michael Brown,Buyer,Standard,7877.43,EUR,Medium,Net90,V9871,Service Specialists,Software,4.0,False,EMP7518,IT,CC690,1,INV-144316,2025-05-02,7584.58,Pending,Bank Transfer,Pending,,0.0
PO989203,Receive Invoice,2025-05-04 14:00:00,ERP System,System,Standard,7877.43,EUR,Medium,Net90,V9871,Service Specialists,Software,4.0,False,EMP7518,IT,CC690,1,INV-144316,2025-05-02,7584.58,Pending,Bank Transfer,Pending,,0.0
PO989203,Review Invoice,2025-05-04 14:00:00,Susan Clark,Ap Clerk,Standard,7877.43,EUR,Medium,Net90,V9871,Service Specialists,Software,4.0,False,EMP7518,IT,CC690,1,INV-144316,2025-05-02,7584.58,Pending,Bank Transfer,Pending,,0.0
PO989203,Create Payment,2025-05-04 14:00:00,Paul Martinez,Ap Clerk,Standard,7877.43,EUR,Medium,Net90,V9871,Service Specialists,Software,4.0,False,EMP7518,IT,CC690,1,INV-144316,2025-05-02,7584.58,Pending,Bank Transfer,Pending,,0.0
PO742865,Place Order,2025-05-04 14:00:00,Ahmed Al-Rashid,Requester,Standard,269.96,USD,Medium,Net30,V5413,TechStart Solutions,Services,3.8,False,EMP3947,Marketing,CC689,1,INV-594241,2025-05-04,274.98,Pending,Credit Card,Pending,,0.0
PO742865,Receive Order,2025-05-04 14:00:00,Robert Taylor,Buyer,Standard,269.96,USD,Medium,Net30,V5413,TechStart Solutions,Services,3.8,False,EMP3947,Marketing,CC689,1,INV-594241,2025-05-04,274.98,Pending,Credit Card,Pending,,0.0
PO742865,Process Order,2025-05-04 14:00:00,Anna Schmidt,Buyer,Standard,269.96,USD,Medium,Net30,V5413,TechStart Solutions,Services,3.8,False,EMP3947,Marketing,CC689,1,INV-594241,2025-05-04,274.98,Pending,Credit Card,Pending,,0.0
PO742865,Receive Invoice,2025-05-04 14:00:00,ERP System,System,Standard,269.96,USD,Medium,Net30,V5413,TechStart Solutions,Services,3.8,False,EMP3947,Marketing,CC689,1,INV-594241,2025-05-04,274.98,Pending,Credit Card,Pending,,0.0
PO742865,Review Invoice,2025-05-04 14:00:00,Michelle Kim,Ap Clerk,Standard,269.96,USD,Medium,Net30,V5413,TechStart Solutions,Services,3.8,False,EMP3947,Marketing,CC689,1,INV-594241,2025-05-04,274.98,Pending,Credit Card,Pending,,0.0
PO742865,Create Payment,2025-05-04 14:00:00,James White,Ap Clerk,Standard,269.96,USD,Medium,Net30,V5413,TechStart Solutions,Services,3.8,False,EMP3947,Marketing,CC689,1,INV-594241,2025-05-04,274.98,Pending,Credit Card,Pending,,0.0
PO953350,Place Order,2025-05-04 14:00:00,David Chen,Requester,Standard,7214.2,GBP,Low,Net15,V1983,Office Depot Pro,Services,4.1,False,EMP6638,Operations,CC224,1,INV-325933,2025-05-02,7106.77,Pending,Credit Card,Pending,,0.0
PO953350,Receive Order,2025-05-04 14:00:00,Robert Taylor,Buyer,Standard,7214.2,GBP,Low,Net15,V1983,Office Depot Pro,Services,4.1,False,EMP6638,Operations,CC224,1,INV-325933,2025-05-02,7106.77,Pending,Credit Card,Pending,,0.0
PO953350,Process Order,2025-05-04 14:00:00,Michael Brown,Buyer,Standard,7214.2,GBP,Low,Net15,V1983,Office Depot Pro,Services,4.1,False,EMP6638,Operations,CC224,1,INV-325933,2025-05-02,7106.77,Pending,Credit Card,Pending,,0.0
PO953350,Receive Invoice,2025-05-04 14:00:00,Invoice System,System,Standard,7214.2,GBP,Low,Net15,V1983,Office Depot Pro,Services,4.1,False,EMP6638,Operations,CC224,1,INV-325933,2025-05-02,7106.77,Pending,Credit Card,Pending,,0.0
PO953350,Review Invoice,2025-05-04 14:00:00,James White,Ap Clerk,Standard,7214.2,GBP,Low,Net15,V1983,Office Depot Pro,Services,4.1,False,EMP6638,Operations,CC224,1,INV-325933,2025-05-02,7106.77,Pending,Credit Card,Pending,,0.0
PO953350,Create Payment,2025-05-04 14:00:00,Michelle Kim,Ap Clerk,Standard,7214.2,GBP,Low,Net15,V1983,Office Depot Pro,Services,4.1,False,EMP6638,Operations,CC224,1,INV-325933,2025-05-02,7106.77,Pending,Credit Card,Pending,,0.0
PO174809,Place Order,2025-05-04 14:00:00,John Smith,Requester,Standard,6510.18,USD,Medium,Net60,V7631,Digital Solutions Ltd,Services,4.3,False,EMP8289,Facilities,CC471,1,INV-990136,2025-05-04,6671.56,Pending,Bank Transfer,Pending,,0.0
PO174809,Receive Order,2025-05-04 14:00:00,Carlos Rodriguez,Buyer,Standard,6510.18,USD,Medium,Net60,V7631,Digital Solutions Ltd,Services,4.3,False,EMP8289,Facilities,CC471,1,INV-990136,2025-05-04,6671.56,Pending,Bank Transfer,Pending,,0.0
PO174809,Process Order,2025-05-04 14:00:00,Robert Taylor,Buyer,Standard,6510.18,USD,Medium,Net60,V7631,Digital Solutions Ltd,Services,4.3,False,EMP8289,Facilities,CC471,1,INV-990136,2025-05-04,6671.56,Pending,Bank Transfer,Pending,,0.0
PO174809,Receive Invoice,2025-05-04 14:00:00,ERP System,System,Standard,6510.18,USD,Medium,Net60,V7631,Digital Solutions Ltd,Services,4.3,False,EMP8289,Facilities,CC471,1,INV-990136,2025-05-04,6671.56,Pending,Bank Transfer,Pending,,0.0
PO174809,Review Invoice,2025-05-04 14:00:00,Michelle Kim,Ap Clerk,Standard,6510.18,USD,Medium,Net60,V7631,Digital Solutions Ltd,Services,4.3,False,EMP8289,Facilities,CC471,1,INV-990136,2025-05-04,6671.56,Pending,Bank Transfer,Pending,,0.0
PO174809,Create Payment,2025-05-04 14:00:00,Susan Clark,Ap Clerk,Standard,6510.18,USD,Medium,Net60,V7631,Digital Solutions Ltd,Services,4.3,False,EMP8289,Facilities,CC471,1,INV-990136,2025-05-04,6671.56,Pending,Bank Transfer,Pending,,0.0
PO508783,Place Order,2025-05-04 14:00:00,Lisa Johnson,Requester,Standard,621.3,USD,Low,Net60,V2381,Premier Equipment Ltd,Services,3.3,True,EMP6846,Facilities,CC433,1,INV-786641,2025-05-03,643.93,Pending,Bank Transfer,Pending,,0.0
PO508783,Receive Order,2025-05-04 14:00:00,Anna Schmidt,Buyer,Standard,621.3,USD,Low,Net60,V2381,Premier Equipment Ltd,Services,3.3,True,EMP6846,Facilities,CC433,1,INV-786641,2025-05-03,643.93,Pending,Bank Transfer,Pending,,0.0
PO508783,Process Order,2025-05-04 14:00:00,Anna Schmidt,Buyer,Standard,621.3,USD,Low,Net60,V2381,Premier Equipment Ltd,Services,3.3,True,EMP6846,Facilities,CC433,1,INV-786641,2025-05-03,643.93,Pending,Bank Transfer,Pending,,0.0
PO508783,Receive Invoice,2025-05-04 14:00:00,Payment Gateway,System,Standard,621.3,USD,Low,Net60,V2381,Premier Equipment Ltd,Services,3.3,True,EMP6846,Facilities,CC433,1,INV-786641,2025-05-03,643.93,Pending,Bank Transfer,Pending,,0.0
PO508783,Review Invoice,2025-05-04 14:00:00,Susan Clark,Ap Clerk,Standard,621.3,USD,Low,Net60,V2381,Premier Equipment Ltd,Services,3.3,True,EMP6846,Facilities,CC433,1,INV-786641,2025-05-03,643.93,Pending,Bank Transfer,Pending,,0.0
PO508783,Create Payment,2025-05-04 14:00:00,Susan Clark,Ap Clerk,Standard,621.3,USD,Low,Net60,V2381,Premier Equipment Ltd,Services,3.3,True,EMP6846,Facilities,CC433,1,INV-786641,2025-05-03,643.93,Pending,Bank Transfer,Pending,,0.0
PO372427,Place Order,2025-05-04 14:00:00,Sarah Wilson,Requester,Standard,49766.99,USD,Medium,Net15,V6992,Premier Equipment Ltd,Services,3.9,True,EMP9059,Sales,CC588,2,INV-532227,2025-05-02,48769.71,Pending,Credit Card,Pending,,0.0
PO372427,Receive Order,2025-05-04 14:00:00,Robert Taylor,Buyer,Standard,49766.99,USD,Medium,Net15,V6992,Premier Equipment Ltd,Services,3.9,True,EMP9059,Sales,CC588,2,INV-532227,2025-05-02,48769.71,Pending,Credit Card,Pending,,0.0
PO372427,Process Order,2025-05-04 14:00:00,Carlos Rodriguez,Buyer,Standard,49766.99,USD,Medium,Net15,V6992,Premier Equipment Ltd,Services,3.9,True,EMP9059,Sales,CC588,2,INV-532227,2025-05-02,48769.71,Pending,Credit Card,Pending,,0.0
PO372427,Receive Invoice,2025-05-04 14:00:00,ERP System,System,Standard,49766.99,USD,Medium,Net15,V6992,Premier Equipment Ltd,Services,3.9,True,EMP9059,Sales,CC588,2,INV-532227,2025-05-02,48769.71,Pending,Credit Card,Pending,,0.0
PO372427,Review Invoice,2025-05-04 14:00:00,Michelle Kim,Ap Clerk,Standard,49766.99,USD,Medium,Net15,V6992,Premier Equipment Ltd,Services,3.9,True,EMP9059,Sales,CC588,2,INV-532227,2025-05-02,48769.71,Pending,Credit Card,Pending,,0.0
PO372427,Create Payment,2025-05-04 14:00:00,Michelle Kim,Ap Clerk,Standard,49766.99,USD,Medium,Net15,V6992,Premier Equipment Ltd,Services,3.9,True,EMP9059,Sales,CC588,2,INV-532227,2025-05-02,48769.71,Pending,Credit Card,Pending,,0.0
PO297132,Place Order,2025-05-04 14:00:00,John Smith,Requester,Blanket,744.75,USD,Low,Net60,V5404,Service Specialists,Services,4.4,False,EMP4076,IT,CC255,1,INV-532961,2025-05-03,711.21,Pending,Bank Transfer,Pending,,0.0
PO297132,Receive Order,2025-05-04 14:00:00,Emily Davis,Buyer,Blanket,744.75,USD,Low,Net60,V5404,Service Specialists,Services,4.4,False,EMP4076,IT,CC255,1,INV-532961,2025-05-03,711.21,Pending,Bank Transfer,Pending,,0.0
PO297132,Process Order,2025-05-04 14:00:00,Robert Taylor,Buyer,Blanket,744.75,USD,Low,Net60,V5404,Service Specialists,Services,4.4,False,EMP4076,IT,CC255,1,INV-532961,2025-05-03,711.21,Pending,Bank Transfer,Pending,,0.0
PO297132,Receive Invoice,2025-05-04 14:00:00,ERP System,System,Blanket,744.75,USD,Low,Net60,V5404,Service Specialists,Services,4.4,False,EMP4076,IT,CC255,1,INV-532961,2025-05-03,711.21,Pending,Bank Transfer,Pending,,0.0
PO297132,Review Invoice,2025-05-04 14:00:00,Susan Clark,Ap Clerk,Blanket,744.75,USD,Low,Net60,V5404,Service Specialists,Services,4.4,False,EMP4076,IT,CC255,1,INV-532961,2025-05-03,711.21,Pending,Bank Transfer,Pending,,0.0
PO297132,Create Payment,2025-05-04 14:00:00,Paul Martinez,Ap Clerk,Blanket,744.75,USD,Low,Net60,V5404,Service Specialists,Services,4.4,False,EMP4076,IT,CC255,1,INV-532961,2025-05-03,711.21,Pending,Bank Transfer,Pending,,0.0
PO592984,Place Order,2025-05-04 14:00:00,Ahmed Al-Rashid,Requester,Standard,777.12,GBP,Low,Net30,V2169,Acme Supplies Inc,Equipment,4.5,True,EMP7304,Facilities,CC553,1,INV-669578,2025-05-02,757.47,Pending,Cash,Pending,,0.0
PO592984,Receive Order,2025-05-04 14:00:00,Anna Schmidt,Buyer,Standard,777.12,GBP,Low,Net30,V2169,Acme Supplies Inc,Equipment,4.5,True,EMP7304,Facilities,CC553,1,INV-669578,2025-05-02,757.47,Pending,Cash,Pending,,0.0
PO592984,Process Order,2025-05-04 14:00:00,Robert Taylor,Buyer,Standard,777.12,GBP,Low,Net30,V2169,Acme Supplies Inc,Equipment,4.5,True,EMP7304,Facilities,CC553,1,INV-669578,2025-05-02,757.47,Pending,Cash,Pending,,0.0
PO592984,Receive Invoice,2025-05-04 14:00:00,Payment Gateway,System,Standard,777.12,GBP,Low,Net30,V2169,Acme Supplies Inc,Equipment,4.5,True,EMP7304,Facilities,CC553,1,INV-669578,2025-05-02,757.47,Pending,Cash,Pending,,0.0
PO592984,Review Invoice,2025-05-04 14:00:00,Paul Martinez,Ap Clerk,Standard,777.12,GBP,Low,Net30,V2169,Acme Supplies Inc,Equipment,4.5,True,EMP7304,Facilities,CC553,1,INV-669578,2025-05-02,757.47,Pending,Cash,Pending,,0.0
PO592984,Create Payment,2025-05-04 14:00:00,Paul Martinez,Ap Clerk,Standard,777.12,GBP,Low,Net30,V2169,Acme Supplies Inc,Equipment,4.5,True,EMP7304,Facilities,CC553,1,INV-669578,2025-05-02,757.47,Pending,Cash,Pending,,0.0
PO347428,Place Order,2025-05-04 14:00:00,Priya Patel,Requester,Standard,887.76,USD,Low,Net30,V4568,Global Tech Solutions,Services,3.5,True,EMP8786,Engineering,CC258,1,INV-218414,2025-05-04,876.34,Pending,Bank Transfer,Pending,,0.0
PO347428,Receive Order,2025-05-04 14:00:00,Emily Davis,Buyer,Standard,887.76,USD,Low,Net30,V4568,Global Tech Solutions,Services,3.5,True,EMP8786,Engineering,CC258,1,INV-218414,2025-05-04,876.34,Pending,Bank Transfer,Pending,,0.0
PO347428,Process Order,2025-05-04 14:00:00,Robert Taylor,Buyer,Standard,887.76,USD,Low,Net30,V4568,Global Tech Solutions,Services,3.5,True,EMP8786,Engineering,CC258,1,INV-218414,2025-05-04,876.34,Pending,Bank Transfer,Pending,,0.0
PO347428,Receive Invoice,2025-05-04 14:00:00,ERP System,System,Standard,887.76,USD,Low,Net30,V4568,Global Tech Solutions,Services,3.5,True,EMP8786,Engineering,CC258,1,INV-218414,2025-05-04,876.34,Pending,Bank Transfer,Pending,,0.0
PO347428,Review Invoice,2025-05-04 14:00:00,Susan Clark,Ap Clerk,Standard,887.76,USD,Low,Net30,V4568,Global Tech Solutions,Services,3.5,True,EMP8786,Engineering,CC258,1,INV-218414,2025-05-04,876.34,Pending,Bank Transfer,Pending,,0.0
PO347428,Create Payment,2025-05-04 14:00:00,Michelle Kim,Ap Clerk,Standard,887.76,USD,Low,Net30,V4568,Global Tech Solutions,Services,3.5,True,EMP8786,Engineering,CC258,1,INV-218414,2025-05-04,876.34,Pending,Bank Transfer,Pending,,0.0
PO141406,Place Order,2025-05-04 14:00:00,Maria Garcia,Requester,Standard,4223.15,USD,Low,Net60,V3207,Industrial Materials Co,Materials,4.1,False,EMP8674,IT,CC951,1,INV-362874,2025-05-01,4264.82,Pending,Check,Pending,,0.0
PO141406,Receive Order,2025-05-04 14:00:00,Jennifer Lee,Buyer,Standard,4223.15,USD,Low,Net60,V3207,Industrial Materials Co,Materials,4.1,False,EMP8674,IT,CC951,1,INV-362874,2025-05-01,4264.82,Pending,Check,Pending,,0.0
PO141406,Process Order,2025-05-04 14:00:00,Robert Taylor,Buyer,Standard,4223.15,USD,Low,Net60,V3207,Industrial Materials Co,Materials,4.1,False,EMP8674,IT,CC951,1,INV-362874,2025-05-01,4264.82,Pending,Check,Pending,,0.0
PO141406,Receive Invoice,2025-05-04 14:00:00,Invoice System,System,Standard,4223.15,USD,Low,Net60,V3207,Industrial Materials Co,Materials,4.1,False,EMP8674,IT,CC951,1,INV-362874,2025-05-01,4264.82,Pending,Check,Pending,,0.0
PO141406,Review Invoice,2025-05-04 14:00:00,Michelle Kim,Ap Clerk,Standard,4223.15,USD,Low,Net60,V3207,Industrial Materials Co,Materials,4.1,False,EMP8674,IT,CC951,1,INV-362874,2025-05-01,4264.82,Pending,Check,Pending,,0.0
PO141406,Create Payment,2025-05-04 14:00:00,James White,Ap Clerk,Standard,4223.15,USD,Low,Net60,V3207,Industrial Materials Co,Materials,4.1,False,EMP8674,IT,CC951,1,INV-362874,2025-05-01,4264.82,Pending,Check,Pending,,0.0
PO396882,Place Order,2025-05-04 14:00:00,John Smith,Requester,Standard,685.71,EUR,Low,Net60,V3525,Global Tech Solutions,Equipment,4.9,True,EMP1512,IT,CC597,1,INV-742818,2025-05-01,664.56,Pending,Bank Transfer,Pending,,0.0
PO396882,Receive Order,2025-05-04 14:00:00,Michael Brown,Buyer,Standard,685.71,EUR,Low,Net60,V3525,Global Tech Solutions,Equipment,4.9,True,EMP1512,IT,CC597,1,INV-742818,2025-05-01,664.56,Pending,Bank Transfer,Pending,,0.0
PO396882,Process Order,2025-05-04 14:00:00,Robert Taylor,Buyer,Standard,685.71,EUR,Low,Net60,V3525,Global Tech Solutions,Equipment,4.9,True,EMP1512,IT,CC597,1,INV-742818,2025-05-01,664.56,Pending,Bank Transfer,Pending,,0.0
PO396882,Receive Invoice,2025-05-04 14:00:00,Invoice System,System,Standard,685.71,EUR,Low,Net60,V3525,Global Tech Solutions,Equipment,4.9,True,EMP1512,IT,CC597,1,INV-742818,2025-05-01,664.56,Pending,Bank Transfer,Pending,,0.0
PO396882,Review Invoice,2025-05-04 14:00:00,Paul Martinez,Ap Clerk,Standard,685.71,EUR,Low,Net60,V3525,Global Tech Solutions,Equipment,4.9,True,EMP1512,IT,CC597,1,INV-742818,2025-05-01,664.56,Pending,Bank Transfer,Pending,,0.0
PO396882,Create Payment,2025-05-04 14:00:00,Michelle Kim,Ap Clerk,Standard,685.71,EUR,Low,Net60,V3525,Global Tech Solutions,Equipment,4.9,True,EMP1512,IT,CC597,1,INV-742818,2025-05-01,664.56,Pending,Bank Transfer,Pending,,0.0
PO746901,Place Order,2025-05-04 14:00:00,Lisa Johnson,Requester,Standard,81481.67,USD,Low,Net30,V1955,Industrial Materials Co,Maintenance,3.2,True,EMP9710,HR,CC297,2,INV-963652,2025-05-01,81695.09,Pending,Bank Transfer,Pending,,0.0
PO746901,Receive Order,2025-05-04 14:00:00,Robert Taylor,Buyer,Standard,81481.67,USD,Low,Net30,V1955,Industrial Materials Co,Maintenance,3.2,True,EMP9710,HR,CC297,2,INV-963652,2025-05-01,81695.09,Pending,Bank Transfer,Pending,,0.0
PO746901,Process Order,2025-05-04 14:00:00,Michael Brown,Buyer,Standard,81481.67,USD,Low,Net30,V1955,Industrial Materials Co,Maintenance,3.2,True,EMP9710,HR,CC297,2,INV-963652,2025-05-01,81695.09,Pending,Bank Transfer,Pending,,0.0
PO746901,Receive Invoice,2025-05-04 14:00:00,Payment Gateway,System,Standard,81481.67,USD,Low,Net30,V1955,Industrial Materials Co,Maintenance,3.2,True,EMP9710,HR,CC297,2,INV-963652,2025-05-01,81695.09,Pending,Bank Transfer,Pending,,0.0
PO746901,Review Invoice,2025-05-04 14:00:00,Michelle Kim,Ap Clerk,Standard,81481.67,USD,Low,Net30,V1955,Industrial Materials Co,Maintenance,3.2,True,EMP9710,HR,CC297,2,INV-963652,2025-05-01,81695.09,Pending,Bank Transfer,Pending,,0.0
PO746901,Create Payment,2025-05-04 14:00:00,James White,Ap Clerk,Standard,81481.67,USD,Low,Net30,V1955,Industrial Materials Co,Maintenance,3.2,True,EMP9710,HR,CC297,2,INV-963652,2025-05-01,81695.09,Pending,Bank Transfer,Pending,,0.0
PO489776,Place Order,2025-05-04 14:00:00,David Chen,Requester,Standard,91222.74,EUR,High,Net30,V6319,Industrial Materials Co,Materials,3.4,False,EMP6898,Sales,CC558,2,INV-985893,2025-05-01,95417.38,Pending,Bank Transfer,Pending,,0.0
PO489776,Receive Order,2025-05-04 14:00:00,Emily Davis,Buyer,Standard,91222.74,EUR,High,Net30,V6319,Industrial Materials Co,Materials,3.4,False,EMP6898,Sales,CC558,2,INV-985893,2025-05-01,95417.38,Pending,Bank Transfer,Pending,,0.0
PO489776,Process Order,2025-05-04 14:00:00,Robert Taylor,Buyer,Standard,91222.74,EUR,High,Net30,V6319,Industrial Materials Co,Materials,3.4,False,EMP6898,Sales,CC558,2,INV-985893,2025-05-01,95417.38,Pending,Bank Transfer,Pending,,0.0
PO489776,Receive Invoice,2025-05-04 14:00:00,ERP System,System,Standard,91222.74,EUR,High,Net30,V6319,Industrial Materials Co,Materials,3.4,False,EMP6898,Sales,CC558,2,INV-985893,2025-05-01,95417.38,Pending,Bank Transfer,Pending,,0.0
PO489776,Review Invoice,2025-05-04 14:00:00,Susan Clark,Ap Clerk,Standard,91222.74,EUR,High,Net30,V6319,Industrial Materials Co,Materials,3.4,False,EMP6898,Sales,CC558,2,INV-985893,2025-05-01,95417.38,Pending,Bank Transfer,Pending,,0.0
PO489776,Create Payment,2025-05-04 14:00:00,Paul Martinez,Ap Clerk,Standard,91222.74,EUR,High,Net30,V6319,Industrial Materials Co,Materials,3.4,False,EMP6898,Sales,CC558,2,INV-985893,2025-05-01,95417.38,Pending,Bank Transfer,Pending,,0.0
PO361993,Place Order,2025-05-04 14:00:00,John Smith,Requester,Standard,2245.54,GBP,Low,Net30,V7014,Industrial Materials Co,Materials,4.4,False,EMP3832,Finance,CC806,1,INV-710434,2025-05-01,2291.09,Pending,Credit Card,Pending,,0.0
PO361993,Receive Order,2025-05-04 14:00:00,Robert Taylor,Buyer,Standard,2245.54,GBP,Low,Net30,V7014,Industrial Materials Co,Materials,4.4,False,EMP3832,Finance,CC806,1,INV-710434,2025-05-01,2291.09,Pending,Credit Card,Pending,,0.0
PO361993,Process Order,2025-05-04 14:00:00,Carlos Rodriguez,Buyer,Standard,2245.54,GBP,Low,Net30,V7014,Industrial Materials Co,Materials,4.4,False,EMP3832,Finance,CC806,1,INV-710434,2025-05-01,2291.09,Pending,Credit Card,Pending,,0.0
PO361993,Receive Invoice,2025-05-04 14:00:00,Payment Gateway,System,Standard,2245.54,GBP,Low,Net30,V7014,Industrial Materials Co,Materials,4.4,False,EMP3832,Finance,CC806,1,INV-710434,2025-05-01,2291.09,Pending,Credit Card,Pending,,0.0
PO361993,Review Invoice,2025-05-04 14:00:00,Susan Clark,Ap Clerk,Standard,2245.54,GBP,Low,Net30,V7014,Industrial Materials Co,Materials,4.4,False,EMP3832,Finance,CC806,1,INV-710434,2025-05-01,2291.09,Pending,Credit Card,Pending,,0.0
PO361993,Create Payment,2025-05-04 14:00:00,Paul Martinez,Ap Clerk,Standard,2245.54,GBP,Low,Net30,V7014,Industrial Materials Co,Materials,4.4,False,EMP3832,Finance,CC806,1,INV-710434,2025-05-01,2291.09,Pending,Credit Card,Pending,,0.0
PO692354,Place Order,2025-05-04 14:00:00,Sarah Wilson,Requester,Standard,528.62,USD,Low,Net30,V6231,Digital Solutions Ltd,Maintenance,4.9,True,EMP4638,HR,CC905,1,INV-666157,2025-05-02,523.03,Pending,Bank Transfer,Pending,,0.0
PO692354,Receive Order,2025-05-04 14:00:00,Anna Schmidt,Buyer,Standard,528.62,USD,Low,Net30,V6231,Digital Solutions Ltd,Maintenance,4.9,True,EMP4638,HR,CC905,1,INV-666157,2025-05-02,523.03,Pending,Bank Transfer,Pending,,0.0
PO692354,Process Order,2025-05-04 14:00:00,Robert Taylor,Buyer,Standard,528.62,USD,Low,Net30,V6231,Digital Solutions Ltd,Maintenance,4.9,True,EMP4638,HR,CC905,1,INV-666157,2025-05-02,523.03,Pending,Bank Transfer,Pending,,0.0
PO692354,Receive Invoice,2025-05-04 14:00:00,Invoice System,System,Standard,528.62,USD,Low,Net30,V6231,Digital Solutions Ltd,Maintenance,4.9,True,EMP4638,HR,CC905,1,INV-666157,2025-05-02,523.03,Pending,Bank Transfer,Pending,,0.0
PO692354,Review Invoice,2025-05-04 14:00:00,Paul Martinez,Ap Clerk,Standard,528.62,USD,Low,Net30,V6231,Digital Solutions Ltd,Maintenance,4.9,True,EMP4638,HR,CC905,1,INV-666157,2025-05-02,523.03,Pending,Bank Transfer,Pending,,0.0
PO692354,Create Payment,2025-05-04 14:00:00,Paul Martinez,Ap Clerk,Standard,528.62,USD,Low,Net30,V6231,Digital Solutions Ltd,Maintenance,4.9,True,EMP4638,HR,CC905,1,INV-666157,2025-05-02,523.03,Pending,Bank Transfer,Pending,,0.0
PO804378,Place Order,2025-05-04 14:00:00,John Smith,Requester,Standard,39106.72,USD,Low,Net30,V2467,Material World Inc,Equipment,3.6,False,EMP8245,Marketing,CC551,2,INV-217996,2025-05-03,37326.89,Pending,Credit Card,Pending,,0.0
PO804378,Receive Order,2025-05-04 14:00:00,Emily Davis,Buyer,Standard,39106.72,USD,Low,Net30,V2467,Material World Inc,Equipment,3.6,False,EMP8245,Marketing,CC551,2,INV-217996,2025-05-03,37326.89,Pending,Credit Card,Pending,,0.0
PO804378,Process Order,2025-05-04 14:00:00,Michael Brown,Buyer,Standard,39106.72,USD,Low,Net30,V2467,Material World Inc,Equipment,3.6,False,EMP8245,Marketing,CC551,2,INV-217996,2025-05-03,37326.89,Pending,Credit Card,Pending,,0.0
PO804378,Receive Invoice,2025-05-04 14:00:00,ERP System,System,Standard,39106.72,USD,Low,Net30,V2467,Material World Inc,Equipment,3.6,False,EMP8245,Marketing,CC551,2,INV-217996,2025-05-03,37326.89,Pending,Credit Card,Pending,,0.0
PO804378,Review Invoice,2025-05-04 14:00:00,Paul Martinez,Ap Clerk,Standard,39106.72,USD,Low,Net30,V2467,Material World Inc,Equipment,3.6,False,EMP8245,Marketing,CC551,2,INV-217996,2025-05-03,37326.89,Pending,Credit Card,Pending,,0.0
PO804378,Create Payment,2025-05-04 14:00:00,Susan Clark,Ap Clerk,Standard,39106.72,USD,Low,Net30,V2467,Material World Inc,Equipment,3.6,False,EMP8245,Marketing,CC551,2,INV-217996,2025-05-03,37326.89,Pending,Credit Card,Pending,,0.0
PO753306,Place Order,2025-05-04 14:00:00,Tom Anderson,Requester,Express,7752.45,USD,Medium,Net30,V9991,Service Specialists,Maintenance,4.1,False,EMP3790,Operations,CC305,1,INV-606489,2025-05-04,7976.64,Pending,Credit Card,Pending,,0.0
PO753306,Receive Order,2025-05-04 14:00:00,Carlos Rodriguez,Buyer,Express,7752.45,USD,Medium,Net30,V9991,Service Specialists,Maintenance,4.1,False,EMP3790,Operations,CC305,1,INV-606489,2025-05-04,7976.64,Pending,Credit Card,Pending,,0.0
PO753306,Process Order,2025-05-04 14:00:00,Robert Taylor,Buyer,Express,7752.45,USD,Medium,Net30,V9991,Service Specialists,Maintenance,4.1,False,EMP3790,Operations,CC305,1,INV-606489,2025-05-04,7976.64,Pending,Credit Card,Pending,,0.0
PO753306,Receive Invoice,2025-05-04 14:00:00,Invoice System,System,Express,7752.45,USD,Medium,Net30,V9991,Service Specialists,Maintenance,4.1,False,EMP3790,Operations,CC305,1,INV-606489,2025-05-04,7976.64,Pending,Credit Card,Pending,,0.0
PO753306,Review Invoice,2025-05-04 14:00:00,Paul Martinez,Ap Clerk,Express,7752.45,USD,Medium,Net30,V9991,Service Specialists,Maintenance,4.1,False,EMP3790,Operations,CC305,1,INV-606489,2025-05-04,7976.64,Pending,Credit Card,Pending,,0.0
PO753306,Make Billing Inquiry,2025-05-04 14:00:00,Paul Martinez,Ap Clerk,Express,7752.45,USD,Medium,Net30,V9991,Service Specialists,Maintenance,4.1,False,EMP3790,Operations,CC305,1,INV-606489,2025-05-04,7976.64,Pending,Credit Card,Pending,,0.0
PO295472,Place Order,2025-05-04 14:00:00,Tom Anderson,Requester,Standard,53619.11,JPY,Medium,Net15,V9709,Acme Supplies Inc,Equipment,4.1,False,EMP9027,HR,CC260,2,INV-192296,2025-05-04,51036.66,Pending,Credit Card,Pending,,0.0
PO295472,Receive Order,2025-05-04 14:00:00,Jennifer Lee,Buyer,Standard,53619.11,JPY,Medium,Net15,V9709,Acme Supplies Inc,Equipment,4.1,False,EMP9027,HR,CC260,2,INV-192296,2025-05-04,51036.66,Pending,Credit Card,Pending,,0.0
PO295472,Process Order,2025-05-04 14:00:00,Michael Brown,Buyer,Standard,53619.11,JPY,Medium,Net15,V9709,Acme Supplies Inc,Equipment,4.1,False,EMP9027,HR,CC260,2,INV-192296,2025-05-04,51036.66,Pending,Credit Card,Pending,,0.0
PO295472,Receive Invoice,2025-05-04 14:00:00,Payment Gateway,System,Standard,53619.11,JPY,Medium,Net15,V9709,Acme Supplies Inc,Equipment,4.1,False,EMP9027,HR,CC260,2,INV-192296,2025-05-04,51036.66,Pending,Credit Card,Pending,,0.0
PO295472,Review Invoice,2025-05-04 14:00:00,Paul Martinez,Ap Clerk,Standard,53619.11,JPY,Medium,Net15,V9709,Acme Supplies Inc,Equipment,4.1,False,EMP9027,HR,CC260,2,INV-192296,2025-05-04,51036.66,Pending,Credit Card,Pending,,0.0
PO295472,Make Billing Inquiry,2025-05-04 14:00:00,Michelle Kim,Ap Clerk,Standard,53619.11,JPY,Medium,Net15,V9709,Acme Supplies Inc,Equipment,4.1,False,EMP9027,HR,CC260,2,INV-192296,2025-05-04,51036.66,Pending,Credit Card,Pending,,0.0
PO352036,Place Order,2025-05-04 14:00:00,David Chen,Requester,Standard,56864.09,USD,Medium,Net60,V4726,Software Innovators,Services,3.4,True,EMP9869,Engineering,CC307,2,INV-537605,2025-05-02,58925.91,Pending,Bank Transfer,Pending,,0.0
PO352036,Receive Order,2025-05-04 14:00:00,Michael Brown,Buyer,Standard,56864.09,USD,Medium,Net60,V4726,Software Innovators,Services,3.4,True,EMP9869,Engineering,CC307,2,INV-537605,2025-05-02,58925.91,Pending,Bank Transfer,Pending,,0.0
PO352036,Process Order,2025-05-04 14:00:00,Robert Taylor,Buyer,Standard,56864.09,USD,Medium,Net60,V4726,Software Innovators,Services,3.4,True,EMP9869,Engineering,CC307,2,INV-537605,2025-05-02,58925.91,Pending,Bank Transfer,Pending,,0.0
PO352036,Receive Invoice,2025-05-04 14:00:00,Invoice System,System,Standard,56864.09,USD,Medium,Net60,V4726,Software Innovators,Services,3.4,True,EMP9869,Engineering,CC307,2,INV-537605,2025-05-02,58925.91,Pending,Bank Transfer,Pending,,0.0
PO352036,Review Invoice,2025-05-04 14:00:00,Susan Clark,Ap Clerk,Standard,56864.09,USD,Medium,Net60,V4726,Software Innovators,Services,3.4,True,EMP9869,Engineering,CC307,2,INV-537605,2025-05-02,58925.91,Pending,Bank Transfer,Pending,,0.0
PO352036,Make Billing Inquiry,2025-05-04 14:00:00,Paul Martinez,Ap Clerk,Standard,56864.09,USD,Medium,Net60,V4726,Software Innovators,Services,3.4,True,EMP9869,Engineering,CC307,2,INV-537605,2025-05-02,58925.91,Pending,Bank Transfer,Pending,,0.0
PO564523,Place Order,2025-05-04 14:00:00,David Chen,Requester,Express,47263.2,GBP,Medium,Net15,V7737,Premier Equipment Ltd,Software,3.2,True,EMP1429,Facilities,CC726,2,INV-418083,2025-05-04,47815.93,Pending,Credit Card,Pending,,0.0
PO564523,Receive Order,2025-05-04 14:00:00,Robert Taylor,Buyer,Express,47263.2,GBP,Medium,Net15,V7737,Premier Equipment Ltd,Software,3.2,True,EMP1429,Facilities,CC726,2,INV-418083,2025-05-04,47815.93,Pending,Credit Card,Pending,,0.0
PO564523,Process Order,2025-05-04 14:00:00,Emily Davis,Buyer,Express,47263.2,GBP,Medium,Net15,V7737,Premier Equipment Ltd,Software,3.2,True,EMP1429,Facilities,CC726,2,INV-418083,2025-05-04,47815.93,Pending,Credit Card,Pending,,0.0
PO564523,Receive Invoice,2025-05-04 14:00:00,ERP System,System,Express,47263.2,GBP,Medium,Net15,V7737,Premier Equipment Ltd,Software,3.2,True,EMP1429,Facilities,CC726,2,INV-418083,2025-05-04,47815.93,Pending,Credit Card,Pending,,0.0
PO564523,Review Invoice,2025-05-04 14:00:00,Paul Martinez,Ap Clerk,Express,47263.2,GBP,Medium,Net15,V7737,Premier Equipment Ltd,Software,3.2,True,EMP1429,Facilities,CC726,2,INV-418083,2025-05-04,47815.93,Pending,Credit Card,Pending,,0.0
PO564523,Make Billing Inquiry,2025-05-04 14:00:00,Paul Martinez,Ap Clerk,Express,47263.2,GBP,Medium,Net15,V7737,Premier Equipment Ltd,Software,3.2,True,EMP1429,Facilities,CC726,2,INV-418083,2025-05-04,47815.93,Pending,Credit Card,Pending,,0.0
PO333365,Place Order,2025-05-04 14:00:00,Tom Anderson,Requester,Express,9718.37,JPY,Medium,Net30,V5421,Software Innovators,Software,4.0,False,EMP8496,Facilities,CC537,1,INV-533108,2025-05-04,9625.92,Pending,Bank Transfer,Pending,,0.0
PO333365,Receive Order,2025-05-04 14:00:00,Jennifer Lee,Buyer,Express,9718.37,JPY,Medium,Net30,V5421,Software Innovators,Software,4.0,False,EMP8496,Facilities,CC537,1,INV-533108,2025-05-04,9625.92,Pending,Bank Transfer,Pending,,0.0
PO333365,Process Order,2025-05-04 14:00:00,Carlos Rodriguez,Buyer,Express,9718.37,JPY,Medium,Net30,V5421,Software Innovators,Software,4.0,False,EMP8496,Facilities,CC537,1,INV-533108,2025-05-04,9625.92,Pending,Bank Transfer,Pending,,0.0
PO333365,Receive Invoice,2025-05-04 14:00:00,Invoice System,System,Express,9718.37,JPY,Medium,Net30,V5421,Software Innovators,Software,4.0,False,EMP8496,Facilities,CC537,1,INV-533108,2025-05-04,9625.92,Pending,Bank Transfer,Pending,,0.0
PO333365,Review Invoice,2025-05-04 14:00:00,Michelle Kim,Ap Clerk,Express,9718.37,JPY,Medium,Net30,V5421,Software Innovators,Software,4.0,False,EMP8496,Facilities,CC537,1,INV-533108,2025-05-04,9625.92,Pending,Bank Transfer,Pending,,0.0
PO333365,Make Billing Inquiry,2025-05-04 14:00:00,Michelle Kim,Ap Clerk,Express,9718.37,JPY,Medium,Net30,V5421,Software Innovators,Software,4.0,False,EMP8496,Facilities,CC537,1,INV-533108,2025-05-04,9625.92,Pending,Bank Transfer,Pending,,0.0
PO405323,Place Order,2025-05-04 14:00:00,David Chen,Requester,Standard,5644.62,GBP,Medium,Net30,V1807,Premier Equipment Ltd,Services,4.2,True,EMP9470,Sales,CC574,1,INV-299072,2025-05-04,5830.83,Pending,Bank Transfer,Pending,,0.0
PO405323,Receive Order,2025-05-04 14:00:00,Robert Taylor,Buyer,Standard,5644.62,GBP,Medium,Net30,V1807,Premier Equipment Ltd,Services,4.2,True,EMP9470,Sales,CC574,1,INV-299072,2025-05-04,5830.83,Pending,Bank Transfer,Pending,,0.0
PO405323,Process Order,2025-05-04 14:00:00,Jennifer Lee,Buyer,Standard,5644.62,GBP,Medium,Net30,V1807,Premier Equipment Ltd,Services,4.2,True,EMP9470,Sales,CC574,1,INV-299072,2025-05-04,5830.83,Pending,Bank Transfer,Pending,,0.0
PO405323,Receive Invoice,2025-05-04 14:00:00,ERP System,System,Standard,5644.62,GBP,Medium,Net30,V1807,Premier Equipment Ltd,Services,4.2,True,EMP9470,Sales,CC574,1,INV-299072,2025-05-04,5830.83,Pending,Bank Transfer,Pending,,0.0
PO405323,Review Invoice,2025-05-04 14:00:00,James White,Ap Clerk,Standard,5644.62,GBP,Medium,Net30,V1807,Premier Equipment Ltd,Services,4.2,True,EMP9470,Sales,CC574,1,INV-299072,2025-05-04,5830.83,Pending,Bank Transfer,Pending,,0.0
PO405323,Make Billing Inquiry,2025-05-04 14:00:00,Michelle Kim,Ap Clerk,Standard,5644.62,GBP,Medium,Net30,V1807,Premier Equipment Ltd,Services,4.2,True,EMP9470,Sales,CC574,1,INV-299072,2025-05-04,5830.83,Pending,Bank Transfer,Pending,,0.0
